2026-05-01 02:09:14 [INFO] garden_cron: Garden cronjob starting — interval: every 10 second(s)
/Users/ritika/Library/Python/3.9/lib/python/site-packages/urllib3/__init__.py:35: NotOpenSSLWarning: urllib3 v2 only supports OpenSSL 1.1.1+, currently the 'ssl' module is compiled with 'LibreSSL 2.8.3'. See: https://github.com/urllib3/urllib3/issues/3020
  warnings.warn(
/Users/ritika/Library/Python/3.9/lib/python/site-packages/google/auth/__init__.py:54: FutureWarning: You are using a Python version 3.9 past its end of life. Google will update google-auth with critical bug fixes on a best-effort basis, but not with any other fixes or features. Please upgrade your Python version, and then update google-auth.
  warnings.warn(eol_message.format("3.9"), FutureWarning)
/Users/ritika/Library/Python/3.9/lib/python/site-packages/google/oauth2/__init__.py:40: FutureWarning: You are using a Python version 3.9 past its end of life. Google will update google-auth with critical bug fixes on a best-effort basis, but not with any other fixes or features. Please upgrade your Python version, and then update google-auth.
  warnings.warn(eol_message.format("3.9"), FutureWarning)
/Users/ritika/Library/Python/3.9/lib/python/site-packages/google/api_core/_python_version_support.py:242: FutureWarning: You are using a non-supported Python version (3.9.6). Google will not post any further updates to google.api_core supporting this Python version. Please upgrade to the latest Python version, or at least Python 3.10, and then update google.api_core.
  warnings.warn(message, FutureWarning)
/Users/ritika/Garden/services/gemini.py:3: FutureWarning: 

All support for the `google.generativeai` package has ended. It will no longer be receiving 
updates or bug fixes. Please switch to the `google.genai` package as soon as possible.
See README for more details:

https://github.com/google-gemini/deprecated-generative-ai-python/blob/main/README.md

  import google.generativeai as genai
2026-05-01 02:09:14 [INFO] garden_cron: [2026-05-01 02:09:14] Cronjob triggered
2026-05-01 02:09:14 [INFO] services.garden_processor: No garden updates with status='Ready to Process' found.
2026-05-01 02:09:14 [INFO] garden_cron: Cronjob complete — 0 garden(s) processed.
2026-05-01 02:09:14 [INFO] apscheduler.scheduler: Adding job tentatively -- it will be properly scheduled when the scheduler starts
2026-05-01 02:09:14 [INFO] garden_cron: Scheduler started. Press Ctrl+C to stop.
2026-05-01 02:09:14 [INFO] apscheduler.scheduler: Added job "Garden AI Processing" to job store "default"
2026-05-01 02:09:14 [INFO] apscheduler.scheduler: Scheduler started
2026-05-01 02:09:24 [INFO] apscheduler.executors.default: Running job "Garden AI Processing (trigger: interval[0:00:10], next run at: 2026-04-30 20:39:34 UTC)" (scheduled at 2026-04-30 20:39:24.723931+00:00)
2026-05-01 02:09:24 [INFO] garden_cron: [2026-05-01 02:09:24] Cronjob triggered
2026-05-01 02:09:24 [INFO] services.garden_processor: No garden updates with status='Ready to Process' found.
2026-05-01 02:09:24 [INFO] garden_cron: Cronjob complete — 0 garden(s) processed.
2026-05-01 02:09:24 [INFO] apscheduler.executors.default: Job "Garden AI Processing (trigger: interval[0:00:10], next run at: 2026-04-30 20:39:34 UTC)" executed successfully
2026-05-01 02:09:34 [INFO] apscheduler.executors.default: Running job "Garden AI Processing (trigger: interval[0:00:10], next run at: 2026-04-30 20:39:44 UTC)" (scheduled at 2026-04-30 20:39:34.723931+00:00)
2026-05-01 02:09:34 [INFO] garden_cron: [2026-05-01 02:09:34] Cronjob triggered
2026-05-01 02:09:34 [INFO] services.garden_processor: No garden updates with status='Ready to Process' found.
2026-05-01 02:09:34 [INFO] garden_cron: Cronjob complete — 0 garden(s) processed.
2026-05-01 02:09:34 [INFO] apscheduler.executors.default: Job "Garden AI Processing (trigger: interval[0:00:10], next run at: 2026-04-30 20:39:44 UTC)" executed successfully
2026-05-01 02:09:44 [INFO] apscheduler.executors.default: Running job "Garden AI Processing (trigger: interval[0:00:10], next run at: 2026-04-30 20:39:54 UTC)" (scheduled at 2026-04-30 20:39:44.723931+00:00)
2026-05-01 02:09:44 [INFO] garden_cron: [2026-05-01 02:09:44] Cronjob triggered
2026-05-01 02:09:44 [INFO] services.garden_processor: No garden updates with status='Ready to Process' found.
2026-05-01 02:09:44 [INFO] garden_cron: Cronjob complete — 0 garden(s) processed.
2026-05-01 02:09:44 [INFO] apscheduler.executors.default: Job "Garden AI Processing (trigger: interval[0:00:10], next run at: 2026-04-30 20:39:54 UTC)" executed successfully
2026-05-01 02:09:54 [INFO] apscheduler.executors.default: Running job "Garden AI Processing (trigger: interval[0:00:10], next run at: 2026-04-30 20:40:04 UTC)" (scheduled at 2026-04-30 20:39:54.723931+00:00)
2026-05-01 02:09:54 [INFO] garden_cron: [2026-05-01 02:09:54] Cronjob triggered
2026-05-01 02:09:54 [INFO] services.garden_processor: No garden updates with status='Ready to Process' found.
2026-05-01 02:09:54 [INFO] garden_cron: Cronjob complete — 0 garden(s) processed.
2026-05-01 02:09:54 [INFO] apscheduler.executors.default: Job "Garden AI Processing (trigger: interval[0:00:10], next run at: 2026-04-30 20:40:04 UTC)" executed successfully
2026-05-01 02:10:04 [INFO] apscheduler.executors.default: Running job "Garden AI Processing (trigger: interval[0:00:10], next run at: 2026-04-30 20:40:14 UTC)" (scheduled at 2026-04-30 20:40:04.723931+00:00)
2026-05-01 02:10:04 [INFO] garden_cron: [2026-05-01 02:10:04] Cronjob triggered
2026-05-01 02:10:04 [INFO] services.garden_processor: No garden updates with status='Ready to Process' found.
2026-05-01 02:10:04 [INFO] garden_cron: Cronjob complete — 0 garden(s) processed.
2026-05-01 02:10:04 [INFO] apscheduler.executors.default: Job "Garden AI Processing (trigger: interval[0:00:10], next run at: 2026-04-30 20:40:14 UTC)" executed successfully
2026-05-01 02:10:14 [INFO] apscheduler.executors.default: Running job "Garden AI Processing (trigger: interval[0:00:10], next run at: 2026-04-30 20:40:24 UTC)" (scheduled at 2026-04-30 20:40:14.723931+00:00)
2026-05-01 02:10:14 [INFO] garden_cron: [2026-05-01 02:10:14] Cronjob triggered
2026-05-01 02:10:14 [INFO] services.garden_processor: No garden updates with status='Ready to Process' found.
2026-05-01 02:10:14 [INFO] garden_cron: Cronjob complete — 0 garden(s) processed.
2026-05-01 02:10:14 [INFO] apscheduler.executors.default: Job "Garden AI Processing (trigger: interval[0:00:10], next run at: 2026-04-30 20:40:24 UTC)" executed successfully
2026-05-01 02:10:24 [INFO] apscheduler.executors.default: Running job "Garden AI Processing (trigger: interval[0:00:10], next run at: 2026-04-30 20:40:34 UTC)" (scheduled at 2026-04-30 20:40:24.723931+00:00)
2026-05-01 02:10:24 [INFO] garden_cron: [2026-05-01 02:10:24] Cronjob triggered
2026-05-01 02:10:24 [INFO] services.garden_processor: Found 1 update(s) to process. Starting execution...
2026-05-01 02:10:24 [INFO] services.garden_processor: --- Processing update 5 for garden 1003 ---
2026-05-01 02:10:24 [INFO] services.garden_processor: Update 5 (Garden 1003) → Processing Garden
2026-05-01 02:10:24 [WARNING] services.garden_processor: Garden update 5 has no photos. Skipping.
2026-05-01 02:10:24 [INFO] services.garden_processor: Update 5 (Garden 1003) → Ready
2026-05-01 02:10:24 [INFO] garden_cron: Cronjob complete — 1 garden(s) processed.
2026-05-01 02:10:24 [INFO] apscheduler.executors.default: Job "Garden AI Processing (trigger: interval[0:00:10], next run at: 2026-04-30 20:40:34 UTC)" executed successfully
2026-05-01 02:10:34 [INFO] apscheduler.executors.default: Running job "Garden AI Processing (trigger: interval[0:00:10], next run at: 2026-04-30 20:40:44 UTC)" (scheduled at 2026-04-30 20:40:34.723931+00:00)
2026-05-01 02:10:34 [INFO] garden_cron: [2026-05-01 02:10:34] Cronjob triggered
2026-05-01 02:10:34 [INFO] services.garden_processor: No garden updates with status='Ready to Process' found.
2026-05-01 02:10:34 [INFO] garden_cron: Cronjob complete — 0 garden(s) processed.
2026-05-01 02:10:34 [INFO] apscheduler.executors.default: Job "Garden AI Processing (trigger: interval[0:00:10], next run at: 2026-04-30 20:40:44 UTC)" executed successfully
2026-05-01 02:10:44 [INFO] apscheduler.executors.default: Running job "Garden AI Processing (trigger: interval[0:00:10], next run at: 2026-04-30 20:40:54 UTC)" (scheduled at 2026-04-30 20:40:44.723931+00:00)
2026-05-01 02:10:44 [INFO] garden_cron: [2026-05-01 02:10:44] Cronjob triggered
2026-05-01 02:10:44 [INFO] services.garden_processor: No garden updates with status='Ready to Process' found.
2026-05-01 02:10:44 [INFO] garden_cron: Cronjob complete — 0 garden(s) processed.
2026-05-01 02:10:44 [INFO] apscheduler.executors.default: Job "Garden AI Processing (trigger: interval[0:00:10], next run at: 2026-04-30 20:40:54 UTC)" executed successfully
2026-05-01 02:10:54 [INFO] apscheduler.executors.default: Running job "Garden AI Processing (trigger: interval[0:00:10], next run at: 2026-04-30 20:41:04 UTC)" (scheduled at 2026-04-30 20:40:54.723931+00:00)
2026-05-01 02:10:54 [INFO] garden_cron: [2026-05-01 02:10:54] Cronjob triggered
2026-05-01 02:10:54 [INFO] services.garden_processor: No garden updates with status='Ready to Process' found.
2026-05-01 02:10:54 [INFO] garden_cron: Cronjob complete — 0 garden(s) processed.
2026-05-01 02:10:54 [INFO] apscheduler.executors.default: Job "Garden AI Processing (trigger: interval[0:00:10], next run at: 2026-04-30 20:41:04 UTC)" executed successfully
2026-05-01 02:11:04 [INFO] apscheduler.executors.default: Running job "Garden AI Processing (trigger: interval[0:00:10], next run at: 2026-04-30 20:41:14 UTC)" (scheduled at 2026-04-30 20:41:04.723931+00:00)
2026-05-01 02:11:04 [INFO] garden_cron: [2026-05-01 02:11:04] Cronjob triggered
2026-05-01 02:11:04 [INFO] services.garden_processor: No garden updates with status='Ready to Process' found.
2026-05-01 02:11:04 [INFO] garden_cron: Cronjob complete — 0 garden(s) processed.
2026-05-01 02:11:04 [INFO] apscheduler.executors.default: Job "Garden AI Processing (trigger: interval[0:00:10], next run at: 2026-04-30 20:41:14 UTC)" executed successfully
2026-05-01 02:11:14 [INFO] apscheduler.executors.default: Running job "Garden AI Processing (trigger: interval[0:00:10], next run at: 2026-04-30 20:41:24 UTC)" (scheduled at 2026-04-30 20:41:14.723931+00:00)
2026-05-01 02:11:14 [INFO] garden_cron: [2026-05-01 02:11:14] Cronjob triggered
2026-05-01 02:11:14 [INFO] services.garden_processor: No garden updates with status='Ready to Process' found.
2026-05-01 02:11:14 [INFO] garden_cron: Cronjob complete — 0 garden(s) processed.
2026-05-01 02:11:14 [INFO] apscheduler.executors.default: Job "Garden AI Processing (trigger: interval[0:00:10], next run at: 2026-04-30 20:41:24 UTC)" executed successfully
2026-05-01 02:11:24 [INFO] apscheduler.executors.default: Running job "Garden AI Processing (trigger: interval[0:00:10], next run at: 2026-04-30 20:41:34 UTC)" (scheduled at 2026-04-30 20:41:24.723931+00:00)
2026-05-01 02:11:24 [INFO] garden_cron: [2026-05-01 02:11:24] Cronjob triggered
2026-05-01 02:11:24 [INFO] services.garden_processor: No garden updates with status='Ready to Process' found.
2026-05-01 02:11:24 [INFO] garden_cron: Cronjob complete — 0 garden(s) processed.
2026-05-01 02:11:24 [INFO] apscheduler.executors.default: Job "Garden AI Processing (trigger: interval[0:00:10], next run at: 2026-04-30 20:41:34 UTC)" executed successfully
2026-05-01 02:11:34 [INFO] apscheduler.executors.default: Running job "Garden AI Processing (trigger: interval[0:00:10], next run at: 2026-04-30 20:41:44 UTC)" (scheduled at 2026-04-30 20:41:34.723931+00:00)
2026-05-01 02:11:34 [INFO] garden_cron: [2026-05-01 02:11:34] Cronjob triggered
2026-05-01 02:11:34 [INFO] services.garden_processor: No garden updates with status='Ready to Process' found.
2026-05-01 02:11:34 [INFO] garden_cron: Cronjob complete — 0 garden(s) processed.
2026-05-01 02:11:34 [INFO] apscheduler.executors.default: Job "Garden AI Processing (trigger: interval[0:00:10], next run at: 2026-04-30 20:41:44 UTC)" executed successfully
2026-05-01 02:11:44 [INFO] apscheduler.executors.default: Running job "Garden AI Processing (trigger: interval[0:00:10], next run at: 2026-04-30 20:41:54 UTC)" (scheduled at 2026-04-30 20:41:44.723931+00:00)
2026-05-01 02:11:44 [INFO] garden_cron: [2026-05-01 02:11:44] Cronjob triggered
2026-05-01 02:11:44 [INFO] services.garden_processor: No garden updates with status='Ready to Process' found.
2026-05-01 02:11:44 [INFO] garden_cron: Cronjob complete — 0 garden(s) processed.
2026-05-01 02:11:44 [INFO] apscheduler.executors.default: Job "Garden AI Processing (trigger: interval[0:00:10], next run at: 2026-04-30 20:41:54 UTC)" executed successfully
2026-05-01 02:11:54 [INFO] apscheduler.executors.default: Running job "Garden AI Processing (trigger: interval[0:00:10], next run at: 2026-04-30 20:42:04 UTC)" (scheduled at 2026-04-30 20:41:54.723931+00:00)
2026-05-01 02:11:54 [INFO] garden_cron: [2026-05-01 02:11:54] Cronjob triggered
2026-05-01 02:11:54 [INFO] services.garden_processor: No garden updates with status='Ready to Process' found.
2026-05-01 02:11:54 [INFO] garden_cron: Cronjob complete — 0 garden(s) processed.
2026-05-01 02:11:54 [INFO] apscheduler.executors.default: Job "Garden AI Processing (trigger: interval[0:00:10], next run at: 2026-04-30 20:42:04 UTC)" executed successfully
2026-05-01 02:12:04 [INFO] apscheduler.executors.default: Running job "Garden AI Processing (trigger: interval[0:00:10], next run at: 2026-04-30 20:42:14 UTC)" (scheduled at 2026-04-30 20:42:04.723931+00:00)
2026-05-01 02:12:04 [INFO] garden_cron: [2026-05-01 02:12:04] Cronjob triggered
2026-05-01 02:12:04 [INFO] services.garden_processor: No garden updates with status='Ready to Process' found.
2026-05-01 02:12:04 [INFO] garden_cron: Cronjob complete — 0 garden(s) processed.
2026-05-01 02:12:04 [INFO] apscheduler.executors.default: Job "Garden AI Processing (trigger: interval[0:00:10], next run at: 2026-04-30 20:42:14 UTC)" executed successfully
2026-05-01 02:12:14 [INFO] apscheduler.executors.default: Running job "Garden AI Processing (trigger: interval[0:00:10], next run at: 2026-04-30 20:42:24 UTC)" (scheduled at 2026-04-30 20:42:14.723931+00:00)
2026-05-01 02:12:14 [INFO] garden_cron: [2026-05-01 02:12:14] Cronjob triggered
2026-05-01 02:12:14 [INFO] services.garden_processor: No garden updates with status='Ready to Process' found.
2026-05-01 02:12:14 [INFO] garden_cron: Cronjob complete — 0 garden(s) processed.
2026-05-01 02:12:14 [INFO] apscheduler.executors.default: Job "Garden AI Processing (trigger: interval[0:00:10], next run at: 2026-04-30 20:42:24 UTC)" executed successfully
2026-05-01 02:12:24 [INFO] apscheduler.executors.default: Running job "Garden AI Processing (trigger: interval[0:00:10], next run at: 2026-04-30 20:42:34 UTC)" (scheduled at 2026-04-30 20:42:24.723931+00:00)
2026-05-01 02:12:24 [INFO] garden_cron: [2026-05-01 02:12:24] Cronjob triggered
2026-05-01 02:12:24 [INFO] services.garden_processor: No garden updates with status='Ready to Process' found.
2026-05-01 02:12:24 [INFO] garden_cron: Cronjob complete — 0 garden(s) processed.
2026-05-01 02:12:24 [INFO] apscheduler.executors.default: Job "Garden AI Processing (trigger: interval[0:00:10], next run at: 2026-04-30 20:42:34 UTC)" executed successfully
2026-05-01 02:12:34 [INFO] apscheduler.executors.default: Running job "Garden AI Processing (trigger: interval[0:00:10], next run at: 2026-04-30 20:42:44 UTC)" (scheduled at 2026-04-30 20:42:34.723931+00:00)
2026-05-01 02:12:34 [INFO] garden_cron: [2026-05-01 02:12:34] Cronjob triggered
2026-05-01 02:12:34 [INFO] services.garden_processor: No garden updates with status='Ready to Process' found.
2026-05-01 02:12:34 [INFO] garden_cron: Cronjob complete — 0 garden(s) processed.
2026-05-01 02:12:34 [INFO] apscheduler.executors.default: Job "Garden AI Processing (trigger: interval[0:00:10], next run at: 2026-04-30 20:42:44 UTC)" executed successfully
2026-05-01 02:12:44 [INFO] apscheduler.executors.default: Running job "Garden AI Processing (trigger: interval[0:00:10], next run at: 2026-04-30 20:42:54 UTC)" (scheduled at 2026-04-30 20:42:44.723931+00:00)
2026-05-01 02:12:44 [INFO] garden_cron: [2026-05-01 02:12:44] Cronjob triggered
2026-05-01 02:12:44 [INFO] services.garden_processor: No garden updates with status='Ready to Process' found.
2026-05-01 02:12:44 [INFO] garden_cron: Cronjob complete — 0 garden(s) processed.
2026-05-01 02:12:44 [INFO] apscheduler.executors.default: Job "Garden AI Processing (trigger: interval[0:00:10], next run at: 2026-04-30 20:42:54 UTC)" executed successfully
2026-05-01 02:12:54 [INFO] apscheduler.executors.default: Running job "Garden AI Processing (trigger: interval[0:00:10], next run at: 2026-04-30 20:43:04 UTC)" (scheduled at 2026-04-30 20:42:54.723931+00:00)
2026-05-01 02:12:54 [INFO] garden_cron: [2026-05-01 02:12:54] Cronjob triggered
2026-05-01 02:12:54 [INFO] services.garden_processor: No garden updates with status='Ready to Process' found.
2026-05-01 02:12:54 [INFO] garden_cron: Cronjob complete — 0 garden(s) processed.
2026-05-01 02:12:54 [INFO] apscheduler.executors.default: Job "Garden AI Processing (trigger: interval[0:00:10], next run at: 2026-04-30 20:43:04 UTC)" executed successfully
2026-05-01 02:13:04 [INFO] apscheduler.executors.default: Running job "Garden AI Processing (trigger: interval[0:00:10], next run at: 2026-04-30 20:43:14 UTC)" (scheduled at 2026-04-30 20:43:04.723931+00:00)
2026-05-01 02:13:04 [INFO] garden_cron: [2026-05-01 02:13:04] Cronjob triggered
2026-05-01 02:13:04 [INFO] services.garden_processor: No garden updates with status='Ready to Process' found.
2026-05-01 02:13:04 [INFO] garden_cron: Cronjob complete — 0 garden(s) processed.
2026-05-01 02:13:04 [INFO] apscheduler.executors.default: Job "Garden AI Processing (trigger: interval[0:00:10], next run at: 2026-04-30 20:43:14 UTC)" executed successfully
2026-05-01 02:13:14 [INFO] apscheduler.executors.default: Running job "Garden AI Processing (trigger: interval[0:00:10], next run at: 2026-04-30 20:43:24 UTC)" (scheduled at 2026-04-30 20:43:14.723931+00:00)
2026-05-01 02:13:14 [INFO] garden_cron: [2026-05-01 02:13:14] Cronjob triggered
2026-05-01 02:13:14 [INFO] services.garden_processor: No garden updates with status='Ready to Process' found.
2026-05-01 02:13:14 [INFO] garden_cron: Cronjob complete — 0 garden(s) processed.
2026-05-01 02:13:14 [INFO] apscheduler.executors.default: Job "Garden AI Processing (trigger: interval[0:00:10], next run at: 2026-04-30 20:43:24 UTC)" executed successfully
2026-05-01 02:13:24 [INFO] apscheduler.executors.default: Running job "Garden AI Processing (trigger: interval[0:00:10], next run at: 2026-04-30 20:43:34 UTC)" (scheduled at 2026-04-30 20:43:24.723931+00:00)
2026-05-01 02:13:24 [INFO] garden_cron: [2026-05-01 02:13:24] Cronjob triggered
2026-05-01 02:13:24 [INFO] services.garden_processor: No garden updates with status='Ready to Process' found.
2026-05-01 02:13:24 [INFO] garden_cron: Cronjob complete — 0 garden(s) processed.
2026-05-01 02:13:24 [INFO] apscheduler.executors.default: Job "Garden AI Processing (trigger: interval[0:00:10], next run at: 2026-04-30 20:43:34 UTC)" executed successfully
2026-05-01 02:13:34 [INFO] apscheduler.executors.default: Running job "Garden AI Processing (trigger: interval[0:00:10], next run at: 2026-04-30 20:43:44 UTC)" (scheduled at 2026-04-30 20:43:34.723931+00:00)
2026-05-01 02:13:34 [INFO] garden_cron: [2026-05-01 02:13:34] Cronjob triggered
2026-05-01 02:13:34 [INFO] services.garden_processor: No garden updates with status='Ready to Process' found.
2026-05-01 02:13:34 [INFO] garden_cron: Cronjob complete — 0 garden(s) processed.
2026-05-01 02:13:34 [INFO] apscheduler.executors.default: Job "Garden AI Processing (trigger: interval[0:00:10], next run at: 2026-04-30 20:43:44 UTC)" executed successfully
2026-05-01 02:13:44 [INFO] apscheduler.executors.default: Running job "Garden AI Processing (trigger: interval[0:00:10], next run at: 2026-04-30 20:43:54 UTC)" (scheduled at 2026-04-30 20:43:44.723931+00:00)
2026-05-01 02:13:44 [INFO] garden_cron: [2026-05-01 02:13:44] Cronjob triggered
2026-05-01 02:13:44 [INFO] services.garden_processor: No garden updates with status='Ready to Process' found.
2026-05-01 02:13:44 [INFO] garden_cron: Cronjob complete — 0 garden(s) processed.
2026-05-01 02:13:44 [INFO] apscheduler.executors.default: Job "Garden AI Processing (trigger: interval[0:00:10], next run at: 2026-04-30 20:43:54 UTC)" executed successfully
2026-05-01 02:13:54 [INFO] apscheduler.executors.default: Running job "Garden AI Processing (trigger: interval[0:00:10], next run at: 2026-04-30 20:44:04 UTC)" (scheduled at 2026-04-30 20:43:54.723931+00:00)
2026-05-01 02:13:54 [INFO] garden_cron: [2026-05-01 02:13:54] Cronjob triggered
2026-05-01 02:13:54 [INFO] services.garden_processor: No garden updates with status='Ready to Process' found.
2026-05-01 02:13:54 [INFO] garden_cron: Cronjob complete — 0 garden(s) processed.
2026-05-01 02:13:54 [INFO] apscheduler.executors.default: Job "Garden AI Processing (trigger: interval[0:00:10], next run at: 2026-04-30 20:44:04 UTC)" executed successfully
2026-05-01 02:14:04 [INFO] apscheduler.executors.default: Running job "Garden AI Processing (trigger: interval[0:00:10], next run at: 2026-04-30 20:44:14 UTC)" (scheduled at 2026-04-30 20:44:04.723931+00:00)
2026-05-01 02:14:04 [INFO] garden_cron: [2026-05-01 02:14:04] Cronjob triggered
2026-05-01 02:14:04 [INFO] services.garden_processor: No garden updates with status='Ready to Process' found.
2026-05-01 02:14:04 [INFO] garden_cron: Cronjob complete — 0 garden(s) processed.
2026-05-01 02:14:04 [INFO] apscheduler.executors.default: Job "Garden AI Processing (trigger: interval[0:00:10], next run at: 2026-04-30 20:44:14 UTC)" executed successfully
2026-05-01 02:14:14 [INFO] apscheduler.executors.default: Running job "Garden AI Processing (trigger: interval[0:00:10], next run at: 2026-04-30 20:44:24 UTC)" (scheduled at 2026-04-30 20:44:14.723931+00:00)
2026-05-01 02:14:14 [INFO] garden_cron: [2026-05-01 02:14:14] Cronjob triggered
2026-05-01 02:14:14 [INFO] services.garden_processor: No garden updates with status='Ready to Process' found.
2026-05-01 02:14:14 [INFO] garden_cron: Cronjob complete — 0 garden(s) processed.
2026-05-01 02:14:14 [INFO] apscheduler.executors.default: Job "Garden AI Processing (trigger: interval[0:00:10], next run at: 2026-04-30 20:44:24 UTC)" executed successfully
2026-05-01 02:14:24 [INFO] apscheduler.executors.default: Running job "Garden AI Processing (trigger: interval[0:00:10], next run at: 2026-04-30 20:44:34 UTC)" (scheduled at 2026-04-30 20:44:24.723931+00:00)
2026-05-01 02:14:24 [INFO] garden_cron: [2026-05-01 02:14:24] Cronjob triggered
2026-05-01 02:14:24 [INFO] services.garden_processor: No garden updates with status='Ready to Process' found.
2026-05-01 02:14:24 [INFO] garden_cron: Cronjob complete — 0 garden(s) processed.
2026-05-01 02:14:24 [INFO] apscheduler.executors.default: Job "Garden AI Processing (trigger: interval[0:00:10], next run at: 2026-04-30 20:44:34 UTC)" executed successfully
2026-05-01 02:14:34 [INFO] apscheduler.executors.default: Running job "Garden AI Processing (trigger: interval[0:00:10], next run at: 2026-04-30 20:44:44 UTC)" (scheduled at 2026-04-30 20:44:34.723931+00:00)
2026-05-01 02:14:34 [INFO] garden_cron: [2026-05-01 02:14:34] Cronjob triggered
2026-05-01 02:14:34 [INFO] services.garden_processor: No garden updates with status='Ready to Process' found.
2026-05-01 02:14:34 [INFO] garden_cron: Cronjob complete — 0 garden(s) processed.
2026-05-01 02:14:34 [INFO] apscheduler.executors.default: Job "Garden AI Processing (trigger: interval[0:00:10], next run at: 2026-04-30 20:44:44 UTC)" executed successfully
2026-05-01 02:14:44 [INFO] apscheduler.executors.default: Running job "Garden AI Processing (trigger: interval[0:00:10], next run at: 2026-04-30 20:44:54 UTC)" (scheduled at 2026-04-30 20:44:44.723931+00:00)
2026-05-01 02:14:44 [INFO] garden_cron: [2026-05-01 02:14:44] Cronjob triggered
2026-05-01 02:14:44 [INFO] services.garden_processor: No garden updates with status='Ready to Process' found.
2026-05-01 02:14:44 [INFO] garden_cron: Cronjob complete — 0 garden(s) processed.
2026-05-01 02:14:44 [INFO] apscheduler.executors.default: Job "Garden AI Processing (trigger: interval[0:00:10], next run at: 2026-04-30 20:44:54 UTC)" executed successfully
2026-05-01 02:14:54 [INFO] apscheduler.executors.default: Running job "Garden AI Processing (trigger: interval[0:00:10], next run at: 2026-04-30 20:45:04 UTC)" (scheduled at 2026-04-30 20:44:54.723931+00:00)
2026-05-01 02:14:54 [INFO] garden_cron: [2026-05-01 02:14:54] Cronjob triggered
2026-05-01 02:14:54 [INFO] services.garden_processor: No garden updates with status='Ready to Process' found.
2026-05-01 02:14:54 [INFO] garden_cron: Cronjob complete — 0 garden(s) processed.
2026-05-01 02:14:54 [INFO] apscheduler.executors.default: Job "Garden AI Processing (trigger: interval[0:00:10], next run at: 2026-04-30 20:45:04 UTC)" executed successfully
2026-05-01 02:15:04 [INFO] apscheduler.executors.default: Running job "Garden AI Processing (trigger: interval[0:00:10], next run at: 2026-04-30 20:45:14 UTC)" (scheduled at 2026-04-30 20:45:04.723931+00:00)
2026-05-01 02:15:04 [INFO] garden_cron: [2026-05-01 02:15:04] Cronjob triggered
2026-05-01 02:15:04 [INFO] services.garden_processor: No garden updates with status='Ready to Process' found.
2026-05-01 02:15:04 [INFO] garden_cron: Cronjob complete — 0 garden(s) processed.
2026-05-01 02:15:04 [INFO] apscheduler.executors.default: Job "Garden AI Processing (trigger: interval[0:00:10], next run at: 2026-04-30 20:45:14 UTC)" executed successfully
2026-05-01 02:15:14 [INFO] apscheduler.executors.default: Running job "Garden AI Processing (trigger: interval[0:00:10], next run at: 2026-04-30 20:45:24 UTC)" (scheduled at 2026-04-30 20:45:14.723931+00:00)
2026-05-01 02:15:14 [INFO] garden_cron: [2026-05-01 02:15:14] Cronjob triggered
2026-05-01 02:15:14 [INFO] services.garden_processor: No garden updates with status='Ready to Process' found.
2026-05-01 02:15:14 [INFO] garden_cron: Cronjob complete — 0 garden(s) processed.
2026-05-01 02:15:14 [INFO] apscheduler.executors.default: Job "Garden AI Processing (trigger: interval[0:00:10], next run at: 2026-04-30 20:45:24 UTC)" executed successfully
2026-05-01 02:15:24 [INFO] apscheduler.executors.default: Running job "Garden AI Processing (trigger: interval[0:00:10], next run at: 2026-04-30 20:45:34 UTC)" (scheduled at 2026-04-30 20:45:24.723931+00:00)
2026-05-01 02:15:24 [INFO] garden_cron: [2026-05-01 02:15:24] Cronjob triggered
2026-05-01 02:15:24 [INFO] services.garden_processor: No garden updates with status='Ready to Process' found.
2026-05-01 02:15:24 [INFO] garden_cron: Cronjob complete — 0 garden(s) processed.
2026-05-01 02:15:24 [INFO] apscheduler.executors.default: Job "Garden AI Processing (trigger: interval[0:00:10], next run at: 2026-04-30 20:45:34 UTC)" executed successfully
2026-05-01 02:15:34 [INFO] apscheduler.executors.default: Running job "Garden AI Processing (trigger: interval[0:00:10], next run at: 2026-04-30 20:45:44 UTC)" (scheduled at 2026-04-30 20:45:34.723931+00:00)
2026-05-01 02:15:34 [INFO] garden_cron: [2026-05-01 02:15:34] Cronjob triggered
2026-05-01 02:15:34 [INFO] services.garden_processor: No garden updates with status='Ready to Process' found.
2026-05-01 02:15:34 [INFO] garden_cron: Cronjob complete — 0 garden(s) processed.
2026-05-01 02:15:34 [INFO] apscheduler.executors.default: Job "Garden AI Processing (trigger: interval[0:00:10], next run at: 2026-04-30 20:45:44 UTC)" executed successfully
2026-05-01 02:15:44 [INFO] apscheduler.executors.default: Running job "Garden AI Processing (trigger: interval[0:00:10], next run at: 2026-04-30 20:45:54 UTC)" (scheduled at 2026-04-30 20:45:44.723931+00:00)
2026-05-01 02:15:44 [INFO] garden_cron: [2026-05-01 02:15:44] Cronjob triggered
2026-05-01 02:15:44 [INFO] services.garden_processor: No garden updates with status='Ready to Process' found.
2026-05-01 02:15:44 [INFO] garden_cron: Cronjob complete — 0 garden(s) processed.
2026-05-01 02:15:44 [INFO] apscheduler.executors.default: Job "Garden AI Processing (trigger: interval[0:00:10], next run at: 2026-04-30 20:45:54 UTC)" executed successfully
2026-05-01 02:15:54 [INFO] apscheduler.executors.default: Running job "Garden AI Processing (trigger: interval[0:00:10], next run at: 2026-04-30 20:46:04 UTC)" (scheduled at 2026-04-30 20:45:54.723931+00:00)
2026-05-01 02:15:54 [INFO] garden_cron: [2026-05-01 02:15:54] Cronjob triggered
2026-05-01 02:15:54 [INFO] services.garden_processor: No garden updates with status='Ready to Process' found.
2026-05-01 02:15:54 [INFO] garden_cron: Cronjob complete — 0 garden(s) processed.
2026-05-01 02:15:54 [INFO] apscheduler.executors.default: Job "Garden AI Processing (trigger: interval[0:00:10], next run at: 2026-04-30 20:46:04 UTC)" executed successfully
2026-05-01 02:16:04 [INFO] apscheduler.executors.default: Running job "Garden AI Processing (trigger: interval[0:00:10], next run at: 2026-04-30 20:46:14 UTC)" (scheduled at 2026-04-30 20:46:04.723931+00:00)
2026-05-01 02:16:04 [INFO] garden_cron: [2026-05-01 02:16:04] Cronjob triggered
2026-05-01 02:16:04 [INFO] services.garden_processor: No garden updates with status='Ready to Process' found.
2026-05-01 02:16:04 [INFO] garden_cron: Cronjob complete — 0 garden(s) processed.
2026-05-01 02:16:04 [INFO] apscheduler.executors.default: Job "Garden AI Processing (trigger: interval[0:00:10], next run at: 2026-04-30 20:46:14 UTC)" executed successfully
2026-05-01 02:16:14 [INFO] apscheduler.executors.default: Running job "Garden AI Processing (trigger: interval[0:00:10], next run at: 2026-04-30 20:46:24 UTC)" (scheduled at 2026-04-30 20:46:14.723931+00:00)
2026-05-01 02:16:14 [INFO] garden_cron: [2026-05-01 02:16:14] Cronjob triggered
2026-05-01 02:16:14 [INFO] services.garden_processor: No garden updates with status='Ready to Process' found.
2026-05-01 02:16:14 [INFO] garden_cron: Cronjob complete — 0 garden(s) processed.
2026-05-01 02:16:14 [INFO] apscheduler.executors.default: Job "Garden AI Processing (trigger: interval[0:00:10], next run at: 2026-04-30 20:46:24 UTC)" executed successfully
2026-05-01 02:16:24 [INFO] apscheduler.executors.default: Running job "Garden AI Processing (trigger: interval[0:00:10], next run at: 2026-04-30 20:46:34 UTC)" (scheduled at 2026-04-30 20:46:24.723931+00:00)
2026-05-01 02:16:24 [INFO] garden_cron: [2026-05-01 02:16:24] Cronjob triggered
2026-05-01 02:16:24 [INFO] services.garden_processor: No garden updates with status='Ready to Process' found.
2026-05-01 02:16:24 [INFO] garden_cron: Cronjob complete — 0 garden(s) processed.
2026-05-01 02:16:24 [INFO] apscheduler.executors.default: Job "Garden AI Processing (trigger: interval[0:00:10], next run at: 2026-04-30 20:46:34 UTC)" executed successfully
2026-05-01 02:16:34 [INFO] apscheduler.executors.default: Running job "Garden AI Processing (trigger: interval[0:00:10], next run at: 2026-04-30 20:46:44 UTC)" (scheduled at 2026-04-30 20:46:34.723931+00:00)
2026-05-01 02:16:34 [INFO] garden_cron: [2026-05-01 02:16:34] Cronjob triggered
2026-05-01 02:16:34 [INFO] services.garden_processor: No garden updates with status='Ready to Process' found.
2026-05-01 02:16:34 [INFO] garden_cron: Cronjob complete — 0 garden(s) processed.
2026-05-01 02:16:34 [INFO] apscheduler.executors.default: Job "Garden AI Processing (trigger: interval[0:00:10], next run at: 2026-04-30 20:46:44 UTC)" executed successfully
2026-05-01 02:16:44 [INFO] apscheduler.executors.default: Running job "Garden AI Processing (trigger: interval[0:00:10], next run at: 2026-04-30 20:46:54 UTC)" (scheduled at 2026-04-30 20:46:44.723931+00:00)
2026-05-01 02:16:44 [INFO] garden_cron: [2026-05-01 02:16:44] Cronjob triggered
2026-05-01 02:16:44 [INFO] services.garden_processor: No garden updates with status='Ready to Process' found.
2026-05-01 02:16:44 [INFO] garden_cron: Cronjob complete — 0 garden(s) processed.
2026-05-01 02:16:44 [INFO] apscheduler.executors.default: Job "Garden AI Processing (trigger: interval[0:00:10], next run at: 2026-04-30 20:46:54 UTC)" executed successfully
2026-05-01 02:16:54 [INFO] apscheduler.executors.default: Running job "Garden AI Processing (trigger: interval[0:00:10], next run at: 2026-04-30 20:47:04 UTC)" (scheduled at 2026-04-30 20:46:54.723931+00:00)
2026-05-01 02:16:54 [INFO] garden_cron: [2026-05-01 02:16:54] Cronjob triggered
2026-05-01 02:16:54 [INFO] services.garden_processor: No garden updates with status='Ready to Process' found.
2026-05-01 02:16:54 [INFO] garden_cron: Cronjob complete — 0 garden(s) processed.
2026-05-01 02:16:54 [INFO] apscheduler.executors.default: Job "Garden AI Processing (trigger: interval[0:00:10], next run at: 2026-04-30 20:47:04 UTC)" executed successfully
2026-05-01 02:17:04 [INFO] apscheduler.executors.default: Running job "Garden AI Processing (trigger: interval[0:00:10], next run at: 2026-04-30 20:47:14 UTC)" (scheduled at 2026-04-30 20:47:04.723931+00:00)
2026-05-01 02:17:04 [INFO] garden_cron: [2026-05-01 02:17:04] Cronjob triggered
2026-05-01 02:17:04 [INFO] services.garden_processor: No garden updates with status='Ready to Process' found.
2026-05-01 02:17:04 [INFO] garden_cron: Cronjob complete — 0 garden(s) processed.
2026-05-01 02:17:04 [INFO] apscheduler.executors.default: Job "Garden AI Processing (trigger: interval[0:00:10], next run at: 2026-04-30 20:47:14 UTC)" executed successfully
2026-05-01 02:17:14 [INFO] apscheduler.executors.default: Running job "Garden AI Processing (trigger: interval[0:00:10], next run at: 2026-04-30 20:47:24 UTC)" (scheduled at 2026-04-30 20:47:14.723931+00:00)
2026-05-01 02:17:14 [INFO] garden_cron: [2026-05-01 02:17:14] Cronjob triggered
2026-05-01 02:17:14 [INFO] services.garden_processor: No garden updates with status='Ready to Process' found.
2026-05-01 02:17:14 [INFO] garden_cron: Cronjob complete — 0 garden(s) processed.
2026-05-01 02:17:14 [INFO] apscheduler.executors.default: Job "Garden AI Processing (trigger: interval[0:00:10], next run at: 2026-04-30 20:47:24 UTC)" executed successfully
2026-05-01 02:17:24 [INFO] apscheduler.executors.default: Running job "Garden AI Processing (trigger: interval[0:00:10], next run at: 2026-04-30 20:47:34 UTC)" (scheduled at 2026-04-30 20:47:24.723931+00:00)
2026-05-01 02:17:24 [INFO] garden_cron: [2026-05-01 02:17:24] Cronjob triggered
2026-05-01 02:17:24 [INFO] services.garden_processor: No garden updates with status='Ready to Process' found.
2026-05-01 02:17:24 [INFO] garden_cron: Cronjob complete — 0 garden(s) processed.
2026-05-01 02:17:24 [INFO] apscheduler.executors.default: Job "Garden AI Processing (trigger: interval[0:00:10], next run at: 2026-04-30 20:47:34 UTC)" executed successfully
2026-05-01 02:17:34 [INFO] apscheduler.executors.default: Running job "Garden AI Processing (trigger: interval[0:00:10], next run at: 2026-04-30 20:47:44 UTC)" (scheduled at 2026-04-30 20:47:34.723931+00:00)
2026-05-01 02:17:34 [INFO] garden_cron: [2026-05-01 02:17:34] Cronjob triggered
2026-05-01 02:17:34 [INFO] services.garden_processor: No garden updates with status='Ready to Process' found.
2026-05-01 02:17:34 [INFO] garden_cron: Cronjob complete — 0 garden(s) processed.
2026-05-01 02:17:34 [INFO] apscheduler.executors.default: Job "Garden AI Processing (trigger: interval[0:00:10], next run at: 2026-04-30 20:47:44 UTC)" executed successfully
2026-05-01 02:17:44 [INFO] apscheduler.executors.default: Running job "Garden AI Processing (trigger: interval[0:00:10], next run at: 2026-04-30 20:47:54 UTC)" (scheduled at 2026-04-30 20:47:44.723931+00:00)
2026-05-01 02:17:44 [INFO] garden_cron: [2026-05-01 02:17:44] Cronjob triggered
2026-05-01 02:17:44 [INFO] services.garden_processor: No garden updates with status='Ready to Process' found.
2026-05-01 02:17:44 [INFO] garden_cron: Cronjob complete — 0 garden(s) processed.
2026-05-01 02:17:44 [INFO] apscheduler.executors.default: Job "Garden AI Processing (trigger: interval[0:00:10], next run at: 2026-04-30 20:47:54 UTC)" executed successfully
2026-05-01 02:17:54 [INFO] apscheduler.executors.default: Running job "Garden AI Processing (trigger: interval[0:00:10], next run at: 2026-04-30 20:48:04 UTC)" (scheduled at 2026-04-30 20:47:54.723931+00:00)
2026-05-01 02:17:54 [INFO] garden_cron: [2026-05-01 02:17:54] Cronjob triggered
2026-05-01 02:17:54 [INFO] services.garden_processor: No garden updates with status='Ready to Process' found.
2026-05-01 02:17:54 [INFO] garden_cron: Cronjob complete — 0 garden(s) processed.
2026-05-01 02:17:54 [INFO] apscheduler.executors.default: Job "Garden AI Processing (trigger: interval[0:00:10], next run at: 2026-04-30 20:48:04 UTC)" executed successfully
2026-05-01 02:18:04 [INFO] apscheduler.executors.default: Running job "Garden AI Processing (trigger: interval[0:00:10], next run at: 2026-04-30 20:48:14 UTC)" (scheduled at 2026-04-30 20:48:04.723931+00:00)
2026-05-01 02:18:04 [INFO] garden_cron: [2026-05-01 02:18:04] Cronjob triggered
2026-05-01 02:18:04 [INFO] services.garden_processor: No garden updates with status='Ready to Process' found.
2026-05-01 02:18:04 [INFO] garden_cron: Cronjob complete — 0 garden(s) processed.
2026-05-01 02:18:04 [INFO] apscheduler.executors.default: Job "Garden AI Processing (trigger: interval[0:00:10], next run at: 2026-04-30 20:48:14 UTC)" executed successfully
2026-05-01 02:18:14 [INFO] apscheduler.executors.default: Running job "Garden AI Processing (trigger: interval[0:00:10], next run at: 2026-04-30 20:48:24 UTC)" (scheduled at 2026-04-30 20:48:14.723931+00:00)
2026-05-01 02:18:14 [INFO] garden_cron: [2026-05-01 02:18:14] Cronjob triggered
2026-05-01 02:18:14 [INFO] services.garden_processor: No garden updates with status='Ready to Process' found.
2026-05-01 02:18:14 [INFO] garden_cron: Cronjob complete — 0 garden(s) processed.
2026-05-01 02:18:14 [INFO] apscheduler.executors.default: Job "Garden AI Processing (trigger: interval[0:00:10], next run at: 2026-04-30 20:48:24 UTC)" executed successfully
2026-05-01 02:18:24 [INFO] apscheduler.executors.default: Running job "Garden AI Processing (trigger: interval[0:00:10], next run at: 2026-04-30 20:48:34 UTC)" (scheduled at 2026-04-30 20:48:24.723931+00:00)
2026-05-01 02:18:24 [INFO] garden_cron: [2026-05-01 02:18:24] Cronjob triggered
2026-05-01 02:18:24 [INFO] services.garden_processor: No garden updates with status='Ready to Process' found.
2026-05-01 02:18:24 [INFO] garden_cron: Cronjob complete — 0 garden(s) processed.
2026-05-01 02:18:24 [INFO] apscheduler.executors.default: Job "Garden AI Processing (trigger: interval[0:00:10], next run at: 2026-04-30 20:48:34 UTC)" executed successfully
2026-05-01 02:18:34 [INFO] apscheduler.executors.default: Running job "Garden AI Processing (trigger: interval[0:00:10], next run at: 2026-04-30 20:48:44 UTC)" (scheduled at 2026-04-30 20:48:34.723931+00:00)
2026-05-01 02:18:34 [INFO] garden_cron: [2026-05-01 02:18:34] Cronjob triggered
2026-05-01 02:18:34 [INFO] services.garden_processor: No garden updates with status='Ready to Process' found.
2026-05-01 02:18:34 [INFO] garden_cron: Cronjob complete — 0 garden(s) processed.
2026-05-01 02:18:34 [INFO] apscheduler.executors.default: Job "Garden AI Processing (trigger: interval[0:00:10], next run at: 2026-04-30 20:48:44 UTC)" executed successfully
2026-05-01 02:18:44 [INFO] apscheduler.executors.default: Running job "Garden AI Processing (trigger: interval[0:00:10], next run at: 2026-04-30 20:48:54 UTC)" (scheduled at 2026-04-30 20:48:44.723931+00:00)
2026-05-01 02:18:44 [INFO] garden_cron: [2026-05-01 02:18:44] Cronjob triggered
2026-05-01 02:18:44 [INFO] services.garden_processor: No garden updates with status='Ready to Process' found.
2026-05-01 02:18:44 [INFO] garden_cron: Cronjob complete — 0 garden(s) processed.
2026-05-01 02:18:44 [INFO] apscheduler.executors.default: Job "Garden AI Processing (trigger: interval[0:00:10], next run at: 2026-04-30 20:48:54 UTC)" executed successfully
2026-05-01 02:18:54 [INFO] apscheduler.executors.default: Running job "Garden AI Processing (trigger: interval[0:00:10], next run at: 2026-04-30 20:49:04 UTC)" (scheduled at 2026-04-30 20:48:54.723931+00:00)
2026-05-01 02:18:54 [INFO] garden_cron: [2026-05-01 02:18:54] Cronjob triggered
2026-05-01 02:18:54 [INFO] services.garden_processor: No garden updates with status='Ready to Process' found.
2026-05-01 02:18:54 [INFO] garden_cron: Cronjob complete — 0 garden(s) processed.
2026-05-01 02:18:54 [INFO] apscheduler.executors.default: Job "Garden AI Processing (trigger: interval[0:00:10], next run at: 2026-04-30 20:49:04 UTC)" executed successfully
2026-05-01 02:19:04 [INFO] apscheduler.executors.default: Running job "Garden AI Processing (trigger: interval[0:00:10], next run at: 2026-04-30 20:49:14 UTC)" (scheduled at 2026-04-30 20:49:04.723931+00:00)
2026-05-01 02:19:04 [INFO] garden_cron: [2026-05-01 02:19:04] Cronjob triggered
2026-05-01 02:19:04 [INFO] services.garden_processor: No garden updates with status='Ready to Process' found.
2026-05-01 02:19:04 [INFO] garden_cron: Cronjob complete — 0 garden(s) processed.
2026-05-01 02:19:04 [INFO] apscheduler.executors.default: Job "Garden AI Processing (trigger: interval[0:00:10], next run at: 2026-04-30 20:49:14 UTC)" executed successfully
2026-05-01 02:19:14 [INFO] apscheduler.executors.default: Running job "Garden AI Processing (trigger: interval[0:00:10], next run at: 2026-04-30 20:49:24 UTC)" (scheduled at 2026-04-30 20:49:14.723931+00:00)
2026-05-01 02:19:14 [INFO] garden_cron: [2026-05-01 02:19:14] Cronjob triggered
2026-05-01 02:19:14 [INFO] services.garden_processor: No garden updates with status='Ready to Process' found.
2026-05-01 02:19:14 [INFO] garden_cron: Cronjob complete — 0 garden(s) processed.
2026-05-01 02:19:14 [INFO] apscheduler.executors.default: Job "Garden AI Processing (trigger: interval[0:00:10], next run at: 2026-04-30 20:49:24 UTC)" executed successfully
2026-05-01 02:19:24 [INFO] apscheduler.executors.default: Running job "Garden AI Processing (trigger: interval[0:00:10], next run at: 2026-04-30 20:49:34 UTC)" (scheduled at 2026-04-30 20:49:24.723931+00:00)
2026-05-01 02:19:24 [INFO] garden_cron: [2026-05-01 02:19:24] Cronjob triggered
2026-05-01 02:19:24 [INFO] services.garden_processor: No garden updates with status='Ready to Process' found.
2026-05-01 02:19:24 [INFO] garden_cron: Cronjob complete — 0 garden(s) processed.
2026-05-01 02:19:24 [INFO] apscheduler.executors.default: Job "Garden AI Processing (trigger: interval[0:00:10], next run at: 2026-04-30 20:49:34 UTC)" executed successfully
2026-05-01 02:19:34 [INFO] apscheduler.executors.default: Running job "Garden AI Processing (trigger: interval[0:00:10], next run at: 2026-04-30 20:49:44 UTC)" (scheduled at 2026-04-30 20:49:34.723931+00:00)
2026-05-01 02:19:34 [INFO] garden_cron: [2026-05-01 02:19:34] Cronjob triggered
2026-05-01 02:19:34 [INFO] services.garden_processor: No garden updates with status='Ready to Process' found.
2026-05-01 02:19:34 [INFO] garden_cron: Cronjob complete — 0 garden(s) processed.
2026-05-01 02:19:34 [INFO] apscheduler.executors.default: Job "Garden AI Processing (trigger: interval[0:00:10], next run at: 2026-04-30 20:49:44 UTC)" executed successfully
2026-05-01 02:19:44 [INFO] apscheduler.executors.default: Running job "Garden AI Processing (trigger: interval[0:00:10], next run at: 2026-04-30 20:49:54 UTC)" (scheduled at 2026-04-30 20:49:44.723931+00:00)
2026-05-01 02:19:44 [INFO] garden_cron: [2026-05-01 02:19:44] Cronjob triggered
2026-05-01 02:19:44 [INFO] services.garden_processor: No garden updates with status='Ready to Process' found.
2026-05-01 02:19:44 [INFO] garden_cron: Cronjob complete — 0 garden(s) processed.
2026-05-01 02:19:44 [INFO] apscheduler.executors.default: Job "Garden AI Processing (trigger: interval[0:00:10], next run at: 2026-04-30 20:49:54 UTC)" executed successfully
2026-05-01 02:19:54 [INFO] apscheduler.executors.default: Running job "Garden AI Processing (trigger: interval[0:00:10], next run at: 2026-04-30 20:50:04 UTC)" (scheduled at 2026-04-30 20:49:54.723931+00:00)
2026-05-01 02:19:54 [INFO] garden_cron: [2026-05-01 02:19:54] Cronjob triggered
2026-05-01 02:19:54 [INFO] services.garden_processor: No garden updates with status='Ready to Process' found.
2026-05-01 02:19:54 [INFO] garden_cron: Cronjob complete — 0 garden(s) processed.
2026-05-01 02:19:54 [INFO] apscheduler.executors.default: Job "Garden AI Processing (trigger: interval[0:00:10], next run at: 2026-04-30 20:50:04 UTC)" executed successfully
2026-05-01 02:20:04 [INFO] apscheduler.executors.default: Running job "Garden AI Processing (trigger: interval[0:00:10], next run at: 2026-04-30 20:50:14 UTC)" (scheduled at 2026-04-30 20:50:04.723931+00:00)
2026-05-01 02:20:04 [INFO] garden_cron: [2026-05-01 02:20:04] Cronjob triggered
2026-05-01 02:20:04 [INFO] services.garden_processor: No garden updates with status='Ready to Process' found.
2026-05-01 02:20:04 [INFO] garden_cron: Cronjob complete — 0 garden(s) processed.
2026-05-01 02:20:04 [INFO] apscheduler.executors.default: Job "Garden AI Processing (trigger: interval[0:00:10], next run at: 2026-04-30 20:50:14 UTC)" executed successfully
2026-05-01 02:20:14 [INFO] apscheduler.executors.default: Running job "Garden AI Processing (trigger: interval[0:00:10], next run at: 2026-04-30 20:50:24 UTC)" (scheduled at 2026-04-30 20:50:14.723931+00:00)
2026-05-01 02:20:14 [INFO] garden_cron: [2026-05-01 02:20:14] Cronjob triggered
2026-05-01 02:20:14 [INFO] services.garden_processor: No garden updates with status='Ready to Process' found.
2026-05-01 02:20:14 [INFO] garden_cron: Cronjob complete — 0 garden(s) processed.
2026-05-01 02:20:14 [INFO] apscheduler.executors.default: Job "Garden AI Processing (trigger: interval[0:00:10], next run at: 2026-04-30 20:50:24 UTC)" executed successfully
2026-05-01 02:20:24 [INFO] apscheduler.executors.default: Running job "Garden AI Processing (trigger: interval[0:00:10], next run at: 2026-04-30 20:50:34 UTC)" (scheduled at 2026-04-30 20:50:24.723931+00:00)
2026-05-01 02:20:24 [INFO] garden_cron: [2026-05-01 02:20:24] Cronjob triggered
2026-05-01 02:20:24 [INFO] services.garden_processor: No garden updates with status='Ready to Process' found.
2026-05-01 02:20:24 [INFO] garden_cron: Cronjob complete — 0 garden(s) processed.
2026-05-01 02:20:24 [INFO] apscheduler.executors.default: Job "Garden AI Processing (trigger: interval[0:00:10], next run at: 2026-04-30 20:50:34 UTC)" executed successfully
2026-05-01 02:20:34 [INFO] apscheduler.executors.default: Running job "Garden AI Processing (trigger: interval[0:00:10], next run at: 2026-04-30 20:50:44 UTC)" (scheduled at 2026-04-30 20:50:34.723931+00:00)
2026-05-01 02:20:34 [INFO] garden_cron: [2026-05-01 02:20:34] Cronjob triggered
2026-05-01 02:20:34 [INFO] services.garden_processor: No garden updates with status='Ready to Process' found.
2026-05-01 02:20:34 [INFO] garden_cron: Cronjob complete — 0 garden(s) processed.
2026-05-01 02:20:34 [INFO] apscheduler.executors.default: Job "Garden AI Processing (trigger: interval[0:00:10], next run at: 2026-04-30 20:50:44 UTC)" executed successfully
2026-05-01 02:20:44 [INFO] apscheduler.executors.default: Running job "Garden AI Processing (trigger: interval[0:00:10], next run at: 2026-04-30 20:50:54 UTC)" (scheduled at 2026-04-30 20:50:44.723931+00:00)
2026-05-01 02:20:44 [INFO] garden_cron: [2026-05-01 02:20:44] Cronjob triggered
2026-05-01 02:20:44 [INFO] services.garden_processor: No garden updates with status='Ready to Process' found.
2026-05-01 02:20:44 [INFO] garden_cron: Cronjob complete — 0 garden(s) processed.
2026-05-01 02:20:44 [INFO] apscheduler.executors.default: Job "Garden AI Processing (trigger: interval[0:00:10], next run at: 2026-04-30 20:50:54 UTC)" executed successfully
2026-05-01 02:20:54 [INFO] apscheduler.executors.default: Running job "Garden AI Processing (trigger: interval[0:00:10], next run at: 2026-04-30 20:51:04 UTC)" (scheduled at 2026-04-30 20:50:54.723931+00:00)
2026-05-01 02:20:54 [INFO] garden_cron: [2026-05-01 02:20:54] Cronjob triggered
2026-05-01 02:20:54 [INFO] services.garden_processor: No garden updates with status='Ready to Process' found.
2026-05-01 02:20:54 [INFO] garden_cron: Cronjob complete — 0 garden(s) processed.
2026-05-01 02:20:54 [INFO] apscheduler.executors.default: Job "Garden AI Processing (trigger: interval[0:00:10], next run at: 2026-04-30 20:51:04 UTC)" executed successfully
2026-05-01 02:21:04 [INFO] apscheduler.executors.default: Running job "Garden AI Processing (trigger: interval[0:00:10], next run at: 2026-04-30 20:51:14 UTC)" (scheduled at 2026-04-30 20:51:04.723931+00:00)
2026-05-01 02:21:04 [INFO] garden_cron: [2026-05-01 02:21:04] Cronjob triggered
2026-05-01 02:21:04 [INFO] services.garden_processor: No garden updates with status='Ready to Process' found.
2026-05-01 02:21:04 [INFO] garden_cron: Cronjob complete — 0 garden(s) processed.
2026-05-01 02:21:04 [INFO] apscheduler.executors.default: Job "Garden AI Processing (trigger: interval[0:00:10], next run at: 2026-04-30 20:51:14 UTC)" executed successfully
2026-05-01 02:21:14 [INFO] apscheduler.executors.default: Running job "Garden AI Processing (trigger: interval[0:00:10], next run at: 2026-04-30 20:51:24 UTC)" (scheduled at 2026-04-30 20:51:14.723931+00:00)
2026-05-01 02:21:14 [INFO] garden_cron: [2026-05-01 02:21:14] Cronjob triggered
2026-05-01 02:21:14 [INFO] services.garden_processor: No garden updates with status='Ready to Process' found.
2026-05-01 02:21:14 [INFO] garden_cron: Cronjob complete — 0 garden(s) processed.
2026-05-01 02:21:14 [INFO] apscheduler.executors.default: Job "Garden AI Processing (trigger: interval[0:00:10], next run at: 2026-04-30 20:51:24 UTC)" executed successfully
2026-05-01 02:21:24 [INFO] apscheduler.executors.default: Running job "Garden AI Processing (trigger: interval[0:00:10], next run at: 2026-04-30 20:51:34 UTC)" (scheduled at 2026-04-30 20:51:24.723931+00:00)
2026-05-01 02:21:24 [INFO] garden_cron: [2026-05-01 02:21:24] Cronjob triggered
2026-05-01 02:21:24 [INFO] services.garden_processor: No garden updates with status='Ready to Process' found.
2026-05-01 02:21:24 [INFO] garden_cron: Cronjob complete — 0 garden(s) processed.
2026-05-01 02:21:24 [INFO] apscheduler.executors.default: Job "Garden AI Processing (trigger: interval[0:00:10], next run at: 2026-04-30 20:51:34 UTC)" executed successfully
2026-05-01 02:21:34 [INFO] apscheduler.executors.default: Running job "Garden AI Processing (trigger: interval[0:00:10], next run at: 2026-04-30 20:51:44 UTC)" (scheduled at 2026-04-30 20:51:34.723931+00:00)
2026-05-01 02:21:34 [INFO] garden_cron: [2026-05-01 02:21:34] Cronjob triggered
2026-05-01 02:21:34 [INFO] services.garden_processor: No garden updates with status='Ready to Process' found.
2026-05-01 02:21:34 [INFO] garden_cron: Cronjob complete — 0 garden(s) processed.
2026-05-01 02:21:34 [INFO] apscheduler.executors.default: Job "Garden AI Processing (trigger: interval[0:00:10], next run at: 2026-04-30 20:51:44 UTC)" executed successfully
2026-05-01 02:21:44 [INFO] apscheduler.executors.default: Running job "Garden AI Processing (trigger: interval[0:00:10], next run at: 2026-04-30 20:51:54 UTC)" (scheduled at 2026-04-30 20:51:44.723931+00:00)
2026-05-01 02:21:44 [INFO] garden_cron: [2026-05-01 02:21:44] Cronjob triggered
2026-05-01 02:21:44 [INFO] services.garden_processor: No garden updates with status='Ready to Process' found.
2026-05-01 02:21:44 [INFO] garden_cron: Cronjob complete — 0 garden(s) processed.
2026-05-01 02:21:44 [INFO] apscheduler.executors.default: Job "Garden AI Processing (trigger: interval[0:00:10], next run at: 2026-04-30 20:51:54 UTC)" executed successfully
2026-05-01 02:21:54 [INFO] apscheduler.executors.default: Running job "Garden AI Processing (trigger: interval[0:00:10], next run at: 2026-04-30 20:52:04 UTC)" (scheduled at 2026-04-30 20:51:54.723931+00:00)
2026-05-01 02:21:54 [INFO] garden_cron: [2026-05-01 02:21:54] Cronjob triggered
2026-05-01 02:21:54 [INFO] services.garden_processor: No garden updates with status='Ready to Process' found.
2026-05-01 02:21:54 [INFO] garden_cron: Cronjob complete — 0 garden(s) processed.
2026-05-01 02:21:54 [INFO] apscheduler.executors.default: Job "Garden AI Processing (trigger: interval[0:00:10], next run at: 2026-04-30 20:52:04 UTC)" executed successfully
2026-05-01 02:22:04 [INFO] apscheduler.executors.default: Running job "Garden AI Processing (trigger: interval[0:00:10], next run at: 2026-04-30 20:52:14 UTC)" (scheduled at 2026-04-30 20:52:04.723931+00:00)
2026-05-01 02:22:04 [INFO] garden_cron: [2026-05-01 02:22:04] Cronjob triggered
2026-05-01 02:22:04 [INFO] services.garden_processor: No garden updates with status='Ready to Process' found.
2026-05-01 02:22:04 [INFO] garden_cron: Cronjob complete — 0 garden(s) processed.
2026-05-01 02:22:04 [INFO] apscheduler.executors.default: Job "Garden AI Processing (trigger: interval[0:00:10], next run at: 2026-04-30 20:52:14 UTC)" executed successfully
2026-05-01 02:22:14 [INFO] apscheduler.executors.default: Running job "Garden AI Processing (trigger: interval[0:00:10], next run at: 2026-04-30 20:52:24 UTC)" (scheduled at 2026-04-30 20:52:14.723931+00:00)
2026-05-01 02:22:14 [INFO] garden_cron: [2026-05-01 02:22:14] Cronjob triggered
2026-05-01 02:22:14 [INFO] services.garden_processor: No garden updates with status='Ready to Process' found.
2026-05-01 02:22:14 [INFO] garden_cron: Cronjob complete — 0 garden(s) processed.
2026-05-01 02:22:14 [INFO] apscheduler.executors.default: Job "Garden AI Processing (trigger: interval[0:00:10], next run at: 2026-04-30 20:52:24 UTC)" executed successfully
2026-05-01 02:22:24 [INFO] apscheduler.executors.default: Running job "Garden AI Processing (trigger: interval[0:00:10], next run at: 2026-04-30 20:52:34 UTC)" (scheduled at 2026-04-30 20:52:24.723931+00:00)
2026-05-01 02:22:24 [INFO] garden_cron: [2026-05-01 02:22:24] Cronjob triggered
2026-05-01 02:22:24 [INFO] services.garden_processor: No garden updates with status='Ready to Process' found.
2026-05-01 02:22:24 [INFO] garden_cron: Cronjob complete — 0 garden(s) processed.
2026-05-01 02:22:24 [INFO] apscheduler.executors.default: Job "Garden AI Processing (trigger: interval[0:00:10], next run at: 2026-04-30 20:52:34 UTC)" executed successfully
2026-05-01 02:22:34 [INFO] apscheduler.executors.default: Running job "Garden AI Processing (trigger: interval[0:00:10], next run at: 2026-04-30 20:52:44 UTC)" (scheduled at 2026-04-30 20:52:34.723931+00:00)
2026-05-01 02:22:34 [INFO] garden_cron: [2026-05-01 02:22:34] Cronjob triggered
2026-05-01 02:22:34 [INFO] services.garden_processor: No garden updates with status='Ready to Process' found.
2026-05-01 02:22:34 [INFO] garden_cron: Cronjob complete — 0 garden(s) processed.
2026-05-01 02:22:34 [INFO] apscheduler.executors.default: Job "Garden AI Processing (trigger: interval[0:00:10], next run at: 2026-04-30 20:52:44 UTC)" executed successfully
2026-05-01 02:22:44 [INFO] apscheduler.executors.default: Running job "Garden AI Processing (trigger: interval[0:00:10], next run at: 2026-04-30 20:52:54 UTC)" (scheduled at 2026-04-30 20:52:44.723931+00:00)
2026-05-01 02:22:44 [INFO] garden_cron: [2026-05-01 02:22:44] Cronjob triggered
2026-05-01 02:22:44 [INFO] services.garden_processor: No garden updates with status='Ready to Process' found.
2026-05-01 02:22:44 [INFO] garden_cron: Cronjob complete — 0 garden(s) processed.
2026-05-01 02:22:44 [INFO] apscheduler.executors.default: Job "Garden AI Processing (trigger: interval[0:00:10], next run at: 2026-04-30 20:52:54 UTC)" executed successfully
2026-05-01 02:22:54 [INFO] apscheduler.executors.default: Running job "Garden AI Processing (trigger: interval[0:00:10], next run at: 2026-04-30 20:53:04 UTC)" (scheduled at 2026-04-30 20:52:54.723931+00:00)
2026-05-01 02:22:54 [INFO] garden_cron: [2026-05-01 02:22:54] Cronjob triggered
2026-05-01 02:22:54 [INFO] services.garden_processor: No garden updates with status='Ready to Process' found.
2026-05-01 02:22:54 [INFO] garden_cron: Cronjob complete — 0 garden(s) processed.
2026-05-01 02:22:54 [INFO] apscheduler.executors.default: Job "Garden AI Processing (trigger: interval[0:00:10], next run at: 2026-04-30 20:53:04 UTC)" executed successfully
2026-05-01 02:23:04 [INFO] apscheduler.executors.default: Running job "Garden AI Processing (trigger: interval[0:00:10], next run at: 2026-04-30 20:53:14 UTC)" (scheduled at 2026-04-30 20:53:04.723931+00:00)
2026-05-01 02:23:04 [INFO] garden_cron: [2026-05-01 02:23:04] Cronjob triggered
2026-05-01 02:23:04 [INFO] services.garden_processor: No garden updates with status='Ready to Process' found.
2026-05-01 02:23:04 [INFO] garden_cron: Cronjob complete — 0 garden(s) processed.
2026-05-01 02:23:04 [INFO] apscheduler.executors.default: Job "Garden AI Processing (trigger: interval[0:00:10], next run at: 2026-04-30 20:53:14 UTC)" executed successfully
2026-05-01 02:23:14 [INFO] apscheduler.executors.default: Running job "Garden AI Processing (trigger: interval[0:00:10], next run at: 2026-04-30 20:53:24 UTC)" (scheduled at 2026-04-30 20:53:14.723931+00:00)
2026-05-01 02:23:14 [INFO] garden_cron: [2026-05-01 02:23:14] Cronjob triggered
2026-05-01 02:23:14 [INFO] services.garden_processor: No garden updates with status='Ready to Process' found.
2026-05-01 02:23:14 [INFO] garden_cron: Cronjob complete — 0 garden(s) processed.
2026-05-01 02:23:14 [INFO] apscheduler.executors.default: Job "Garden AI Processing (trigger: interval[0:00:10], next run at: 2026-04-30 20:53:24 UTC)" executed successfully
2026-05-01 02:23:24 [INFO] apscheduler.executors.default: Running job "Garden AI Processing (trigger: interval[0:00:10], next run at: 2026-04-30 20:53:34 UTC)" (scheduled at 2026-04-30 20:53:24.723931+00:00)
2026-05-01 02:23:24 [INFO] garden_cron: [2026-05-01 02:23:24] Cronjob triggered
2026-05-01 02:23:24 [INFO] services.garden_processor: No garden updates with status='Ready to Process' found.
2026-05-01 02:23:24 [INFO] garden_cron: Cronjob complete — 0 garden(s) processed.
2026-05-01 02:23:24 [INFO] apscheduler.executors.default: Job "Garden AI Processing (trigger: interval[0:00:10], next run at: 2026-04-30 20:53:34 UTC)" executed successfully
2026-05-01 02:23:34 [INFO] apscheduler.executors.default: Running job "Garden AI Processing (trigger: interval[0:00:10], next run at: 2026-04-30 20:53:44 UTC)" (scheduled at 2026-04-30 20:53:34.723931+00:00)
2026-05-01 02:23:34 [INFO] garden_cron: [2026-05-01 02:23:34] Cronjob triggered
2026-05-01 02:23:34 [INFO] services.garden_processor: No garden updates with status='Ready to Process' found.
2026-05-01 02:23:34 [INFO] garden_cron: Cronjob complete — 0 garden(s) processed.
2026-05-01 02:23:34 [INFO] apscheduler.executors.default: Job "Garden AI Processing (trigger: interval[0:00:10], next run at: 2026-04-30 20:53:44 UTC)" executed successfully
2026-05-01 02:23:44 [INFO] apscheduler.executors.default: Running job "Garden AI Processing (trigger: interval[0:00:10], next run at: 2026-04-30 20:53:54 UTC)" (scheduled at 2026-04-30 20:53:44.723931+00:00)
2026-05-01 02:23:44 [INFO] garden_cron: [2026-05-01 02:23:44] Cronjob triggered
2026-05-01 02:23:44 [INFO] services.garden_processor: No garden updates with status='Ready to Process' found.
2026-05-01 02:23:44 [INFO] garden_cron: Cronjob complete — 0 garden(s) processed.
2026-05-01 02:23:44 [INFO] apscheduler.executors.default: Job "Garden AI Processing (trigger: interval[0:00:10], next run at: 2026-04-30 20:53:54 UTC)" executed successfully
2026-05-01 02:23:54 [INFO] apscheduler.executors.default: Running job "Garden AI Processing (trigger: interval[0:00:10], next run at: 2026-04-30 20:54:04 UTC)" (scheduled at 2026-04-30 20:53:54.723931+00:00)
2026-05-01 02:23:54 [INFO] garden_cron: [2026-05-01 02:23:54] Cronjob triggered
2026-05-01 02:23:54 [INFO] services.garden_processor: No garden updates with status='Ready to Process' found.
2026-05-01 02:23:54 [INFO] garden_cron: Cronjob complete — 0 garden(s) processed.
2026-05-01 02:23:54 [INFO] apscheduler.executors.default: Job "Garden AI Processing (trigger: interval[0:00:10], next run at: 2026-04-30 20:54:04 UTC)" executed successfully
2026-05-01 02:24:04 [INFO] apscheduler.executors.default: Running job "Garden AI Processing (trigger: interval[0:00:10], next run at: 2026-04-30 20:54:14 UTC)" (scheduled at 2026-04-30 20:54:04.723931+00:00)
2026-05-01 02:24:04 [INFO] garden_cron: [2026-05-01 02:24:04] Cronjob triggered
2026-05-01 02:24:04 [INFO] services.garden_processor: No garden updates with status='Ready to Process' found.
2026-05-01 02:24:04 [INFO] garden_cron: Cronjob complete — 0 garden(s) processed.
2026-05-01 02:24:04 [INFO] apscheduler.executors.default: Job "Garden AI Processing (trigger: interval[0:00:10], next run at: 2026-04-30 20:54:14 UTC)" executed successfully
2026-05-01 02:24:14 [INFO] apscheduler.executors.default: Running job "Garden AI Processing (trigger: interval[0:00:10], next run at: 2026-04-30 20:54:24 UTC)" (scheduled at 2026-04-30 20:54:14.723931+00:00)
2026-05-01 02:24:14 [INFO] garden_cron: [2026-05-01 02:24:14] Cronjob triggered
2026-05-01 02:24:14 [INFO] services.garden_processor: No garden updates with status='Ready to Process' found.
2026-05-01 02:24:14 [INFO] garden_cron: Cronjob complete — 0 garden(s) processed.
2026-05-01 02:24:14 [INFO] apscheduler.executors.default: Job "Garden AI Processing (trigger: interval[0:00:10], next run at: 2026-04-30 20:54:24 UTC)" executed successfully
2026-05-01 02:24:24 [INFO] apscheduler.executors.default: Running job "Garden AI Processing (trigger: interval[0:00:10], next run at: 2026-04-30 20:54:34 UTC)" (scheduled at 2026-04-30 20:54:24.723931+00:00)
2026-05-01 02:24:24 [INFO] garden_cron: [2026-05-01 02:24:24] Cronjob triggered
2026-05-01 02:24:24 [INFO] services.garden_processor: No garden updates with status='Ready to Process' found.
2026-05-01 02:24:24 [INFO] garden_cron: Cronjob complete — 0 garden(s) processed.
2026-05-01 02:24:24 [INFO] apscheduler.executors.default: Job "Garden AI Processing (trigger: interval[0:00:10], next run at: 2026-04-30 20:54:34 UTC)" executed successfully
2026-05-01 02:24:34 [INFO] apscheduler.executors.default: Running job "Garden AI Processing (trigger: interval[0:00:10], next run at: 2026-04-30 20:54:44 UTC)" (scheduled at 2026-04-30 20:54:34.723931+00:00)
2026-05-01 02:24:34 [INFO] garden_cron: [2026-05-01 02:24:34] Cronjob triggered
2026-05-01 02:24:34 [INFO] services.garden_processor: No garden updates with status='Ready to Process' found.
2026-05-01 02:24:34 [INFO] garden_cron: Cronjob complete — 0 garden(s) processed.
2026-05-01 02:24:34 [INFO] apscheduler.executors.default: Job "Garden AI Processing (trigger: interval[0:00:10], next run at: 2026-04-30 20:54:44 UTC)" executed successfully
2026-05-01 02:24:44 [INFO] apscheduler.executors.default: Running job "Garden AI Processing (trigger: interval[0:00:10], next run at: 2026-04-30 20:54:54 UTC)" (scheduled at 2026-04-30 20:54:44.723931+00:00)
2026-05-01 02:24:44 [INFO] garden_cron: [2026-05-01 02:24:44] Cronjob triggered
2026-05-01 02:24:44 [INFO] services.garden_processor: No garden updates with status='Ready to Process' found.
2026-05-01 02:24:44 [INFO] garden_cron: Cronjob complete — 0 garden(s) processed.
2026-05-01 02:24:44 [INFO] apscheduler.executors.default: Job "Garden AI Processing (trigger: interval[0:00:10], next run at: 2026-04-30 20:54:54 UTC)" executed successfully
2026-05-01 02:24:54 [INFO] apscheduler.executors.default: Running job "Garden AI Processing (trigger: interval[0:00:10], next run at: 2026-04-30 20:55:04 UTC)" (scheduled at 2026-04-30 20:54:54.723931+00:00)
2026-05-01 02:24:54 [INFO] garden_cron: [2026-05-01 02:24:54] Cronjob triggered
2026-05-01 02:24:54 [INFO] services.garden_processor: No garden updates with status='Ready to Process' found.
2026-05-01 02:24:54 [INFO] garden_cron: Cronjob complete — 0 garden(s) processed.
2026-05-01 02:24:54 [INFO] apscheduler.executors.default: Job "Garden AI Processing (trigger: interval[0:00:10], next run at: 2026-04-30 20:55:04 UTC)" executed successfully
2026-05-01 02:25:04 [INFO] apscheduler.executors.default: Running job "Garden AI Processing (trigger: interval[0:00:10], next run at: 2026-04-30 20:55:14 UTC)" (scheduled at 2026-04-30 20:55:04.723931+00:00)
2026-05-01 02:25:04 [INFO] garden_cron: [2026-05-01 02:25:04] Cronjob triggered
2026-05-01 02:25:04 [INFO] services.garden_processor: No garden updates with status='Ready to Process' found.
2026-05-01 02:25:04 [INFO] garden_cron: Cronjob complete — 0 garden(s) processed.
2026-05-01 02:25:04 [INFO] apscheduler.executors.default: Job "Garden AI Processing (trigger: interval[0:00:10], next run at: 2026-04-30 20:55:14 UTC)" executed successfully
2026-05-01 02:25:14 [INFO] apscheduler.executors.default: Running job "Garden AI Processing (trigger: interval[0:00:10], next run at: 2026-04-30 20:55:24 UTC)" (scheduled at 2026-04-30 20:55:14.723931+00:00)
2026-05-01 02:25:14 [INFO] garden_cron: [2026-05-01 02:25:14] Cronjob triggered
2026-05-01 02:25:14 [INFO] services.garden_processor: No garden updates with status='Ready to Process' found.
2026-05-01 02:25:14 [INFO] garden_cron: Cronjob complete — 0 garden(s) processed.
2026-05-01 02:25:14 [INFO] apscheduler.executors.default: Job "Garden AI Processing (trigger: interval[0:00:10], next run at: 2026-04-30 20:55:24 UTC)" executed successfully
2026-05-01 02:25:24 [INFO] apscheduler.executors.default: Running job "Garden AI Processing (trigger: interval[0:00:10], next run at: 2026-04-30 20:55:34 UTC)" (scheduled at 2026-04-30 20:55:24.723931+00:00)
2026-05-01 02:25:24 [INFO] garden_cron: [2026-05-01 02:25:24] Cronjob triggered
2026-05-01 02:25:24 [INFO] services.garden_processor: No garden updates with status='Ready to Process' found.
2026-05-01 02:25:24 [INFO] garden_cron: Cronjob complete — 0 garden(s) processed.
2026-05-01 02:25:24 [INFO] apscheduler.executors.default: Job "Garden AI Processing (trigger: interval[0:00:10], next run at: 2026-04-30 20:55:34 UTC)" executed successfully
2026-05-01 02:25:34 [INFO] apscheduler.executors.default: Running job "Garden AI Processing (trigger: interval[0:00:10], next run at: 2026-04-30 20:55:44 UTC)" (scheduled at 2026-04-30 20:55:34.723931+00:00)
2026-05-01 02:25:34 [INFO] garden_cron: [2026-05-01 02:25:34] Cronjob triggered
2026-05-01 02:25:34 [INFO] services.garden_processor: No garden updates with status='Ready to Process' found.
2026-05-01 02:25:34 [INFO] garden_cron: Cronjob complete — 0 garden(s) processed.
2026-05-01 02:25:34 [INFO] apscheduler.executors.default: Job "Garden AI Processing (trigger: interval[0:00:10], next run at: 2026-04-30 20:55:44 UTC)" executed successfully
2026-05-01 02:25:44 [INFO] apscheduler.executors.default: Running job "Garden AI Processing (trigger: interval[0:00:10], next run at: 2026-04-30 20:55:54 UTC)" (scheduled at 2026-04-30 20:55:44.723931+00:00)
2026-05-01 02:25:44 [INFO] garden_cron: [2026-05-01 02:25:44] Cronjob triggered
2026-05-01 02:25:44 [INFO] services.garden_processor: No garden updates with status='Ready to Process' found.
2026-05-01 02:25:44 [INFO] garden_cron: Cronjob complete — 0 garden(s) processed.
2026-05-01 02:25:44 [INFO] apscheduler.executors.default: Job "Garden AI Processing (trigger: interval[0:00:10], next run at: 2026-04-30 20:55:54 UTC)" executed successfully
2026-05-01 02:25:54 [INFO] apscheduler.executors.default: Running job "Garden AI Processing (trigger: interval[0:00:10], next run at: 2026-04-30 20:56:04 UTC)" (scheduled at 2026-04-30 20:55:54.723931+00:00)
2026-05-01 02:25:54 [INFO] garden_cron: [2026-05-01 02:25:54] Cronjob triggered
2026-05-01 02:25:54 [INFO] services.garden_processor: No garden updates with status='Ready to Process' found.
2026-05-01 02:25:54 [INFO] garden_cron: Cronjob complete — 0 garden(s) processed.
2026-05-01 02:25:54 [INFO] apscheduler.executors.default: Job "Garden AI Processing (trigger: interval[0:00:10], next run at: 2026-04-30 20:56:04 UTC)" executed successfully
2026-05-01 02:26:04 [INFO] apscheduler.executors.default: Running job "Garden AI Processing (trigger: interval[0:00:10], next run at: 2026-04-30 20:56:14 UTC)" (scheduled at 2026-04-30 20:56:04.723931+00:00)
2026-05-01 02:26:04 [INFO] garden_cron: [2026-05-01 02:26:04] Cronjob triggered
2026-05-01 02:26:04 [INFO] services.garden_processor: No garden updates with status='Ready to Process' found.
2026-05-01 02:26:04 [INFO] garden_cron: Cronjob complete — 0 garden(s) processed.
2026-05-01 02:26:04 [INFO] apscheduler.executors.default: Job "Garden AI Processing (trigger: interval[0:00:10], next run at: 2026-04-30 20:56:14 UTC)" executed successfully
2026-05-01 02:26:14 [INFO] apscheduler.executors.default: Running job "Garden AI Processing (trigger: interval[0:00:10], next run at: 2026-04-30 20:56:24 UTC)" (scheduled at 2026-04-30 20:56:14.723931+00:00)
2026-05-01 02:26:14 [INFO] garden_cron: [2026-05-01 02:26:14] Cronjob triggered
2026-05-01 02:26:14 [INFO] services.garden_processor: No garden updates with status='Ready to Process' found.
2026-05-01 02:26:14 [INFO] garden_cron: Cronjob complete — 0 garden(s) processed.
2026-05-01 02:26:14 [INFO] apscheduler.executors.default: Job "Garden AI Processing (trigger: interval[0:00:10], next run at: 2026-04-30 20:56:24 UTC)" executed successfully
2026-05-01 02:26:24 [INFO] apscheduler.executors.default: Running job "Garden AI Processing (trigger: interval[0:00:10], next run at: 2026-04-30 20:56:34 UTC)" (scheduled at 2026-04-30 20:56:24.723931+00:00)
2026-05-01 02:26:24 [INFO] garden_cron: [2026-05-01 02:26:24] Cronjob triggered
2026-05-01 02:26:24 [INFO] services.garden_processor: No garden updates with status='Ready to Process' found.
2026-05-01 02:26:24 [INFO] garden_cron: Cronjob complete — 0 garden(s) processed.
2026-05-01 02:26:24 [INFO] apscheduler.executors.default: Job "Garden AI Processing (trigger: interval[0:00:10], next run at: 2026-04-30 20:56:34 UTC)" executed successfully
2026-05-01 02:26:34 [INFO] apscheduler.executors.default: Running job "Garden AI Processing (trigger: interval[0:00:10], next run at: 2026-04-30 20:56:44 UTC)" (scheduled at 2026-04-30 20:56:34.723931+00:00)
2026-05-01 02:26:34 [INFO] garden_cron: [2026-05-01 02:26:34] Cronjob triggered
2026-05-01 02:26:34 [INFO] services.garden_processor: No garden updates with status='Ready to Process' found.
2026-05-01 02:26:34 [INFO] garden_cron: Cronjob complete — 0 garden(s) processed.
2026-05-01 02:26:34 [INFO] apscheduler.executors.default: Job "Garden AI Processing (trigger: interval[0:00:10], next run at: 2026-04-30 20:56:44 UTC)" executed successfully
2026-05-01 02:26:44 [INFO] apscheduler.executors.default: Running job "Garden AI Processing (trigger: interval[0:00:10], next run at: 2026-04-30 20:56:54 UTC)" (scheduled at 2026-04-30 20:56:44.723931+00:00)
2026-05-01 02:26:44 [INFO] garden_cron: [2026-05-01 02:26:44] Cronjob triggered
2026-05-01 02:26:44 [INFO] services.garden_processor: No garden updates with status='Ready to Process' found.
2026-05-01 02:26:44 [INFO] garden_cron: Cronjob complete — 0 garden(s) processed.
2026-05-01 02:26:44 [INFO] apscheduler.executors.default: Job "Garden AI Processing (trigger: interval[0:00:10], next run at: 2026-04-30 20:56:54 UTC)" executed successfully
2026-05-01 02:26:54 [INFO] apscheduler.executors.default: Running job "Garden AI Processing (trigger: interval[0:00:10], next run at: 2026-04-30 20:57:04 UTC)" (scheduled at 2026-04-30 20:56:54.723931+00:00)
2026-05-01 02:26:54 [INFO] garden_cron: [2026-05-01 02:26:54] Cronjob triggered
2026-05-01 02:26:54 [INFO] services.garden_processor: No garden updates with status='Ready to Process' found.
2026-05-01 02:26:54 [INFO] garden_cron: Cronjob complete — 0 garden(s) processed.
2026-05-01 02:26:54 [INFO] apscheduler.executors.default: Job "Garden AI Processing (trigger: interval[0:00:10], next run at: 2026-04-30 20:57:04 UTC)" executed successfully
2026-05-01 02:27:04 [INFO] apscheduler.executors.default: Running job "Garden AI Processing (trigger: interval[0:00:10], next run at: 2026-04-30 20:57:14 UTC)" (scheduled at 2026-04-30 20:57:04.723931+00:00)
2026-05-01 02:27:04 [INFO] garden_cron: [2026-05-01 02:27:04] Cronjob triggered
2026-05-01 02:27:04 [INFO] services.garden_processor: No garden updates with status='Ready to Process' found.
2026-05-01 02:27:04 [INFO] garden_cron: Cronjob complete — 0 garden(s) processed.
2026-05-01 02:27:04 [INFO] apscheduler.executors.default: Job "Garden AI Processing (trigger: interval[0:00:10], next run at: 2026-04-30 20:57:14 UTC)" executed successfully
2026-05-01 02:27:14 [INFO] apscheduler.executors.default: Running job "Garden AI Processing (trigger: interval[0:00:10], next run at: 2026-04-30 20:57:24 UTC)" (scheduled at 2026-04-30 20:57:14.723931+00:00)
2026-05-01 02:27:14 [INFO] garden_cron: [2026-05-01 02:27:14] Cronjob triggered
2026-05-01 02:27:14 [INFO] services.garden_processor: No garden updates with status='Ready to Process' found.
2026-05-01 02:27:14 [INFO] garden_cron: Cronjob complete — 0 garden(s) processed.
2026-05-01 02:27:14 [INFO] apscheduler.executors.default: Job "Garden AI Processing (trigger: interval[0:00:10], next run at: 2026-04-30 20:57:24 UTC)" executed successfully
2026-05-01 02:27:24 [INFO] apscheduler.executors.default: Running job "Garden AI Processing (trigger: interval[0:00:10], next run at: 2026-04-30 20:57:34 UTC)" (scheduled at 2026-04-30 20:57:24.723931+00:00)
2026-05-01 02:27:24 [INFO] garden_cron: [2026-05-01 02:27:24] Cronjob triggered
2026-05-01 02:27:24 [INFO] services.garden_processor: No garden updates with status='Ready to Process' found.
2026-05-01 02:27:24 [INFO] garden_cron: Cronjob complete — 0 garden(s) processed.
2026-05-01 02:27:24 [INFO] apscheduler.executors.default: Job "Garden AI Processing (trigger: interval[0:00:10], next run at: 2026-04-30 20:57:34 UTC)" executed successfully
2026-05-01 02:27:34 [INFO] apscheduler.executors.default: Running job "Garden AI Processing (trigger: interval[0:00:10], next run at: 2026-04-30 20:57:44 UTC)" (scheduled at 2026-04-30 20:57:34.723931+00:00)
2026-05-01 02:27:34 [INFO] garden_cron: [2026-05-01 02:27:34] Cronjob triggered
2026-05-01 02:27:34 [INFO] services.garden_processor: No garden updates with status='Ready to Process' found.
2026-05-01 02:27:34 [INFO] garden_cron: Cronjob complete — 0 garden(s) processed.
2026-05-01 02:27:34 [INFO] apscheduler.executors.default: Job "Garden AI Processing (trigger: interval[0:00:10], next run at: 2026-04-30 20:57:44 UTC)" executed successfully
2026-05-01 02:27:44 [INFO] apscheduler.executors.default: Running job "Garden AI Processing (trigger: interval[0:00:10], next run at: 2026-04-30 20:57:54 UTC)" (scheduled at 2026-04-30 20:57:44.723931+00:00)
2026-05-01 02:27:44 [INFO] garden_cron: [2026-05-01 02:27:44] Cronjob triggered
2026-05-01 02:27:44 [INFO] services.garden_processor: No garden updates with status='Ready to Process' found.
2026-05-01 02:27:44 [INFO] garden_cron: Cronjob complete — 0 garden(s) processed.
2026-05-01 02:27:44 [INFO] apscheduler.executors.default: Job "Garden AI Processing (trigger: interval[0:00:10], next run at: 2026-04-30 20:57:54 UTC)" executed successfully
2026-05-01 02:27:54 [INFO] apscheduler.executors.default: Running job "Garden AI Processing (trigger: interval[0:00:10], next run at: 2026-04-30 20:58:04 UTC)" (scheduled at 2026-04-30 20:57:54.723931+00:00)
2026-05-01 02:27:54 [INFO] garden_cron: [2026-05-01 02:27:54] Cronjob triggered
2026-05-01 02:27:54 [INFO] services.garden_processor: No garden updates with status='Ready to Process' found.
2026-05-01 02:27:54 [INFO] garden_cron: Cronjob complete — 0 garden(s) processed.
2026-05-01 02:27:54 [INFO] apscheduler.executors.default: Job "Garden AI Processing (trigger: interval[0:00:10], next run at: 2026-04-30 20:58:04 UTC)" executed successfully
2026-05-01 02:28:04 [INFO] apscheduler.executors.default: Running job "Garden AI Processing (trigger: interval[0:00:10], next run at: 2026-04-30 20:58:14 UTC)" (scheduled at 2026-04-30 20:58:04.723931+00:00)
2026-05-01 02:28:04 [INFO] garden_cron: [2026-05-01 02:28:04] Cronjob triggered
2026-05-01 02:28:04 [INFO] services.garden_processor: No garden updates with status='Ready to Process' found.
2026-05-01 02:28:04 [INFO] garden_cron: Cronjob complete — 0 garden(s) processed.
2026-05-01 02:28:04 [INFO] apscheduler.executors.default: Job "Garden AI Processing (trigger: interval[0:00:10], next run at: 2026-04-30 20:58:14 UTC)" executed successfully
2026-05-01 02:28:14 [INFO] apscheduler.executors.default: Running job "Garden AI Processing (trigger: interval[0:00:10], next run at: 2026-04-30 20:58:24 UTC)" (scheduled at 2026-04-30 20:58:14.723931+00:00)
2026-05-01 02:28:14 [INFO] garden_cron: [2026-05-01 02:28:14] Cronjob triggered
2026-05-01 02:28:14 [INFO] services.garden_processor: No garden updates with status='Ready to Process' found.
2026-05-01 02:28:14 [INFO] garden_cron: Cronjob complete — 0 garden(s) processed.
2026-05-01 02:28:14 [INFO] apscheduler.executors.default: Job "Garden AI Processing (trigger: interval[0:00:10], next run at: 2026-04-30 20:58:24 UTC)" executed successfully
2026-05-01 03:02:22 [WARNING] apscheduler.executors.default: Run time of job "Garden AI Processing (trigger: interval[0:00:10], next run at: 2026-04-30 21:32:24 UTC)" was missed by 0:00:07.474637
2026-05-01 03:19:08 [WARNING] apscheduler.executors.default: Run time of job "Garden AI Processing (trigger: interval[0:00:10], next run at: 2026-04-30 21:49:14 UTC)" was missed by 0:00:03.627058
2026-05-01 03:35:51 [WARNING] apscheduler.executors.default: Run time of job "Garden AI Processing (trigger: interval[0:00:10], next run at: 2026-04-30 22:05:54 UTC)" was missed by 0:00:06.621181
2026-05-01 03:35:54 [INFO] apscheduler.executors.default: Running job "Garden AI Processing (trigger: interval[0:00:10], next run at: 2026-04-30 22:06:04 UTC)" (scheduled at 2026-04-30 22:05:54.723931+00:00)
2026-05-01 03:35:54 [INFO] garden_cron: [2026-05-01 03:35:54] Cronjob triggered
2026-05-01 03:35:54 [INFO] services.garden_processor: No garden updates with status='Ready to Process' found.
2026-05-01 03:35:54 [INFO] garden_cron: Cronjob complete — 0 garden(s) processed.
2026-05-01 03:35:54 [INFO] apscheduler.executors.default: Job "Garden AI Processing (trigger: interval[0:00:10], next run at: 2026-04-30 22:06:04 UTC)" executed successfully
2026-05-01 04:07:46 [WARNING] apscheduler.executors.default: Run time of job "Garden AI Processing (trigger: interval[0:00:10], next run at: 2026-04-30 22:37:54 UTC)" was missed by 0:00:02.273010
2026-05-01 04:29:15 [INFO] apscheduler.executors.default: Running job "Garden AI Processing (trigger: interval[0:00:10], next run at: 2026-04-30 22:59:24 UTC)" (scheduled at 2026-04-30 22:59:14.723931+00:00)
2026-05-01 04:29:15 [INFO] garden_cron: [2026-05-01 04:29:15] Cronjob triggered
2026-05-01 04:29:15 [INFO] services.garden_processor: No garden updates with status='Ready to Process' found.
2026-05-01 04:29:15 [INFO] garden_cron: Cronjob complete — 0 garden(s) processed.
2026-05-01 04:29:15 [INFO] apscheduler.executors.default: Job "Garden AI Processing (trigger: interval[0:00:10], next run at: 2026-04-30 22:59:24 UTC)" executed successfully
2026-05-01 04:45:30 [WARNING] apscheduler.executors.default: Run time of job "Garden AI Processing (trigger: interval[0:00:10], next run at: 2026-04-30 23:15:34 UTC)" was missed by 0:00:05.592566
2026-05-01 05:01:03 [WARNING] apscheduler.executors.default: Run time of job "Garden AI Processing (trigger: interval[0:00:10], next run at: 2026-04-30 23:31:04 UTC)" was missed by 0:00:08.629912
2026-05-01 05:01:04 [INFO] apscheduler.executors.default: Running job "Garden AI Processing (trigger: interval[0:00:10], next run at: 2026-04-30 23:31:14 UTC)" (scheduled at 2026-04-30 23:31:04.723931+00:00)
2026-05-01 05:01:04 [INFO] garden_cron: [2026-05-01 05:01:04] Cronjob triggered
2026-05-01 05:01:04 [INFO] services.garden_processor: No garden updates with status='Ready to Process' found.
2026-05-01 05:01:04 [INFO] garden_cron: Cronjob complete — 0 garden(s) processed.
2026-05-01 05:01:04 [INFO] apscheduler.executors.default: Job "Garden AI Processing (trigger: interval[0:00:10], next run at: 2026-04-30 23:31:14 UTC)" executed successfully
2026-05-01 05:30:14 [WARNING] apscheduler.executors.default: Run time of job "Garden AI Processing (trigger: interval[0:00:10], next run at: 2026-05-01 00:00:14 UTC)" was missed by 0:00:09.577498
2026-05-01 05:30:14 [INFO] apscheduler.executors.default: Running job "Garden AI Processing (trigger: interval[0:00:10], next run at: 2026-05-01 00:00:24 UTC)" (scheduled at 2026-05-01 00:00:14.723931+00:00)
2026-05-01 05:30:14 [INFO] garden_cron: [2026-05-01 05:30:14] Cronjob triggered
2026-05-01 05:30:14 [INFO] services.garden_processor: No garden updates with status='Ready to Process' found.
2026-05-01 05:30:14 [INFO] garden_cron: Cronjob complete — 0 garden(s) processed.
2026-05-01 05:30:14 [INFO] apscheduler.executors.default: Job "Garden AI Processing (trigger: interval[0:00:10], next run at: 2026-05-01 00:00:24 UTC)" executed successfully
2026-05-01 05:45:33 [WARNING] apscheduler.executors.default: Run time of job "Garden AI Processing (trigger: interval[0:00:10], next run at: 2026-05-01 00:15:34 UTC)" was missed by 0:00:09.018034
2026-05-01 05:45:34 [INFO] apscheduler.executors.default: Running job "Garden AI Processing (trigger: interval[0:00:10], next run at: 2026-05-01 00:15:44 UTC)" (scheduled at 2026-05-01 00:15:34.723931+00:00)
2026-05-01 05:45:34 [INFO] garden_cron: [2026-05-01 05:45:34] Cronjob triggered
2026-05-01 05:45:34 [INFO] services.garden_processor: No garden updates with status='Ready to Process' found.
2026-05-01 05:45:34 [INFO] garden_cron: Cronjob complete — 0 garden(s) processed.
2026-05-01 05:45:34 [INFO] apscheduler.executors.default: Job "Garden AI Processing (trigger: interval[0:00:10], next run at: 2026-05-01 00:15:44 UTC)" executed successfully
2026-05-01 06:19:20 [WARNING] apscheduler.executors.default: Run time of job "Garden AI Processing (trigger: interval[0:00:10], next run at: 2026-05-01 00:49:24 UTC)" was missed by 0:00:06.226528
2026-05-01 06:31:15 [INFO] apscheduler.executors.default: Running job "Garden AI Processing (trigger: interval[0:00:10], next run at: 2026-05-01 01:01:24 UTC)" (scheduled at 2026-05-01 01:01:14.723931+00:00)
2026-05-01 06:31:15 [INFO] garden_cron: [2026-05-01 06:31:15] Cronjob triggered
2026-05-01 06:31:15 [INFO] services.garden_processor: No garden updates with status='Ready to Process' found.
2026-05-01 06:31:15 [INFO] garden_cron: Cronjob complete — 0 garden(s) processed.
2026-05-01 06:31:15 [INFO] apscheduler.executors.default: Job "Garden AI Processing (trigger: interval[0:00:10], next run at: 2026-05-01 01:01:24 UTC)" executed successfully
2026-05-01 06:49:04 [WARNING] apscheduler.executors.default: Run time of job "Garden AI Processing (trigger: interval[0:00:10], next run at: 2026-05-01 01:19:04 UTC)" was missed by 0:00:09.473640
2026-05-01 06:49:04 [INFO] apscheduler.executors.default: Running job "Garden AI Processing (trigger: interval[0:00:10], next run at: 2026-05-01 01:19:14 UTC)" (scheduled at 2026-05-01 01:19:04.723931+00:00)
2026-05-01 06:49:04 [INFO] garden_cron: [2026-05-01 06:49:04] Cronjob triggered
2026-05-01 06:49:04 [INFO] services.garden_processor: No garden updates with status='Ready to Process' found.
2026-05-01 06:49:04 [INFO] garden_cron: Cronjob complete — 0 garden(s) processed.
2026-05-01 06:49:04 [INFO] apscheduler.executors.default: Job "Garden AI Processing (trigger: interval[0:00:10], next run at: 2026-05-01 01:19:14 UTC)" executed successfully
2026-05-01 07:05:14 [INFO] apscheduler.executors.default: Running job "Garden AI Processing (trigger: interval[0:00:10], next run at: 2026-05-01 01:35:24 UTC)" (scheduled at 2026-05-01 01:35:14.723931+00:00)
2026-05-01 07:05:14 [INFO] garden_cron: [2026-05-01 07:05:14] Cronjob triggered
2026-05-01 07:05:14 [INFO] services.garden_processor: No garden updates with status='Ready to Process' found.
2026-05-01 07:05:14 [INFO] garden_cron: Cronjob complete — 0 garden(s) processed.
2026-05-01 07:05:14 [INFO] apscheduler.executors.default: Job "Garden AI Processing (trigger: interval[0:00:10], next run at: 2026-05-01 01:35:24 UTC)" executed successfully
2026-05-01 07:21:54 [WARNING] apscheduler.executors.default: Run time of job "Garden AI Processing (trigger: interval[0:00:10], next run at: 2026-05-01 01:51:54 UTC)" was missed by 0:00:09.608571
2026-05-01 07:32:14 [WARNING] apscheduler.executors.default: Run time of job "Garden AI Processing (trigger: interval[0:00:10], next run at: 2026-05-01 02:02:14 UTC)" was missed by 0:00:09.659209
2026-05-01 07:32:14 [INFO] apscheduler.executors.default: Running job "Garden AI Processing (trigger: interval[0:00:10], next run at: 2026-05-01 02:02:24 UTC)" (scheduled at 2026-05-01 02:02:14.723931+00:00)
2026-05-01 07:32:14 [INFO] garden_cron: [2026-05-01 07:32:14] Cronjob triggered
2026-05-01 07:32:14 [INFO] services.garden_processor: No garden updates with status='Ready to Process' found.
2026-05-01 07:32:14 [INFO] garden_cron: Cronjob complete — 0 garden(s) processed.
2026-05-01 07:32:14 [INFO] apscheduler.executors.default: Job "Garden AI Processing (trigger: interval[0:00:10], next run at: 2026-05-01 02:02:24 UTC)" executed successfully
2026-05-01 07:47:26 [WARNING] apscheduler.executors.default: Run time of job "Garden AI Processing (trigger: interval[0:00:10], next run at: 2026-05-01 02:17:34 UTC)" was missed by 0:00:01.504641
2026-05-01 08:21:51 [WARNING] apscheduler.executors.default: Run time of job "Garden AI Processing (trigger: interval[0:00:10], next run at: 2026-05-01 02:51:54 UTC)" was missed by 0:00:06.312322
2026-05-01 08:21:54 [INFO] apscheduler.executors.default: Running job "Garden AI Processing (trigger: interval[0:00:10], next run at: 2026-05-01 02:52:04 UTC)" (scheduled at 2026-05-01 02:51:54.723931+00:00)
2026-05-01 08:21:54 [INFO] garden_cron: [2026-05-01 08:21:54] Cronjob triggered
2026-05-01 08:21:54 [INFO] services.garden_processor: No garden updates with status='Ready to Process' found.
2026-05-01 08:21:54 [INFO] garden_cron: Cronjob complete — 0 garden(s) processed.
2026-05-01 08:21:54 [INFO] apscheduler.executors.default: Job "Garden AI Processing (trigger: interval[0:00:10], next run at: 2026-05-01 02:52:04 UTC)" executed successfully
2026-05-01 08:33:23 [WARNING] apscheduler.executors.default: Run time of job "Garden AI Processing (trigger: interval[0:00:10], next run at: 2026-05-01 03:03:24 UTC)" was missed by 0:00:08.661669
2026-05-01 08:33:24 [INFO] apscheduler.executors.default: Running job "Garden AI Processing (trigger: interval[0:00:10], next run at: 2026-05-01 03:03:34 UTC)" (scheduled at 2026-05-01 03:03:24.723931+00:00)
2026-05-01 08:33:24 [INFO] garden_cron: [2026-05-01 08:33:24] Cronjob triggered
2026-05-01 08:33:24 [INFO] services.garden_processor: No garden updates with status='Ready to Process' found.
2026-05-01 08:33:24 [INFO] garden_cron: Cronjob complete — 0 garden(s) processed.
2026-05-01 08:33:24 [INFO] apscheduler.executors.default: Job "Garden AI Processing (trigger: interval[0:00:10], next run at: 2026-05-01 03:03:34 UTC)" executed successfully
2026-05-01 08:36:27 [WARNING] apscheduler.executors.default: Run time of job "Garden AI Processing (trigger: interval[0:00:10], next run at: 2026-05-01 03:06:34 UTC)" was missed by 0:00:03.136840
2026-05-01 08:48:42 [WARNING] apscheduler.executors.default: Run time of job "Garden AI Processing (trigger: interval[0:00:10], next run at: 2026-05-01 03:18:44 UTC)" was missed by 0:00:08.230989
2026-05-01 08:48:44 [INFO] apscheduler.executors.default: Running job "Garden AI Processing (trigger: interval[0:00:10], next run at: 2026-05-01 03:18:54 UTC)" (scheduled at 2026-05-01 03:18:44.723931+00:00)
2026-05-01 08:48:44 [INFO] garden_cron: [2026-05-01 08:48:44] Cronjob triggered
2026-05-01 08:48:44 [INFO] services.garden_processor: No garden updates with status='Ready to Process' found.
2026-05-01 08:48:44 [INFO] garden_cron: Cronjob complete — 0 garden(s) processed.
2026-05-01 08:48:44 [INFO] apscheduler.executors.default: Job "Garden AI Processing (trigger: interval[0:00:10], next run at: 2026-05-01 03:18:54 UTC)" executed successfully
2026-05-01 08:48:54 [INFO] apscheduler.executors.default: Running job "Garden AI Processing (trigger: interval[0:00:10], next run at: 2026-05-01 03:19:04 UTC)" (scheduled at 2026-05-01 03:18:54.723931+00:00)
2026-05-01 08:48:54 [INFO] garden_cron: [2026-05-01 08:48:54] Cronjob triggered
2026-05-01 08:48:54 [INFO] services.garden_processor: No garden updates with status='Ready to Process' found.
2026-05-01 08:48:54 [INFO] garden_cron: Cronjob complete — 0 garden(s) processed.
2026-05-01 08:48:54 [INFO] apscheduler.executors.default: Job "Garden AI Processing (trigger: interval[0:00:10], next run at: 2026-05-01 03:19:04 UTC)" executed successfully
2026-05-01 08:49:04 [INFO] apscheduler.executors.default: Running job "Garden AI Processing (trigger: interval[0:00:10], next run at: 2026-05-01 03:19:14 UTC)" (scheduled at 2026-05-01 03:19:04.723931+00:00)
2026-05-01 08:49:04 [INFO] garden_cron: [2026-05-01 08:49:04] Cronjob triggered
2026-05-01 08:49:04 [INFO] services.garden_processor: No garden updates with status='Ready to Process' found.
2026-05-01 08:49:04 [INFO] garden_cron: Cronjob complete — 0 garden(s) processed.
2026-05-01 08:49:04 [INFO] apscheduler.executors.default: Job "Garden AI Processing (trigger: interval[0:00:10], next run at: 2026-05-01 03:19:14 UTC)" executed successfully
2026-05-01 09:20:09 [WARNING] apscheduler.executors.default: Run time of job "Garden AI Processing (trigger: interval[0:00:10], next run at: 2026-05-01 03:50:14 UTC)" was missed by 0:00:04.579940
2026-05-01 09:34:14 [WARNING] apscheduler.executors.default: Run time of job "Garden AI Processing (trigger: interval[0:00:10], next run at: 2026-05-01 04:04:14 UTC)" was missed by 0:00:09.693963
2026-05-01 09:34:14 [INFO] apscheduler.executors.default: Running job "Garden AI Processing (trigger: interval[0:00:10], next run at: 2026-05-01 04:04:24 UTC)" (scheduled at 2026-05-01 04:04:14.723931+00:00)
2026-05-01 09:34:14 [INFO] garden_cron: [2026-05-01 09:34:14] Cronjob triggered
2026-05-01 09:34:14 [INFO] services.garden_processor: No garden updates with status='Ready to Process' found.
2026-05-01 09:34:14 [INFO] garden_cron: Cronjob complete — 0 garden(s) processed.
2026-05-01 09:34:14 [INFO] apscheduler.executors.default: Job "Garden AI Processing (trigger: interval[0:00:10], next run at: 2026-05-01 04:04:24 UTC)" executed successfully
2026-05-01 09:34:24 [INFO] apscheduler.executors.default: Running job "Garden AI Processing (trigger: interval[0:00:10], next run at: 2026-05-01 04:04:34 UTC)" (scheduled at 2026-05-01 04:04:24.723931+00:00)
2026-05-01 09:34:24 [INFO] garden_cron: [2026-05-01 09:34:24] Cronjob triggered
2026-05-01 09:34:24 [INFO] services.garden_processor: No garden updates with status='Ready to Process' found.
2026-05-01 09:34:24 [INFO] garden_cron: Cronjob complete — 0 garden(s) processed.
2026-05-01 09:34:24 [INFO] apscheduler.executors.default: Job "Garden AI Processing (trigger: interval[0:00:10], next run at: 2026-05-01 04:04:34 UTC)" executed successfully
2026-05-01 09:52:01 [WARNING] apscheduler.executors.default: Run time of job "Garden AI Processing (trigger: interval[0:00:10], next run at: 2026-05-01 04:22:04 UTC)" was missed by 0:00:06.525007
2026-05-01 09:52:04 [INFO] apscheduler.executors.default: Running job "Garden AI Processing (trigger: interval[0:00:10], next run at: 2026-05-01 04:22:14 UTC)" (scheduled at 2026-05-01 04:22:04.723931+00:00)
2026-05-01 09:52:04 [INFO] garden_cron: [2026-05-01 09:52:04] Cronjob triggered
2026-05-01 09:52:04 [INFO] services.garden_processor: No garden updates with status='Ready to Process' found.
2026-05-01 09:52:04 [INFO] garden_cron: Cronjob complete — 0 garden(s) processed.
2026-05-01 09:52:04 [INFO] apscheduler.executors.default: Job "Garden AI Processing (trigger: interval[0:00:10], next run at: 2026-05-01 04:22:14 UTC)" executed successfully
2026-05-01 09:57:28 [WARNING] apscheduler.executors.default: Run time of job "Garden AI Processing (trigger: interval[0:00:10], next run at: 2026-05-01 04:27:34 UTC)" was missed by 0:00:03.825931
2026-05-01 09:57:34 [INFO] apscheduler.executors.default: Running job "Garden AI Processing (trigger: interval[0:00:10], next run at: 2026-05-01 04:27:44 UTC)" (scheduled at 2026-05-01 04:27:34.723931+00:00)
2026-05-01 09:57:34 [INFO] garden_cron: [2026-05-01 09:57:34] Cronjob triggered
2026-05-01 09:57:34 [INFO] services.garden_processor: No garden updates with status='Ready to Process' found.
2026-05-01 09:57:34 [INFO] garden_cron: Cronjob complete — 0 garden(s) processed.
2026-05-01 09:57:34 [INFO] apscheduler.executors.default: Job "Garden AI Processing (trigger: interval[0:00:10], next run at: 2026-05-01 04:27:44 UTC)" executed successfully
2026-05-01 10:12:47 [WARNING] apscheduler.executors.default: Run time of job "Garden AI Processing (trigger: interval[0:00:10], next run at: 2026-05-01 04:42:54 UTC)" was missed by 0:00:02.624455
2026-05-01 10:29:25 [WARNING] apscheduler.executors.default: Run time of job "Garden AI Processing (trigger: interval[0:00:10], next run at: 2026-05-01 04:59:34 UTC)" was missed by 0:00:01.259404
2026-05-01 10:39:35 [INFO] apscheduler.executors.default: Running job "Garden AI Processing (trigger: interval[0:00:10], next run at: 2026-05-01 05:09:44 UTC)" (scheduled at 2026-05-01 05:09:34.723931+00:00)
2026-05-01 10:39:35 [INFO] garden_cron: [2026-05-01 10:39:35] Cronjob triggered
2026-05-01 10:39:35 [INFO] services.garden_processor: No garden updates with status='Ready to Process' found.
2026-05-01 10:39:35 [INFO] garden_cron: Cronjob complete — 0 garden(s) processed.
2026-05-01 10:39:35 [INFO] apscheduler.executors.default: Job "Garden AI Processing (trigger: interval[0:00:10], next run at: 2026-05-01 05:09:44 UTC)" executed successfully
2026-05-01 11:12:20 [WARNING] apscheduler.executors.default: Run time of job "Garden AI Processing (trigger: interval[0:00:10], next run at: 2026-05-01 05:42:24 UTC)" was missed by 0:00:05.544404
2026-05-01 11:28:34 [INFO] apscheduler.executors.default: Running job "Garden AI Processing (trigger: interval[0:00:10], next run at: 2026-05-01 05:58:44 UTC)" (scheduled at 2026-05-01 05:58:34.723931+00:00)
2026-05-01 11:28:35 [INFO] garden_cron: [2026-05-01 11:28:35] Cronjob triggered
2026-05-01 11:28:35 [INFO] services.garden_processor: No garden updates with status='Ready to Process' found.
2026-05-01 11:28:35 [INFO] garden_cron: Cronjob complete — 0 garden(s) processed.
2026-05-01 11:28:35 [INFO] apscheduler.executors.default: Job "Garden AI Processing (trigger: interval[0:00:10], next run at: 2026-05-01 05:58:44 UTC)" executed successfully
2026-05-01 11:53:04 [WARNING] apscheduler.executors.default: Run time of job "Garden AI Processing (trigger: interval[0:00:10], next run at: 2026-05-01 06:23:04 UTC)" was missed by 0:00:09.336327
2026-05-01 11:53:04 [INFO] apscheduler.executors.default: Running job "Garden AI Processing (trigger: interval[0:00:10], next run at: 2026-05-01 06:23:14 UTC)" (scheduled at 2026-05-01 06:23:04.723931+00:00)
2026-05-01 11:53:04 [INFO] garden_cron: [2026-05-01 11:53:04] Cronjob triggered
2026-05-01 11:53:04 [INFO] services.garden_processor: No garden updates with status='Ready to Process' found.
2026-05-01 11:53:04 [INFO] garden_cron: Cronjob complete — 0 garden(s) processed.
2026-05-01 11:53:04 [INFO] apscheduler.executors.default: Job "Garden AI Processing (trigger: interval[0:00:10], next run at: 2026-05-01 06:23:14 UTC)" executed successfully
2026-05-01 12:10:58 [WARNING] apscheduler.executors.default: Run time of job "Garden AI Processing (trigger: interval[0:00:10], next run at: 2026-05-01 06:41:04 UTC)" was missed by 0:00:03.544549
2026-05-01 12:28:29 [WARNING] apscheduler.executors.default: Run time of job "Garden AI Processing (trigger: interval[0:00:10], next run at: 2026-05-01 06:58:34 UTC)" was missed by 0:00:04.635717
2026-05-01 12:43:55 [INFO] apscheduler.executors.default: Running job "Garden AI Processing (trigger: interval[0:00:10], next run at: 2026-05-01 07:14:04 UTC)" (scheduled at 2026-05-01 07:13:54.723931+00:00)
2026-05-01 12:43:55 [INFO] garden_cron: [2026-05-01 12:43:55] Cronjob triggered
2026-05-01 12:54:03 [INFO] services.garden_processor: No garden updates with status='Ready to Process' found.
2026-05-01 12:54:03 [INFO] garden_cron: Cronjob complete — 0 garden(s) processed.
2026-05-01 12:54:03 [INFO] apscheduler.executors.default: Job "Garden AI Processing (trigger: interval[0:00:10], next run at: 2026-05-01 07:14:04 UTC)" executed successfully
2026-05-01 13:09:55 [INFO] apscheduler.executors.default: Running job "Garden AI Processing (trigger: interval[0:00:10], next run at: 2026-05-01 07:40:04 UTC)" (scheduled at 2026-05-01 07:39:54.723931+00:00)
2026-05-01 13:09:55 [INFO] garden_cron: [2026-05-01 13:09:55] Cronjob triggered
2026-05-01 13:09:55 [INFO] services.garden_processor: No garden updates with status='Ready to Process' found.
2026-05-01 13:09:55 [INFO] garden_cron: Cronjob complete — 0 garden(s) processed.
2026-05-01 13:09:55 [INFO] apscheduler.executors.default: Job "Garden AI Processing (trigger: interval[0:00:10], next run at: 2026-05-01 07:40:04 UTC)" executed successfully
2026-05-01 13:27:56 [WARNING] apscheduler.executors.default: Run time of job "Garden AI Processing (trigger: interval[0:00:10], next run at: 2026-05-01 07:58:04 UTC)" was missed by 0:00:01.631147
2026-05-01 13:55:03 [WARNING] apscheduler.executors.default: Run time of job "Garden AI Processing (trigger: interval[0:00:10], next run at: 2026-05-01 08:25:04 UTC)" was missed by 0:00:08.979841
2026-05-01 13:55:04 [INFO] apscheduler.executors.default: Running job "Garden AI Processing (trigger: interval[0:00:10], next run at: 2026-05-01 08:25:14 UTC)" (scheduled at 2026-05-01 08:25:04.723931+00:00)
2026-05-01 13:55:04 [INFO] garden_cron: [2026-05-01 13:55:04] Cronjob triggered
2026-05-01 13:55:04 [INFO] services.garden_processor: No garden updates with status='Ready to Process' found.
2026-05-01 13:55:04 [INFO] garden_cron: Cronjob complete — 0 garden(s) processed.
2026-05-01 13:55:04 [INFO] apscheduler.executors.default: Job "Garden AI Processing (trigger: interval[0:00:10], next run at: 2026-05-01 08:25:14 UTC)" executed successfully
2026-05-01 14:10:19 [WARNING] apscheduler.executors.default: Run time of job "Garden AI Processing (trigger: interval[0:00:10], next run at: 2026-05-01 08:40:24 UTC)" was missed by 0:00:04.615827
2026-05-01 14:27:27 [WARNING] apscheduler.executors.default: Run time of job "Garden AI Processing (trigger: interval[0:00:10], next run at: 2026-05-01 08:57:34 UTC)" was missed by 0:00:02.640698
2026-05-01 14:43:11 [WARNING] apscheduler.executors.default: Run time of job "Garden AI Processing (trigger: interval[0:00:10], next run at: 2026-05-01 09:13:14 UTC)" was missed by 0:00:06.347337
2026-05-01 14:43:14 [INFO] apscheduler.executors.default: Running job "Garden AI Processing (trigger: interval[0:00:10], next run at: 2026-05-01 09:13:24 UTC)" (scheduled at 2026-05-01 09:13:14.723931+00:00)
2026-05-01 14:43:14 [INFO] garden_cron: [2026-05-01 14:43:14] Cronjob triggered
2026-05-01 14:43:14 [INFO] services.garden_processor: No garden updates with status='Ready to Process' found.
2026-05-01 14:43:14 [INFO] garden_cron: Cronjob complete — 0 garden(s) processed.
2026-05-01 14:43:14 [INFO] apscheduler.executors.default: Job "Garden AI Processing (trigger: interval[0:00:10], next run at: 2026-05-01 09:13:24 UTC)" executed successfully
2026-05-01 14:43:24 [INFO] apscheduler.executors.default: Running job "Garden AI Processing (trigger: interval[0:00:10], next run at: 2026-05-01 09:13:34 UTC)" (scheduled at 2026-05-01 09:13:24.723931+00:00)
2026-05-01 14:43:24 [INFO] garden_cron: [2026-05-01 14:43:24] Cronjob triggered
2026-05-01 14:43:24 [INFO] services.garden_processor: No garden updates with status='Ready to Process' found.
2026-05-01 14:43:24 [INFO] garden_cron: Cronjob complete — 0 garden(s) processed.
2026-05-01 14:43:24 [INFO] apscheduler.executors.default: Job "Garden AI Processing (trigger: interval[0:00:10], next run at: 2026-05-01 09:13:34 UTC)" executed successfully
2026-05-01 14:53:09 [WARNING] apscheduler.executors.default: Run time of job "Garden AI Processing (trigger: interval[0:00:10], next run at: 2026-05-01 09:23:14 UTC)" was missed by 0:00:04.692824
2026-05-01 14:53:14 [INFO] apscheduler.executors.default: Running job "Garden AI Processing (trigger: interval[0:00:10], next run at: 2026-05-01 09:23:24 UTC)" (scheduled at 2026-05-01 09:23:14.723931+00:00)
2026-05-01 14:53:14 [INFO] garden_cron: [2026-05-01 14:53:14] Cronjob triggered
2026-05-01 14:53:14 [INFO] services.garden_processor: No garden updates with status='Ready to Process' found.
2026-05-01 14:53:14 [INFO] garden_cron: Cronjob complete — 0 garden(s) processed.
2026-05-01 14:53:14 [INFO] apscheduler.executors.default: Job "Garden AI Processing (trigger: interval[0:00:10], next run at: 2026-05-01 09:23:24 UTC)" executed successfully
2026-05-01 14:53:24 [INFO] apscheduler.executors.default: Running job "Garden AI Processing (trigger: interval[0:00:10], next run at: 2026-05-01 09:23:34 UTC)" (scheduled at 2026-05-01 09:23:24.723931+00:00)
2026-05-01 14:53:24 [INFO] garden_cron: [2026-05-01 14:53:24] Cronjob triggered
2026-05-01 14:53:24 [INFO] services.garden_processor: No garden updates with status='Ready to Process' found.
2026-05-01 14:53:24 [INFO] garden_cron: Cronjob complete — 0 garden(s) processed.
2026-05-01 14:53:24 [INFO] apscheduler.executors.default: Job "Garden AI Processing (trigger: interval[0:00:10], next run at: 2026-05-01 09:23:34 UTC)" executed successfully
2026-05-01 14:53:34 [INFO] apscheduler.executors.default: Running job "Garden AI Processing (trigger: interval[0:00:10], next run at: 2026-05-01 09:23:44 UTC)" (scheduled at 2026-05-01 09:23:34.723931+00:00)
2026-05-01 14:53:34 [INFO] garden_cron: [2026-05-01 14:53:34] Cronjob triggered
2026-05-01 14:53:34 [INFO] services.garden_processor: No garden updates with status='Ready to Process' found.
2026-05-01 14:53:34 [INFO] garden_cron: Cronjob complete — 0 garden(s) processed.
2026-05-01 14:53:34 [INFO] apscheduler.executors.default: Job "Garden AI Processing (trigger: interval[0:00:10], next run at: 2026-05-01 09:23:44 UTC)" executed successfully
2026-05-01 14:53:44 [INFO] apscheduler.executors.default: Running job "Garden AI Processing (trigger: interval[0:00:10], next run at: 2026-05-01 09:23:54 UTC)" (scheduled at 2026-05-01 09:23:44.723931+00:00)
2026-05-01 14:53:44 [INFO] garden_cron: [2026-05-01 14:53:44] Cronjob triggered
2026-05-01 14:53:44 [INFO] services.garden_processor: No garden updates with status='Ready to Process' found.
2026-05-01 14:53:44 [INFO] garden_cron: Cronjob complete — 0 garden(s) processed.
2026-05-01 14:53:44 [INFO] apscheduler.executors.default: Job "Garden AI Processing (trigger: interval[0:00:10], next run at: 2026-05-01 09:23:54 UTC)" executed successfully
2026-05-01 14:53:54 [INFO] apscheduler.executors.default: Running job "Garden AI Processing (trigger: interval[0:00:10], next run at: 2026-05-01 09:24:04 UTC)" (scheduled at 2026-05-01 09:23:54.723931+00:00)
2026-05-01 14:53:54 [INFO] garden_cron: [2026-05-01 14:53:54] Cronjob triggered
2026-05-01 14:53:54 [INFO] services.garden_processor: No garden updates with status='Ready to Process' found.
2026-05-01 14:53:54 [INFO] garden_cron: Cronjob complete — 0 garden(s) processed.
2026-05-01 14:53:54 [INFO] apscheduler.executors.default: Job "Garden AI Processing (trigger: interval[0:00:10], next run at: 2026-05-01 09:24:04 UTC)" executed successfully
2026-05-01 14:54:04 [INFO] apscheduler.executors.default: Running job "Garden AI Processing (trigger: interval[0:00:10], next run at: 2026-05-01 09:24:14 UTC)" (scheduled at 2026-05-01 09:24:04.723931+00:00)
2026-05-01 14:54:04 [INFO] garden_cron: [2026-05-01 14:54:04] Cronjob triggered
2026-05-01 14:54:04 [INFO] services.garden_processor: No garden updates with status='Ready to Process' found.
2026-05-01 14:54:04 [INFO] garden_cron: Cronjob complete — 0 garden(s) processed.
2026-05-01 14:54:04 [INFO] apscheduler.executors.default: Job "Garden AI Processing (trigger: interval[0:00:10], next run at: 2026-05-01 09:24:14 UTC)" executed successfully
2026-05-01 15:01:11 [WARNING] apscheduler.executors.default: Run time of job "Garden AI Processing (trigger: interval[0:00:10], next run at: 2026-05-01 09:31:14 UTC)" was missed by 0:00:07.126631
2026-05-01 15:01:14 [INFO] apscheduler.executors.default: Running job "Garden AI Processing (trigger: interval[0:00:10], next run at: 2026-05-01 09:31:24 UTC)" (scheduled at 2026-05-01 09:31:14.723931+00:00)
2026-05-01 15:01:14 [INFO] garden_cron: [2026-05-01 15:01:14] Cronjob triggered
2026-05-01 15:01:14 [INFO] services.garden_processor: No garden updates with status='Ready to Process' found.
2026-05-01 15:01:14 [INFO] garden_cron: Cronjob complete — 0 garden(s) processed.
2026-05-01 15:01:14 [INFO] apscheduler.executors.default: Job "Garden AI Processing (trigger: interval[0:00:10], next run at: 2026-05-01 09:31:24 UTC)" executed successfully
2026-05-01 15:01:25 [INFO] apscheduler.executors.default: Running job "Garden AI Processing (trigger: interval[0:00:10], next run at: 2026-05-01 09:31:34 UTC)" (scheduled at 2026-05-01 09:31:24.723931+00:00)
2026-05-01 15:01:25 [INFO] garden_cron: [2026-05-01 15:01:25] Cronjob triggered
2026-05-01 15:01:25 [INFO] services.garden_processor: No garden updates with status='Ready to Process' found.
2026-05-01 15:01:25 [INFO] garden_cron: Cronjob complete — 0 garden(s) processed.
2026-05-01 15:01:25 [INFO] apscheduler.executors.default: Job "Garden AI Processing (trigger: interval[0:00:10], next run at: 2026-05-01 09:31:34 UTC)" executed successfully
2026-05-01 15:01:34 [INFO] apscheduler.executors.default: Running job "Garden AI Processing (trigger: interval[0:00:10], next run at: 2026-05-01 09:31:44 UTC)" (scheduled at 2026-05-01 09:31:34.723931+00:00)
2026-05-01 15:01:34 [INFO] garden_cron: [2026-05-01 15:01:34] Cronjob triggered
2026-05-01 15:01:34 [INFO] services.garden_processor: No garden updates with status='Ready to Process' found.
2026-05-01 15:01:34 [INFO] garden_cron: Cronjob complete — 0 garden(s) processed.
2026-05-01 15:01:34 [INFO] apscheduler.executors.default: Job "Garden AI Processing (trigger: interval[0:00:10], next run at: 2026-05-01 09:31:44 UTC)" executed successfully
2026-05-01 15:01:44 [INFO] apscheduler.executors.default: Running job "Garden AI Processing (trigger: interval[0:00:10], next run at: 2026-05-01 09:31:54 UTC)" (scheduled at 2026-05-01 09:31:44.723931+00:00)
2026-05-01 15:01:44 [INFO] garden_cron: [2026-05-01 15:01:44] Cronjob triggered
2026-05-01 15:01:44 [INFO] services.garden_processor: No garden updates with status='Ready to Process' found.
2026-05-01 15:01:44 [INFO] garden_cron: Cronjob complete — 0 garden(s) processed.
2026-05-01 15:01:44 [INFO] apscheduler.executors.default: Job "Garden AI Processing (trigger: interval[0:00:10], next run at: 2026-05-01 09:31:54 UTC)" executed successfully
2026-05-01 15:01:54 [INFO] apscheduler.executors.default: Running job "Garden AI Processing (trigger: interval[0:00:10], next run at: 2026-05-01 09:32:04 UTC)" (scheduled at 2026-05-01 09:31:54.723931+00:00)
2026-05-01 15:01:54 [INFO] garden_cron: [2026-05-01 15:01:54] Cronjob triggered
2026-05-01 15:01:54 [INFO] services.garden_processor: No garden updates with status='Ready to Process' found.
2026-05-01 15:01:54 [INFO] garden_cron: Cronjob complete — 0 garden(s) processed.
2026-05-01 15:01:54 [INFO] apscheduler.executors.default: Job "Garden AI Processing (trigger: interval[0:00:10], next run at: 2026-05-01 09:32:04 UTC)" executed successfully
2026-05-01 15:02:04 [INFO] apscheduler.executors.default: Running job "Garden AI Processing (trigger: interval[0:00:10], next run at: 2026-05-01 09:32:14 UTC)" (scheduled at 2026-05-01 09:32:04.723931+00:00)
2026-05-01 15:02:04 [INFO] garden_cron: [2026-05-01 15:02:04] Cronjob triggered
2026-05-01 15:02:04 [INFO] services.garden_processor: No garden updates with status='Ready to Process' found.
2026-05-01 15:02:04 [INFO] garden_cron: Cronjob complete — 0 garden(s) processed.
2026-05-01 15:02:04 [INFO] apscheduler.executors.default: Job "Garden AI Processing (trigger: interval[0:00:10], next run at: 2026-05-01 09:32:14 UTC)" executed successfully
2026-05-01 15:02:14 [INFO] apscheduler.executors.default: Running job "Garden AI Processing (trigger: interval[0:00:10], next run at: 2026-05-01 09:32:24 UTC)" (scheduled at 2026-05-01 09:32:14.723931+00:00)
2026-05-01 15:02:14 [INFO] garden_cron: [2026-05-01 15:02:14] Cronjob triggered
2026-05-01 15:02:14 [INFO] services.garden_processor: No garden updates with status='Ready to Process' found.
2026-05-01 15:02:14 [INFO] garden_cron: Cronjob complete — 0 garden(s) processed.
2026-05-01 15:02:14 [INFO] apscheduler.executors.default: Job "Garden AI Processing (trigger: interval[0:00:10], next run at: 2026-05-01 09:32:24 UTC)" executed successfully
2026-05-01 15:02:24 [INFO] apscheduler.executors.default: Running job "Garden AI Processing (trigger: interval[0:00:10], next run at: 2026-05-01 09:32:34 UTC)" (scheduled at 2026-05-01 09:32:24.723931+00:00)
2026-05-01 15:02:24 [INFO] garden_cron: [2026-05-01 15:02:24] Cronjob triggered
2026-05-01 15:02:24 [INFO] services.garden_processor: No garden updates with status='Ready to Process' found.
2026-05-01 15:02:24 [INFO] garden_cron: Cronjob complete — 0 garden(s) processed.
2026-05-01 15:02:24 [INFO] apscheduler.executors.default: Job "Garden AI Processing (trigger: interval[0:00:10], next run at: 2026-05-01 09:32:34 UTC)" executed successfully
2026-05-01 15:02:34 [INFO] apscheduler.executors.default: Running job "Garden AI Processing (trigger: interval[0:00:10], next run at: 2026-05-01 09:32:44 UTC)" (scheduled at 2026-05-01 09:32:34.723931+00:00)
2026-05-01 15:02:34 [INFO] garden_cron: [2026-05-01 15:02:34] Cronjob triggered
2026-05-01 15:02:34 [INFO] services.garden_processor: No garden updates with status='Ready to Process' found.
2026-05-01 15:02:34 [INFO] garden_cron: Cronjob complete — 0 garden(s) processed.
2026-05-01 15:02:34 [INFO] apscheduler.executors.default: Job "Garden AI Processing (trigger: interval[0:00:10], next run at: 2026-05-01 09:32:44 UTC)" executed successfully
2026-05-01 15:02:44 [INFO] apscheduler.executors.default: Running job "Garden AI Processing (trigger: interval[0:00:10], next run at: 2026-05-01 09:32:54 UTC)" (scheduled at 2026-05-01 09:32:44.723931+00:00)
2026-05-01 15:02:44 [INFO] garden_cron: [2026-05-01 15:02:44] Cronjob triggered
2026-05-01 15:02:44 [INFO] services.garden_processor: No garden updates with status='Ready to Process' found.
2026-05-01 15:02:44 [INFO] garden_cron: Cronjob complete — 0 garden(s) processed.
2026-05-01 15:02:44 [INFO] apscheduler.executors.default: Job "Garden AI Processing (trigger: interval[0:00:10], next run at: 2026-05-01 09:32:54 UTC)" executed successfully
2026-05-01 15:02:54 [INFO] apscheduler.executors.default: Running job "Garden AI Processing (trigger: interval[0:00:10], next run at: 2026-05-01 09:33:04 UTC)" (scheduled at 2026-05-01 09:32:54.723931+00:00)
2026-05-01 15:02:54 [INFO] garden_cron: [2026-05-01 15:02:54] Cronjob triggered
2026-05-01 15:02:54 [INFO] services.garden_processor: No garden updates with status='Ready to Process' found.
2026-05-01 15:02:54 [INFO] garden_cron: Cronjob complete — 0 garden(s) processed.
2026-05-01 15:02:54 [INFO] apscheduler.executors.default: Job "Garden AI Processing (trigger: interval[0:00:10], next run at: 2026-05-01 09:33:04 UTC)" executed successfully
2026-05-01 15:03:04 [INFO] apscheduler.executors.default: Running job "Garden AI Processing (trigger: interval[0:00:10], next run at: 2026-05-01 09:33:14 UTC)" (scheduled at 2026-05-01 09:33:04.723931+00:00)
2026-05-01 15:03:04 [INFO] garden_cron: [2026-05-01 15:03:04] Cronjob triggered
2026-05-01 15:03:04 [INFO] services.garden_processor: No garden updates with status='Ready to Process' found.
2026-05-01 15:03:04 [INFO] garden_cron: Cronjob complete — 0 garden(s) processed.
2026-05-01 15:03:04 [INFO] apscheduler.executors.default: Job "Garden AI Processing (trigger: interval[0:00:10], next run at: 2026-05-01 09:33:14 UTC)" executed successfully
2026-05-01 15:03:14 [INFO] apscheduler.executors.default: Running job "Garden AI Processing (trigger: interval[0:00:10], next run at: 2026-05-01 09:33:24 UTC)" (scheduled at 2026-05-01 09:33:14.723931+00:00)
2026-05-01 15:03:14 [INFO] garden_cron: [2026-05-01 15:03:14] Cronjob triggered
2026-05-01 15:03:14 [INFO] services.garden_processor: No garden updates with status='Ready to Process' found.
2026-05-01 15:03:14 [INFO] garden_cron: Cronjob complete — 0 garden(s) processed.
2026-05-01 15:03:14 [INFO] apscheduler.executors.default: Job "Garden AI Processing (trigger: interval[0:00:10], next run at: 2026-05-01 09:33:24 UTC)" executed successfully
2026-05-01 15:03:24 [INFO] apscheduler.executors.default: Running job "Garden AI Processing (trigger: interval[0:00:10], next run at: 2026-05-01 09:33:34 UTC)" (scheduled at 2026-05-01 09:33:24.723931+00:00)
2026-05-01 15:03:24 [INFO] garden_cron: [2026-05-01 15:03:24] Cronjob triggered
2026-05-01 15:03:24 [INFO] services.garden_processor: No garden updates with status='Ready to Process' found.
2026-05-01 15:03:24 [INFO] garden_cron: Cronjob complete — 0 garden(s) processed.
2026-05-01 15:03:24 [INFO] apscheduler.executors.default: Job "Garden AI Processing (trigger: interval[0:00:10], next run at: 2026-05-01 09:33:34 UTC)" executed successfully
2026-05-01 15:03:34 [INFO] apscheduler.executors.default: Running job "Garden AI Processing (trigger: interval[0:00:10], next run at: 2026-05-01 09:33:44 UTC)" (scheduled at 2026-05-01 09:33:34.723931+00:00)
2026-05-01 15:03:34 [INFO] garden_cron: [2026-05-01 15:03:34] Cronjob triggered
2026-05-01 15:03:34 [INFO] services.garden_processor: No garden updates with status='Ready to Process' found.
2026-05-01 15:03:34 [INFO] garden_cron: Cronjob complete — 0 garden(s) processed.
2026-05-01 15:03:34 [INFO] apscheduler.executors.default: Job "Garden AI Processing (trigger: interval[0:00:10], next run at: 2026-05-01 09:33:44 UTC)" executed successfully
2026-05-01 15:03:44 [INFO] apscheduler.executors.default: Running job "Garden AI Processing (trigger: interval[0:00:10], next run at: 2026-05-01 09:33:54 UTC)" (scheduled at 2026-05-01 09:33:44.723931+00:00)
2026-05-01 15:03:44 [INFO] garden_cron: [2026-05-01 15:03:44] Cronjob triggered
2026-05-01 15:03:44 [INFO] services.garden_processor: No garden updates with status='Ready to Process' found.
2026-05-01 15:03:44 [INFO] garden_cron: Cronjob complete — 0 garden(s) processed.
2026-05-01 15:03:44 [INFO] apscheduler.executors.default: Job "Garden AI Processing (trigger: interval[0:00:10], next run at: 2026-05-01 09:33:54 UTC)" executed successfully
2026-05-01 15:03:54 [INFO] apscheduler.executors.default: Running job "Garden AI Processing (trigger: interval[0:00:10], next run at: 2026-05-01 09:34:04 UTC)" (scheduled at 2026-05-01 09:33:54.723931+00:00)
2026-05-01 15:03:54 [INFO] garden_cron: [2026-05-01 15:03:54] Cronjob triggered
2026-05-01 15:03:54 [INFO] services.garden_processor: No garden updates with status='Ready to Process' found.
2026-05-01 15:03:54 [INFO] garden_cron: Cronjob complete — 0 garden(s) processed.
2026-05-01 15:03:54 [INFO] apscheduler.executors.default: Job "Garden AI Processing (trigger: interval[0:00:10], next run at: 2026-05-01 09:34:04 UTC)" executed successfully
2026-05-01 15:04:04 [INFO] apscheduler.executors.default: Running job "Garden AI Processing (trigger: interval[0:00:10], next run at: 2026-05-01 09:34:14 UTC)" (scheduled at 2026-05-01 09:34:04.723931+00:00)
2026-05-01 15:04:04 [INFO] garden_cron: [2026-05-01 15:04:04] Cronjob triggered
2026-05-01 15:04:04 [INFO] services.garden_processor: No garden updates with status='Ready to Process' found.
2026-05-01 15:04:04 [INFO] garden_cron: Cronjob complete — 0 garden(s) processed.
2026-05-01 15:04:04 [INFO] apscheduler.executors.default: Job "Garden AI Processing (trigger: interval[0:00:10], next run at: 2026-05-01 09:34:14 UTC)" executed successfully
2026-05-01 15:04:14 [INFO] apscheduler.executors.default: Running job "Garden AI Processing (trigger: interval[0:00:10], next run at: 2026-05-01 09:34:24 UTC)" (scheduled at 2026-05-01 09:34:14.723931+00:00)
2026-05-01 15:04:14 [INFO] garden_cron: [2026-05-01 15:04:14] Cronjob triggered
2026-05-01 15:04:14 [INFO] services.garden_processor: No garden updates with status='Ready to Process' found.
2026-05-01 15:04:14 [INFO] garden_cron: Cronjob complete — 0 garden(s) processed.
2026-05-01 15:04:14 [INFO] apscheduler.executors.default: Job "Garden AI Processing (trigger: interval[0:00:10], next run at: 2026-05-01 09:34:24 UTC)" executed successfully
2026-05-01 15:04:24 [INFO] apscheduler.executors.default: Running job "Garden AI Processing (trigger: interval[0:00:10], next run at: 2026-05-01 09:34:34 UTC)" (scheduled at 2026-05-01 09:34:24.723931+00:00)
2026-05-01 15:04:24 [INFO] garden_cron: [2026-05-01 15:04:24] Cronjob triggered
2026-05-01 15:04:24 [INFO] services.garden_processor: No garden updates with status='Ready to Process' found.
2026-05-01 15:04:24 [INFO] garden_cron: Cronjob complete — 0 garden(s) processed.
2026-05-01 15:04:24 [INFO] apscheduler.executors.default: Job "Garden AI Processing (trigger: interval[0:00:10], next run at: 2026-05-01 09:34:34 UTC)" executed successfully
2026-05-01 15:04:34 [INFO] apscheduler.executors.default: Running job "Garden AI Processing (trigger: interval[0:00:10], next run at: 2026-05-01 09:34:44 UTC)" (scheduled at 2026-05-01 09:34:34.723931+00:00)
2026-05-01 15:04:34 [INFO] garden_cron: [2026-05-01 15:04:34] Cronjob triggered
2026-05-01 15:04:34 [INFO] services.garden_processor: No garden updates with status='Ready to Process' found.
2026-05-01 15:04:34 [INFO] garden_cron: Cronjob complete — 0 garden(s) processed.
2026-05-01 15:04:34 [INFO] apscheduler.executors.default: Job "Garden AI Processing (trigger: interval[0:00:10], next run at: 2026-05-01 09:34:44 UTC)" executed successfully
2026-05-01 15:04:44 [INFO] apscheduler.executors.default: Running job "Garden AI Processing (trigger: interval[0:00:10], next run at: 2026-05-01 09:34:54 UTC)" (scheduled at 2026-05-01 09:34:44.723931+00:00)
2026-05-01 15:04:44 [INFO] garden_cron: [2026-05-01 15:04:44] Cronjob triggered
2026-05-01 15:04:44 [INFO] services.garden_processor: No garden updates with status='Ready to Process' found.
2026-05-01 15:04:44 [INFO] garden_cron: Cronjob complete — 0 garden(s) processed.
2026-05-01 15:04:44 [INFO] apscheduler.executors.default: Job "Garden AI Processing (trigger: interval[0:00:10], next run at: 2026-05-01 09:34:54 UTC)" executed successfully
2026-05-01 15:04:54 [INFO] apscheduler.executors.default: Running job "Garden AI Processing (trigger: interval[0:00:10], next run at: 2026-05-01 09:35:04 UTC)" (scheduled at 2026-05-01 09:34:54.723931+00:00)
2026-05-01 15:04:54 [INFO] garden_cron: [2026-05-01 15:04:54] Cronjob triggered
2026-05-01 15:04:54 [INFO] services.garden_processor: No garden updates with status='Ready to Process' found.
2026-05-01 15:04:54 [INFO] garden_cron: Cronjob complete — 0 garden(s) processed.
2026-05-01 15:04:54 [INFO] apscheduler.executors.default: Job "Garden AI Processing (trigger: interval[0:00:10], next run at: 2026-05-01 09:35:04 UTC)" executed successfully
2026-05-01 15:05:04 [INFO] apscheduler.executors.default: Running job "Garden AI Processing (trigger: interval[0:00:10], next run at: 2026-05-01 09:35:14 UTC)" (scheduled at 2026-05-01 09:35:04.723931+00:00)
2026-05-01 15:05:04 [INFO] garden_cron: [2026-05-01 15:05:04] Cronjob triggered
2026-05-01 15:05:04 [INFO] services.garden_processor: No garden updates with status='Ready to Process' found.
2026-05-01 15:05:04 [INFO] garden_cron: Cronjob complete — 0 garden(s) processed.
2026-05-01 15:05:04 [INFO] apscheduler.executors.default: Job "Garden AI Processing (trigger: interval[0:00:10], next run at: 2026-05-01 09:35:14 UTC)" executed successfully
2026-05-01 15:05:14 [INFO] apscheduler.executors.default: Running job "Garden AI Processing (trigger: interval[0:00:10], next run at: 2026-05-01 09:35:24 UTC)" (scheduled at 2026-05-01 09:35:14.723931+00:00)
2026-05-01 15:05:14 [INFO] garden_cron: [2026-05-01 15:05:14] Cronjob triggered
2026-05-01 15:05:14 [INFO] services.garden_processor: No garden updates with status='Ready to Process' found.
2026-05-01 15:05:14 [INFO] garden_cron: Cronjob complete — 0 garden(s) processed.
2026-05-01 15:05:14 [INFO] apscheduler.executors.default: Job "Garden AI Processing (trigger: interval[0:00:10], next run at: 2026-05-01 09:35:24 UTC)" executed successfully
2026-05-01 15:05:24 [INFO] apscheduler.executors.default: Running job "Garden AI Processing (trigger: interval[0:00:10], next run at: 2026-05-01 09:35:34 UTC)" (scheduled at 2026-05-01 09:35:24.723931+00:00)
2026-05-01 15:05:24 [INFO] garden_cron: [2026-05-01 15:05:24] Cronjob triggered
2026-05-01 15:05:24 [INFO] services.garden_processor: No garden updates with status='Ready to Process' found.
2026-05-01 15:05:24 [INFO] garden_cron: Cronjob complete — 0 garden(s) processed.
2026-05-01 15:05:24 [INFO] apscheduler.executors.default: Job "Garden AI Processing (trigger: interval[0:00:10], next run at: 2026-05-01 09:35:34 UTC)" executed successfully
2026-05-01 15:05:34 [INFO] apscheduler.executors.default: Running job "Garden AI Processing (trigger: interval[0:00:10], next run at: 2026-05-01 09:35:44 UTC)" (scheduled at 2026-05-01 09:35:34.723931+00:00)
2026-05-01 15:05:34 [INFO] garden_cron: [2026-05-01 15:05:34] Cronjob triggered
2026-05-01 15:05:34 [INFO] services.garden_processor: No garden updates with status='Ready to Process' found.
2026-05-01 15:05:34 [INFO] garden_cron: Cronjob complete — 0 garden(s) processed.
2026-05-01 15:05:34 [INFO] apscheduler.executors.default: Job "Garden AI Processing (trigger: interval[0:00:10], next run at: 2026-05-01 09:35:44 UTC)" executed successfully
2026-05-01 15:05:44 [INFO] apscheduler.executors.default: Running job "Garden AI Processing (trigger: interval[0:00:10], next run at: 2026-05-01 09:35:54 UTC)" (scheduled at 2026-05-01 09:35:44.723931+00:00)
2026-05-01 15:05:44 [INFO] garden_cron: [2026-05-01 15:05:44] Cronjob triggered
2026-05-01 15:05:44 [INFO] services.garden_processor: No garden updates with status='Ready to Process' found.
2026-05-01 15:05:44 [INFO] garden_cron: Cronjob complete — 0 garden(s) processed.
2026-05-01 15:05:44 [INFO] apscheduler.executors.default: Job "Garden AI Processing (trigger: interval[0:00:10], next run at: 2026-05-01 09:35:54 UTC)" executed successfully
2026-05-01 15:05:54 [INFO] apscheduler.executors.default: Running job "Garden AI Processing (trigger: interval[0:00:10], next run at: 2026-05-01 09:36:04 UTC)" (scheduled at 2026-05-01 09:35:54.723931+00:00)
2026-05-01 15:05:54 [INFO] garden_cron: [2026-05-01 15:05:54] Cronjob triggered
2026-05-01 15:05:54 [INFO] services.garden_processor: No garden updates with status='Ready to Process' found.
2026-05-01 15:05:54 [INFO] garden_cron: Cronjob complete — 0 garden(s) processed.
2026-05-01 15:05:54 [INFO] apscheduler.executors.default: Job "Garden AI Processing (trigger: interval[0:00:10], next run at: 2026-05-01 09:36:04 UTC)" executed successfully
2026-05-01 15:06:04 [INFO] apscheduler.executors.default: Running job "Garden AI Processing (trigger: interval[0:00:10], next run at: 2026-05-01 09:36:14 UTC)" (scheduled at 2026-05-01 09:36:04.723931+00:00)
2026-05-01 15:06:04 [INFO] garden_cron: [2026-05-01 15:06:04] Cronjob triggered
2026-05-01 15:06:04 [INFO] services.garden_processor: No garden updates with status='Ready to Process' found.
2026-05-01 15:06:04 [INFO] garden_cron: Cronjob complete — 0 garden(s) processed.
2026-05-01 15:06:04 [INFO] apscheduler.executors.default: Job "Garden AI Processing (trigger: interval[0:00:10], next run at: 2026-05-01 09:36:14 UTC)" executed successfully
2026-05-01 15:06:14 [INFO] apscheduler.executors.default: Running job "Garden AI Processing (trigger: interval[0:00:10], next run at: 2026-05-01 09:36:24 UTC)" (scheduled at 2026-05-01 09:36:14.723931+00:00)
2026-05-01 15:06:14 [INFO] garden_cron: [2026-05-01 15:06:14] Cronjob triggered
2026-05-01 15:06:14 [INFO] services.garden_processor: No garden updates with status='Ready to Process' found.
2026-05-01 15:06:14 [INFO] garden_cron: Cronjob complete — 0 garden(s) processed.
2026-05-01 15:06:14 [INFO] apscheduler.executors.default: Job "Garden AI Processing (trigger: interval[0:00:10], next run at: 2026-05-01 09:36:24 UTC)" executed successfully
2026-05-01 15:06:24 [INFO] apscheduler.executors.default: Running job "Garden AI Processing (trigger: interval[0:00:10], next run at: 2026-05-01 09:36:34 UTC)" (scheduled at 2026-05-01 09:36:24.723931+00:00)
2026-05-01 15:06:24 [INFO] garden_cron: [2026-05-01 15:06:24] Cronjob triggered
2026-05-01 15:06:24 [INFO] services.garden_processor: No garden updates with status='Ready to Process' found.
2026-05-01 15:06:24 [INFO] garden_cron: Cronjob complete — 0 garden(s) processed.
2026-05-01 15:06:24 [INFO] apscheduler.executors.default: Job "Garden AI Processing (trigger: interval[0:00:10], next run at: 2026-05-01 09:36:34 UTC)" executed successfully
2026-05-01 15:06:34 [INFO] apscheduler.executors.default: Running job "Garden AI Processing (trigger: interval[0:00:10], next run at: 2026-05-01 09:36:44 UTC)" (scheduled at 2026-05-01 09:36:34.723931+00:00)
2026-05-01 15:06:34 [INFO] garden_cron: [2026-05-01 15:06:34] Cronjob triggered
2026-05-01 15:06:34 [INFO] services.garden_processor: No garden updates with status='Ready to Process' found.
2026-05-01 15:06:34 [INFO] garden_cron: Cronjob complete — 0 garden(s) processed.
2026-05-01 15:06:34 [INFO] apscheduler.executors.default: Job "Garden AI Processing (trigger: interval[0:00:10], next run at: 2026-05-01 09:36:44 UTC)" executed successfully
2026-05-01 15:06:44 [INFO] apscheduler.executors.default: Running job "Garden AI Processing (trigger: interval[0:00:10], next run at: 2026-05-01 09:36:54 UTC)" (scheduled at 2026-05-01 09:36:44.723931+00:00)
2026-05-01 15:06:44 [INFO] garden_cron: [2026-05-01 15:06:44] Cronjob triggered
2026-05-01 15:06:44 [INFO] services.garden_processor: No garden updates with status='Ready to Process' found.
2026-05-01 15:06:44 [INFO] garden_cron: Cronjob complete — 0 garden(s) processed.
2026-05-01 15:06:44 [INFO] apscheduler.executors.default: Job "Garden AI Processing (trigger: interval[0:00:10], next run at: 2026-05-01 09:36:54 UTC)" executed successfully
2026-05-01 15:06:54 [INFO] apscheduler.executors.default: Running job "Garden AI Processing (trigger: interval[0:00:10], next run at: 2026-05-01 09:37:04 UTC)" (scheduled at 2026-05-01 09:36:54.723931+00:00)
2026-05-01 15:06:54 [INFO] garden_cron: [2026-05-01 15:06:54] Cronjob triggered
2026-05-01 15:06:54 [INFO] services.garden_processor: No garden updates with status='Ready to Process' found.
2026-05-01 15:06:54 [INFO] garden_cron: Cronjob complete — 0 garden(s) processed.
2026-05-01 15:06:54 [INFO] apscheduler.executors.default: Job "Garden AI Processing (trigger: interval[0:00:10], next run at: 2026-05-01 09:37:04 UTC)" executed successfully
2026-05-01 15:07:04 [INFO] apscheduler.executors.default: Running job "Garden AI Processing (trigger: interval[0:00:10], next run at: 2026-05-01 09:37:14 UTC)" (scheduled at 2026-05-01 09:37:04.723931+00:00)
2026-05-01 15:07:04 [INFO] garden_cron: [2026-05-01 15:07:04] Cronjob triggered
2026-05-01 15:07:04 [INFO] services.garden_processor: No garden updates with status='Ready to Process' found.
2026-05-01 15:07:04 [INFO] garden_cron: Cronjob complete — 0 garden(s) processed.
2026-05-01 15:07:04 [INFO] apscheduler.executors.default: Job "Garden AI Processing (trigger: interval[0:00:10], next run at: 2026-05-01 09:37:14 UTC)" executed successfully
2026-05-01 15:07:14 [INFO] apscheduler.executors.default: Running job "Garden AI Processing (trigger: interval[0:00:10], next run at: 2026-05-01 09:37:24 UTC)" (scheduled at 2026-05-01 09:37:14.723931+00:00)
2026-05-01 15:07:14 [INFO] garden_cron: [2026-05-01 15:07:14] Cronjob triggered
2026-05-01 15:07:14 [INFO] services.garden_processor: No garden updates with status='Ready to Process' found.
2026-05-01 15:07:14 [INFO] garden_cron: Cronjob complete — 0 garden(s) processed.
2026-05-01 15:07:14 [INFO] apscheduler.executors.default: Job "Garden AI Processing (trigger: interval[0:00:10], next run at: 2026-05-01 09:37:24 UTC)" executed successfully
2026-05-01 15:07:24 [INFO] apscheduler.executors.default: Running job "Garden AI Processing (trigger: interval[0:00:10], next run at: 2026-05-01 09:37:34 UTC)" (scheduled at 2026-05-01 09:37:24.723931+00:00)
2026-05-01 15:07:24 [INFO] garden_cron: [2026-05-01 15:07:24] Cronjob triggered
2026-05-01 15:07:24 [INFO] services.garden_processor: No garden updates with status='Ready to Process' found.
2026-05-01 15:07:24 [INFO] garden_cron: Cronjob complete — 0 garden(s) processed.
2026-05-01 15:07:24 [INFO] apscheduler.executors.default: Job "Garden AI Processing (trigger: interval[0:00:10], next run at: 2026-05-01 09:37:34 UTC)" executed successfully
2026-05-01 15:07:34 [INFO] apscheduler.executors.default: Running job "Garden AI Processing (trigger: interval[0:00:10], next run at: 2026-05-01 09:37:44 UTC)" (scheduled at 2026-05-01 09:37:34.723931+00:00)
2026-05-01 15:07:34 [INFO] garden_cron: [2026-05-01 15:07:34] Cronjob triggered
2026-05-01 15:07:34 [INFO] services.garden_processor: No garden updates with status='Ready to Process' found.
2026-05-01 15:07:34 [INFO] garden_cron: Cronjob complete — 0 garden(s) processed.
2026-05-01 15:07:34 [INFO] apscheduler.executors.default: Job "Garden AI Processing (trigger: interval[0:00:10], next run at: 2026-05-01 09:37:44 UTC)" executed successfully
2026-05-01 15:07:44 [INFO] apscheduler.executors.default: Running job "Garden AI Processing (trigger: interval[0:00:10], next run at: 2026-05-01 09:37:54 UTC)" (scheduled at 2026-05-01 09:37:44.723931+00:00)
2026-05-01 15:07:44 [INFO] garden_cron: [2026-05-01 15:07:44] Cronjob triggered
2026-05-01 15:07:44 [INFO] services.garden_processor: No garden updates with status='Ready to Process' found.
2026-05-01 15:07:44 [INFO] garden_cron: Cronjob complete — 0 garden(s) processed.
2026-05-01 15:07:44 [INFO] apscheduler.executors.default: Job "Garden AI Processing (trigger: interval[0:00:10], next run at: 2026-05-01 09:37:54 UTC)" executed successfully
2026-05-01 15:07:54 [INFO] apscheduler.executors.default: Running job "Garden AI Processing (trigger: interval[0:00:10], next run at: 2026-05-01 09:38:04 UTC)" (scheduled at 2026-05-01 09:37:54.723931+00:00)
2026-05-01 15:07:54 [INFO] garden_cron: [2026-05-01 15:07:54] Cronjob triggered
2026-05-01 15:07:54 [INFO] services.garden_processor: No garden updates with status='Ready to Process' found.
2026-05-01 15:07:54 [INFO] garden_cron: Cronjob complete — 0 garden(s) processed.
2026-05-01 15:07:54 [INFO] apscheduler.executors.default: Job "Garden AI Processing (trigger: interval[0:00:10], next run at: 2026-05-01 09:38:04 UTC)" executed successfully
2026-05-01 15:08:04 [INFO] apscheduler.executors.default: Running job "Garden AI Processing (trigger: interval[0:00:10], next run at: 2026-05-01 09:38:14 UTC)" (scheduled at 2026-05-01 09:38:04.723931+00:00)
2026-05-01 15:08:04 [INFO] garden_cron: [2026-05-01 15:08:04] Cronjob triggered
2026-05-01 15:08:04 [INFO] services.garden_processor: No garden updates with status='Ready to Process' found.
2026-05-01 15:08:04 [INFO] garden_cron: Cronjob complete — 0 garden(s) processed.
2026-05-01 15:08:04 [INFO] apscheduler.executors.default: Job "Garden AI Processing (trigger: interval[0:00:10], next run at: 2026-05-01 09:38:14 UTC)" executed successfully
2026-05-01 15:08:14 [INFO] apscheduler.executors.default: Running job "Garden AI Processing (trigger: interval[0:00:10], next run at: 2026-05-01 09:38:24 UTC)" (scheduled at 2026-05-01 09:38:14.723931+00:00)
2026-05-01 15:08:14 [INFO] garden_cron: [2026-05-01 15:08:14] Cronjob triggered
2026-05-01 15:08:14 [INFO] services.garden_processor: No garden updates with status='Ready to Process' found.
2026-05-01 15:08:14 [INFO] garden_cron: Cronjob complete — 0 garden(s) processed.
2026-05-01 15:08:14 [INFO] apscheduler.executors.default: Job "Garden AI Processing (trigger: interval[0:00:10], next run at: 2026-05-01 09:38:24 UTC)" executed successfully
2026-05-01 15:08:24 [INFO] apscheduler.executors.default: Running job "Garden AI Processing (trigger: interval[0:00:10], next run at: 2026-05-01 09:38:34 UTC)" (scheduled at 2026-05-01 09:38:24.723931+00:00)
2026-05-01 15:08:24 [INFO] garden_cron: [2026-05-01 15:08:24] Cronjob triggered
2026-05-01 15:08:24 [INFO] services.garden_processor: No garden updates with status='Ready to Process' found.
2026-05-01 15:08:24 [INFO] garden_cron: Cronjob complete — 0 garden(s) processed.
2026-05-01 15:08:24 [INFO] apscheduler.executors.default: Job "Garden AI Processing (trigger: interval[0:00:10], next run at: 2026-05-01 09:38:34 UTC)" executed successfully
2026-05-01 15:08:34 [INFO] apscheduler.executors.default: Running job "Garden AI Processing (trigger: interval[0:00:10], next run at: 2026-05-01 09:38:44 UTC)" (scheduled at 2026-05-01 09:38:34.723931+00:00)
2026-05-01 15:08:34 [INFO] garden_cron: [2026-05-01 15:08:34] Cronjob triggered
2026-05-01 15:08:34 [INFO] services.garden_processor: No garden updates with status='Ready to Process' found.
2026-05-01 15:08:34 [INFO] garden_cron: Cronjob complete — 0 garden(s) processed.
2026-05-01 15:08:34 [INFO] apscheduler.executors.default: Job "Garden AI Processing (trigger: interval[0:00:10], next run at: 2026-05-01 09:38:44 UTC)" executed successfully
2026-05-01 15:08:44 [INFO] apscheduler.executors.default: Running job "Garden AI Processing (trigger: interval[0:00:10], next run at: 2026-05-01 09:38:54 UTC)" (scheduled at 2026-05-01 09:38:44.723931+00:00)
2026-05-01 15:08:44 [INFO] garden_cron: [2026-05-01 15:08:44] Cronjob triggered
2026-05-01 15:08:44 [INFO] services.garden_processor: No garden updates with status='Ready to Process' found.
2026-05-01 15:08:44 [INFO] garden_cron: Cronjob complete — 0 garden(s) processed.
2026-05-01 15:08:44 [INFO] apscheduler.executors.default: Job "Garden AI Processing (trigger: interval[0:00:10], next run at: 2026-05-01 09:38:54 UTC)" executed successfully
2026-05-01 15:08:54 [INFO] apscheduler.executors.default: Running job "Garden AI Processing (trigger: interval[0:00:10], next run at: 2026-05-01 09:39:04 UTC)" (scheduled at 2026-05-01 09:38:54.723931+00:00)
2026-05-01 15:08:54 [INFO] garden_cron: [2026-05-01 15:08:54] Cronjob triggered
2026-05-01 15:08:54 [INFO] services.garden_processor: No garden updates with status='Ready to Process' found.
2026-05-01 15:08:54 [INFO] garden_cron: Cronjob complete — 0 garden(s) processed.
2026-05-01 15:08:54 [INFO] apscheduler.executors.default: Job "Garden AI Processing (trigger: interval[0:00:10], next run at: 2026-05-01 09:39:04 UTC)" executed successfully
2026-05-01 15:09:04 [INFO] apscheduler.executors.default: Running job "Garden AI Processing (trigger: interval[0:00:10], next run at: 2026-05-01 09:39:14 UTC)" (scheduled at 2026-05-01 09:39:04.723931+00:00)
2026-05-01 15:09:04 [INFO] garden_cron: [2026-05-01 15:09:04] Cronjob triggered
2026-05-01 15:09:04 [INFO] services.garden_processor: No garden updates with status='Ready to Process' found.
2026-05-01 15:09:04 [INFO] garden_cron: Cronjob complete — 0 garden(s) processed.
2026-05-01 15:09:04 [INFO] apscheduler.executors.default: Job "Garden AI Processing (trigger: interval[0:00:10], next run at: 2026-05-01 09:39:14 UTC)" executed successfully
2026-05-01 15:09:14 [INFO] apscheduler.executors.default: Running job "Garden AI Processing (trigger: interval[0:00:10], next run at: 2026-05-01 09:39:24 UTC)" (scheduled at 2026-05-01 09:39:14.723931+00:00)
2026-05-01 15:09:14 [INFO] garden_cron: [2026-05-01 15:09:14] Cronjob triggered
2026-05-01 15:09:14 [INFO] services.garden_processor: No garden updates with status='Ready to Process' found.
2026-05-01 15:09:14 [INFO] garden_cron: Cronjob complete — 0 garden(s) processed.
2026-05-01 15:09:14 [INFO] apscheduler.executors.default: Job "Garden AI Processing (trigger: interval[0:00:10], next run at: 2026-05-01 09:39:24 UTC)" executed successfully
2026-05-01 15:09:24 [INFO] apscheduler.executors.default: Running job "Garden AI Processing (trigger: interval[0:00:10], next run at: 2026-05-01 09:39:34 UTC)" (scheduled at 2026-05-01 09:39:24.723931+00:00)
2026-05-01 15:09:24 [INFO] garden_cron: [2026-05-01 15:09:24] Cronjob triggered
2026-05-01 15:09:24 [INFO] services.garden_processor: No garden updates with status='Ready to Process' found.
2026-05-01 15:09:24 [INFO] garden_cron: Cronjob complete — 0 garden(s) processed.
2026-05-01 15:09:24 [INFO] apscheduler.executors.default: Job "Garden AI Processing (trigger: interval[0:00:10], next run at: 2026-05-01 09:39:34 UTC)" executed successfully
2026-05-01 15:09:34 [INFO] apscheduler.executors.default: Running job "Garden AI Processing (trigger: interval[0:00:10], next run at: 2026-05-01 09:39:44 UTC)" (scheduled at 2026-05-01 09:39:34.723931+00:00)
2026-05-01 15:09:34 [INFO] garden_cron: [2026-05-01 15:09:34] Cronjob triggered
2026-05-01 15:09:34 [INFO] services.garden_processor: No garden updates with status='Ready to Process' found.
2026-05-01 15:09:34 [INFO] garden_cron: Cronjob complete — 0 garden(s) processed.
2026-05-01 15:09:34 [INFO] apscheduler.executors.default: Job "Garden AI Processing (trigger: interval[0:00:10], next run at: 2026-05-01 09:39:44 UTC)" executed successfully
2026-05-01 15:09:44 [INFO] apscheduler.executors.default: Running job "Garden AI Processing (trigger: interval[0:00:10], next run at: 2026-05-01 09:39:54 UTC)" (scheduled at 2026-05-01 09:39:44.723931+00:00)
2026-05-01 15:09:44 [INFO] garden_cron: [2026-05-01 15:09:44] Cronjob triggered
2026-05-01 15:09:44 [INFO] services.garden_processor: No garden updates with status='Ready to Process' found.
2026-05-01 15:09:44 [INFO] garden_cron: Cronjob complete — 0 garden(s) processed.
2026-05-01 15:09:44 [INFO] apscheduler.executors.default: Job "Garden AI Processing (trigger: interval[0:00:10], next run at: 2026-05-01 09:39:54 UTC)" executed successfully
2026-05-01 15:09:54 [INFO] apscheduler.executors.default: Running job "Garden AI Processing (trigger: interval[0:00:10], next run at: 2026-05-01 09:40:04 UTC)" (scheduled at 2026-05-01 09:39:54.723931+00:00)
2026-05-01 15:09:54 [INFO] garden_cron: [2026-05-01 15:09:54] Cronjob triggered
2026-05-01 15:09:54 [INFO] services.garden_processor: No garden updates with status='Ready to Process' found.
2026-05-01 15:09:54 [INFO] garden_cron: Cronjob complete — 0 garden(s) processed.
2026-05-01 15:09:54 [INFO] apscheduler.executors.default: Job "Garden AI Processing (trigger: interval[0:00:10], next run at: 2026-05-01 09:40:04 UTC)" executed successfully
2026-05-01 15:10:04 [INFO] apscheduler.executors.default: Running job "Garden AI Processing (trigger: interval[0:00:10], next run at: 2026-05-01 09:40:14 UTC)" (scheduled at 2026-05-01 09:40:04.723931+00:00)
2026-05-01 15:10:04 [INFO] garden_cron: [2026-05-01 15:10:04] Cronjob triggered
2026-05-01 15:10:04 [INFO] services.garden_processor: No garden updates with status='Ready to Process' found.
2026-05-01 15:10:04 [INFO] garden_cron: Cronjob complete — 0 garden(s) processed.
2026-05-01 15:10:04 [INFO] apscheduler.executors.default: Job "Garden AI Processing (trigger: interval[0:00:10], next run at: 2026-05-01 09:40:14 UTC)" executed successfully
2026-05-01 15:10:14 [INFO] apscheduler.executors.default: Running job "Garden AI Processing (trigger: interval[0:00:10], next run at: 2026-05-01 09:40:24 UTC)" (scheduled at 2026-05-01 09:40:14.723931+00:00)
2026-05-01 15:10:14 [INFO] garden_cron: [2026-05-01 15:10:14] Cronjob triggered
2026-05-01 15:10:14 [INFO] services.garden_processor: No garden updates with status='Ready to Process' found.
2026-05-01 15:10:14 [INFO] garden_cron: Cronjob complete — 0 garden(s) processed.
2026-05-01 15:10:14 [INFO] apscheduler.executors.default: Job "Garden AI Processing (trigger: interval[0:00:10], next run at: 2026-05-01 09:40:24 UTC)" executed successfully
2026-05-01 15:10:24 [INFO] apscheduler.executors.default: Running job "Garden AI Processing (trigger: interval[0:00:10], next run at: 2026-05-01 09:40:34 UTC)" (scheduled at 2026-05-01 09:40:24.723931+00:00)
2026-05-01 15:10:24 [INFO] garden_cron: [2026-05-01 15:10:24] Cronjob triggered
2026-05-01 15:10:24 [INFO] services.garden_processor: No garden updates with status='Ready to Process' found.
2026-05-01 15:10:24 [INFO] garden_cron: Cronjob complete — 0 garden(s) processed.
2026-05-01 15:10:24 [INFO] apscheduler.executors.default: Job "Garden AI Processing (trigger: interval[0:00:10], next run at: 2026-05-01 09:40:34 UTC)" executed successfully
2026-05-01 15:10:34 [INFO] apscheduler.executors.default: Running job "Garden AI Processing (trigger: interval[0:00:10], next run at: 2026-05-01 09:40:44 UTC)" (scheduled at 2026-05-01 09:40:34.723931+00:00)
2026-05-01 15:10:34 [INFO] garden_cron: [2026-05-01 15:10:34] Cronjob triggered
2026-05-01 15:10:34 [INFO] services.garden_processor: No garden updates with status='Ready to Process' found.
2026-05-01 15:10:34 [INFO] garden_cron: Cronjob complete — 0 garden(s) processed.
2026-05-01 15:10:34 [INFO] apscheduler.executors.default: Job "Garden AI Processing (trigger: interval[0:00:10], next run at: 2026-05-01 09:40:44 UTC)" executed successfully
2026-05-01 15:10:44 [INFO] apscheduler.executors.default: Running job "Garden AI Processing (trigger: interval[0:00:10], next run at: 2026-05-01 09:40:54 UTC)" (scheduled at 2026-05-01 09:40:44.723931+00:00)
2026-05-01 15:10:44 [INFO] garden_cron: [2026-05-01 15:10:44] Cronjob triggered
2026-05-01 15:10:44 [INFO] services.garden_processor: No garden updates with status='Ready to Process' found.
2026-05-01 15:10:44 [INFO] garden_cron: Cronjob complete — 0 garden(s) processed.
2026-05-01 15:10:44 [INFO] apscheduler.executors.default: Job "Garden AI Processing (trigger: interval[0:00:10], next run at: 2026-05-01 09:40:54 UTC)" executed successfully
2026-05-01 15:10:54 [INFO] apscheduler.executors.default: Running job "Garden AI Processing (trigger: interval[0:00:10], next run at: 2026-05-01 09:41:04 UTC)" (scheduled at 2026-05-01 09:40:54.723931+00:00)
2026-05-01 15:10:54 [INFO] garden_cron: [2026-05-01 15:10:54] Cronjob triggered
2026-05-01 15:10:54 [INFO] services.garden_processor: No garden updates with status='Ready to Process' found.
2026-05-01 15:10:54 [INFO] garden_cron: Cronjob complete — 0 garden(s) processed.
2026-05-01 15:10:54 [INFO] apscheduler.executors.default: Job "Garden AI Processing (trigger: interval[0:00:10], next run at: 2026-05-01 09:41:04 UTC)" executed successfully
2026-05-01 15:11:04 [INFO] apscheduler.executors.default: Running job "Garden AI Processing (trigger: interval[0:00:10], next run at: 2026-05-01 09:41:14 UTC)" (scheduled at 2026-05-01 09:41:04.723931+00:00)
2026-05-01 15:11:04 [INFO] garden_cron: [2026-05-01 15:11:04] Cronjob triggered
2026-05-01 15:11:04 [INFO] services.garden_processor: No garden updates with status='Ready to Process' found.
2026-05-01 15:11:04 [INFO] garden_cron: Cronjob complete — 0 garden(s) processed.
2026-05-01 15:11:04 [INFO] apscheduler.executors.default: Job "Garden AI Processing (trigger: interval[0:00:10], next run at: 2026-05-01 09:41:14 UTC)" executed successfully
2026-05-01 15:11:14 [INFO] apscheduler.executors.default: Running job "Garden AI Processing (trigger: interval[0:00:10], next run at: 2026-05-01 09:41:24 UTC)" (scheduled at 2026-05-01 09:41:14.723931+00:00)
2026-05-01 15:11:14 [INFO] garden_cron: [2026-05-01 15:11:14] Cronjob triggered
2026-05-01 15:11:14 [INFO] services.garden_processor: No garden updates with status='Ready to Process' found.
2026-05-01 15:11:14 [INFO] garden_cron: Cronjob complete — 0 garden(s) processed.
2026-05-01 15:11:14 [INFO] apscheduler.executors.default: Job "Garden AI Processing (trigger: interval[0:00:10], next run at: 2026-05-01 09:41:24 UTC)" executed successfully
2026-05-01 15:11:24 [INFO] apscheduler.executors.default: Running job "Garden AI Processing (trigger: interval[0:00:10], next run at: 2026-05-01 09:41:34 UTC)" (scheduled at 2026-05-01 09:41:24.723931+00:00)
2026-05-01 15:11:24 [INFO] garden_cron: [2026-05-01 15:11:24] Cronjob triggered
2026-05-01 15:11:24 [INFO] services.garden_processor: No garden updates with status='Ready to Process' found.
2026-05-01 15:11:24 [INFO] garden_cron: Cronjob complete — 0 garden(s) processed.
2026-05-01 15:11:24 [INFO] apscheduler.executors.default: Job "Garden AI Processing (trigger: interval[0:00:10], next run at: 2026-05-01 09:41:34 UTC)" executed successfully
2026-05-01 15:11:34 [INFO] apscheduler.executors.default: Running job "Garden AI Processing (trigger: interval[0:00:10], next run at: 2026-05-01 09:41:44 UTC)" (scheduled at 2026-05-01 09:41:34.723931+00:00)
2026-05-01 15:11:34 [INFO] garden_cron: [2026-05-01 15:11:34] Cronjob triggered
2026-05-01 15:11:34 [INFO] services.garden_processor: No garden updates with status='Ready to Process' found.
2026-05-01 15:11:34 [INFO] garden_cron: Cronjob complete — 0 garden(s) processed.
2026-05-01 15:11:34 [INFO] apscheduler.executors.default: Job "Garden AI Processing (trigger: interval[0:00:10], next run at: 2026-05-01 09:41:44 UTC)" executed successfully
2026-05-01 15:11:44 [INFO] apscheduler.executors.default: Running job "Garden AI Processing (trigger: interval[0:00:10], next run at: 2026-05-01 09:41:54 UTC)" (scheduled at 2026-05-01 09:41:44.723931+00:00)
2026-05-01 15:11:44 [INFO] garden_cron: [2026-05-01 15:11:44] Cronjob triggered
2026-05-01 15:11:44 [INFO] services.garden_processor: No garden updates with status='Ready to Process' found.
2026-05-01 15:11:44 [INFO] garden_cron: Cronjob complete — 0 garden(s) processed.
2026-05-01 15:11:44 [INFO] apscheduler.executors.default: Job "Garden AI Processing (trigger: interval[0:00:10], next run at: 2026-05-01 09:41:54 UTC)" executed successfully
2026-05-01 15:11:54 [INFO] apscheduler.executors.default: Running job "Garden AI Processing (trigger: interval[0:00:10], next run at: 2026-05-01 09:42:04 UTC)" (scheduled at 2026-05-01 09:41:54.723931+00:00)
2026-05-01 15:11:54 [INFO] garden_cron: [2026-05-01 15:11:54] Cronjob triggered
2026-05-01 15:11:54 [INFO] services.garden_processor: No garden updates with status='Ready to Process' found.
2026-05-01 15:11:54 [INFO] garden_cron: Cronjob complete — 0 garden(s) processed.
2026-05-01 15:11:54 [INFO] apscheduler.executors.default: Job "Garden AI Processing (trigger: interval[0:00:10], next run at: 2026-05-01 09:42:04 UTC)" executed successfully
2026-05-01 15:12:04 [INFO] apscheduler.executors.default: Running job "Garden AI Processing (trigger: interval[0:00:10], next run at: 2026-05-01 09:42:14 UTC)" (scheduled at 2026-05-01 09:42:04.723931+00:00)
2026-05-01 15:12:04 [INFO] garden_cron: [2026-05-01 15:12:04] Cronjob triggered
2026-05-01 15:12:04 [INFO] services.garden_processor: No garden updates with status='Ready to Process' found.
2026-05-01 15:12:04 [INFO] garden_cron: Cronjob complete — 0 garden(s) processed.
2026-05-01 15:12:04 [INFO] apscheduler.executors.default: Job "Garden AI Processing (trigger: interval[0:00:10], next run at: 2026-05-01 09:42:14 UTC)" executed successfully
2026-05-01 15:12:14 [INFO] apscheduler.executors.default: Running job "Garden AI Processing (trigger: interval[0:00:10], next run at: 2026-05-01 09:42:24 UTC)" (scheduled at 2026-05-01 09:42:14.723931+00:00)
2026-05-01 15:12:14 [INFO] garden_cron: [2026-05-01 15:12:14] Cronjob triggered
2026-05-01 15:12:14 [INFO] services.garden_processor: No garden updates with status='Ready to Process' found.
2026-05-01 15:12:14 [INFO] garden_cron: Cronjob complete — 0 garden(s) processed.
2026-05-01 15:12:14 [INFO] apscheduler.executors.default: Job "Garden AI Processing (trigger: interval[0:00:10], next run at: 2026-05-01 09:42:24 UTC)" executed successfully
2026-05-01 15:12:24 [INFO] apscheduler.executors.default: Running job "Garden AI Processing (trigger: interval[0:00:10], next run at: 2026-05-01 09:42:34 UTC)" (scheduled at 2026-05-01 09:42:24.723931+00:00)
2026-05-01 15:12:24 [INFO] garden_cron: [2026-05-01 15:12:24] Cronjob triggered
2026-05-01 15:12:24 [INFO] services.garden_processor: No garden updates with status='Ready to Process' found.
2026-05-01 15:12:24 [INFO] garden_cron: Cronjob complete — 0 garden(s) processed.
2026-05-01 15:12:24 [INFO] apscheduler.executors.default: Job "Garden AI Processing (trigger: interval[0:00:10], next run at: 2026-05-01 09:42:34 UTC)" executed successfully
2026-05-01 15:12:34 [INFO] apscheduler.executors.default: Running job "Garden AI Processing (trigger: interval[0:00:10], next run at: 2026-05-01 09:42:44 UTC)" (scheduled at 2026-05-01 09:42:34.723931+00:00)
2026-05-01 15:12:34 [INFO] garden_cron: [2026-05-01 15:12:34] Cronjob triggered
2026-05-01 15:12:34 [INFO] services.garden_processor: No garden updates with status='Ready to Process' found.
2026-05-01 15:12:34 [INFO] garden_cron: Cronjob complete — 0 garden(s) processed.
2026-05-01 15:12:34 [INFO] apscheduler.executors.default: Job "Garden AI Processing (trigger: interval[0:00:10], next run at: 2026-05-01 09:42:44 UTC)" executed successfully
2026-05-01 15:12:44 [INFO] apscheduler.executors.default: Running job "Garden AI Processing (trigger: interval[0:00:10], next run at: 2026-05-01 09:42:54 UTC)" (scheduled at 2026-05-01 09:42:44.723931+00:00)
2026-05-01 15:12:44 [INFO] garden_cron: [2026-05-01 15:12:44] Cronjob triggered
2026-05-01 15:12:44 [INFO] services.garden_processor: No garden updates with status='Ready to Process' found.
2026-05-01 15:12:44 [INFO] garden_cron: Cronjob complete — 0 garden(s) processed.
2026-05-01 15:12:44 [INFO] apscheduler.executors.default: Job "Garden AI Processing (trigger: interval[0:00:10], next run at: 2026-05-01 09:42:54 UTC)" executed successfully
2026-05-01 15:12:54 [INFO] apscheduler.executors.default: Running job "Garden AI Processing (trigger: interval[0:00:10], next run at: 2026-05-01 09:43:04 UTC)" (scheduled at 2026-05-01 09:42:54.723931+00:00)
2026-05-01 15:12:54 [INFO] garden_cron: [2026-05-01 15:12:54] Cronjob triggered
2026-05-01 15:12:54 [INFO] services.garden_processor: No garden updates with status='Ready to Process' found.
2026-05-01 15:12:54 [INFO] garden_cron: Cronjob complete — 0 garden(s) processed.
2026-05-01 15:12:54 [INFO] apscheduler.executors.default: Job "Garden AI Processing (trigger: interval[0:00:10], next run at: 2026-05-01 09:43:04 UTC)" executed successfully
2026-05-01 15:13:04 [INFO] apscheduler.executors.default: Running job "Garden AI Processing (trigger: interval[0:00:10], next run at: 2026-05-01 09:43:14 UTC)" (scheduled at 2026-05-01 09:43:04.723931+00:00)
2026-05-01 15:13:04 [INFO] garden_cron: [2026-05-01 15:13:04] Cronjob triggered
2026-05-01 15:13:04 [INFO] services.garden_processor: No garden updates with status='Ready to Process' found.
2026-05-01 15:13:04 [INFO] garden_cron: Cronjob complete — 0 garden(s) processed.
2026-05-01 15:13:04 [INFO] apscheduler.executors.default: Job "Garden AI Processing (trigger: interval[0:00:10], next run at: 2026-05-01 09:43:14 UTC)" executed successfully
2026-05-01 15:13:14 [INFO] apscheduler.executors.default: Running job "Garden AI Processing (trigger: interval[0:00:10], next run at: 2026-05-01 09:43:24 UTC)" (scheduled at 2026-05-01 09:43:14.723931+00:00)
2026-05-01 15:13:14 [INFO] garden_cron: [2026-05-01 15:13:14] Cronjob triggered
2026-05-01 15:13:14 [INFO] services.garden_processor: No garden updates with status='Ready to Process' found.
2026-05-01 15:13:14 [INFO] garden_cron: Cronjob complete — 0 garden(s) processed.
2026-05-01 15:13:14 [INFO] apscheduler.executors.default: Job "Garden AI Processing (trigger: interval[0:00:10], next run at: 2026-05-01 09:43:24 UTC)" executed successfully
2026-05-01 15:13:24 [INFO] apscheduler.executors.default: Running job "Garden AI Processing (trigger: interval[0:00:10], next run at: 2026-05-01 09:43:34 UTC)" (scheduled at 2026-05-01 09:43:24.723931+00:00)
2026-05-01 15:13:24 [INFO] garden_cron: [2026-05-01 15:13:24] Cronjob triggered
2026-05-01 15:13:24 [INFO] services.garden_processor: No garden updates with status='Ready to Process' found.
2026-05-01 15:13:24 [INFO] garden_cron: Cronjob complete — 0 garden(s) processed.
2026-05-01 15:13:24 [INFO] apscheduler.executors.default: Job "Garden AI Processing (trigger: interval[0:00:10], next run at: 2026-05-01 09:43:34 UTC)" executed successfully
2026-05-01 15:13:34 [INFO] apscheduler.executors.default: Running job "Garden AI Processing (trigger: interval[0:00:10], next run at: 2026-05-01 09:43:44 UTC)" (scheduled at 2026-05-01 09:43:34.723931+00:00)
2026-05-01 15:13:34 [INFO] garden_cron: [2026-05-01 15:13:34] Cronjob triggered
2026-05-01 15:13:34 [INFO] services.garden_processor: No garden updates with status='Ready to Process' found.
2026-05-01 15:13:34 [INFO] garden_cron: Cronjob complete — 0 garden(s) processed.
2026-05-01 15:13:34 [INFO] apscheduler.executors.default: Job "Garden AI Processing (trigger: interval[0:00:10], next run at: 2026-05-01 09:43:44 UTC)" executed successfully
2026-05-01 15:13:44 [INFO] apscheduler.executors.default: Running job "Garden AI Processing (trigger: interval[0:00:10], next run at: 2026-05-01 09:43:54 UTC)" (scheduled at 2026-05-01 09:43:44.723931+00:00)
2026-05-01 15:13:44 [INFO] garden_cron: [2026-05-01 15:13:44] Cronjob triggered
2026-05-01 15:13:44 [INFO] services.garden_processor: No garden updates with status='Ready to Process' found.
2026-05-01 15:13:44 [INFO] garden_cron: Cronjob complete — 0 garden(s) processed.
2026-05-01 15:13:44 [INFO] apscheduler.executors.default: Job "Garden AI Processing (trigger: interval[0:00:10], next run at: 2026-05-01 09:43:54 UTC)" executed successfully
2026-05-01 15:13:54 [INFO] apscheduler.executors.default: Running job "Garden AI Processing (trigger: interval[0:00:10], next run at: 2026-05-01 09:44:04 UTC)" (scheduled at 2026-05-01 09:43:54.723931+00:00)
2026-05-01 15:13:54 [INFO] garden_cron: [2026-05-01 15:13:54] Cronjob triggered
2026-05-01 15:13:54 [INFO] services.garden_processor: No garden updates with status='Ready to Process' found.
2026-05-01 15:13:54 [INFO] garden_cron: Cronjob complete — 0 garden(s) processed.
2026-05-01 15:13:54 [INFO] apscheduler.executors.default: Job "Garden AI Processing (trigger: interval[0:00:10], next run at: 2026-05-01 09:44:04 UTC)" executed successfully
2026-05-01 15:14:04 [INFO] apscheduler.executors.default: Running job "Garden AI Processing (trigger: interval[0:00:10], next run at: 2026-05-01 09:44:14 UTC)" (scheduled at 2026-05-01 09:44:04.723931+00:00)
2026-05-01 15:14:04 [INFO] garden_cron: [2026-05-01 15:14:04] Cronjob triggered
2026-05-01 15:14:04 [INFO] services.garden_processor: No garden updates with status='Ready to Process' found.
2026-05-01 15:14:04 [INFO] garden_cron: Cronjob complete — 0 garden(s) processed.
2026-05-01 15:14:04 [INFO] apscheduler.executors.default: Job "Garden AI Processing (trigger: interval[0:00:10], next run at: 2026-05-01 09:44:14 UTC)" executed successfully
2026-05-01 15:14:14 [INFO] apscheduler.executors.default: Running job "Garden AI Processing (trigger: interval[0:00:10], next run at: 2026-05-01 09:44:24 UTC)" (scheduled at 2026-05-01 09:44:14.723931+00:00)
2026-05-01 15:14:14 [INFO] garden_cron: [2026-05-01 15:14:14] Cronjob triggered
2026-05-01 15:14:14 [INFO] services.garden_processor: No garden updates with status='Ready to Process' found.
2026-05-01 15:14:14 [INFO] garden_cron: Cronjob complete — 0 garden(s) processed.
2026-05-01 15:14:14 [INFO] apscheduler.executors.default: Job "Garden AI Processing (trigger: interval[0:00:10], next run at: 2026-05-01 09:44:24 UTC)" executed successfully
2026-05-01 15:14:24 [INFO] apscheduler.executors.default: Running job "Garden AI Processing (trigger: interval[0:00:10], next run at: 2026-05-01 09:44:34 UTC)" (scheduled at 2026-05-01 09:44:24.723931+00:00)
2026-05-01 15:14:24 [INFO] garden_cron: [2026-05-01 15:14:24] Cronjob triggered
2026-05-01 15:14:24 [INFO] services.garden_processor: No garden updates with status='Ready to Process' found.
2026-05-01 15:14:24 [INFO] garden_cron: Cronjob complete — 0 garden(s) processed.
2026-05-01 15:14:24 [INFO] apscheduler.executors.default: Job "Garden AI Processing (trigger: interval[0:00:10], next run at: 2026-05-01 09:44:34 UTC)" executed successfully
2026-05-01 15:14:34 [INFO] apscheduler.executors.default: Running job "Garden AI Processing (trigger: interval[0:00:10], next run at: 2026-05-01 09:44:44 UTC)" (scheduled at 2026-05-01 09:44:34.723931+00:00)
2026-05-01 15:14:34 [INFO] garden_cron: [2026-05-01 15:14:34] Cronjob triggered
2026-05-01 15:14:34 [INFO] services.garden_processor: No garden updates with status='Ready to Process' found.
2026-05-01 15:14:34 [INFO] garden_cron: Cronjob complete — 0 garden(s) processed.
2026-05-01 15:14:34 [INFO] apscheduler.executors.default: Job "Garden AI Processing (trigger: interval[0:00:10], next run at: 2026-05-01 09:44:44 UTC)" executed successfully
2026-05-01 15:14:44 [INFO] apscheduler.executors.default: Running job "Garden AI Processing (trigger: interval[0:00:10], next run at: 2026-05-01 09:44:54 UTC)" (scheduled at 2026-05-01 09:44:44.723931+00:00)
2026-05-01 15:14:44 [INFO] garden_cron: [2026-05-01 15:14:44] Cronjob triggered
2026-05-01 15:14:44 [INFO] services.garden_processor: No garden updates with status='Ready to Process' found.
2026-05-01 15:14:44 [INFO] garden_cron: Cronjob complete — 0 garden(s) processed.
2026-05-01 15:14:44 [INFO] apscheduler.executors.default: Job "Garden AI Processing (trigger: interval[0:00:10], next run at: 2026-05-01 09:44:54 UTC)" executed successfully
2026-05-01 15:14:54 [INFO] apscheduler.executors.default: Running job "Garden AI Processing (trigger: interval[0:00:10], next run at: 2026-05-01 09:45:04 UTC)" (scheduled at 2026-05-01 09:44:54.723931+00:00)
2026-05-01 15:14:54 [INFO] garden_cron: [2026-05-01 15:14:54] Cronjob triggered
2026-05-01 15:14:54 [INFO] services.garden_processor: No garden updates with status='Ready to Process' found.
2026-05-01 15:14:54 [INFO] garden_cron: Cronjob complete — 0 garden(s) processed.
2026-05-01 15:14:54 [INFO] apscheduler.executors.default: Job "Garden AI Processing (trigger: interval[0:00:10], next run at: 2026-05-01 09:45:04 UTC)" executed successfully
2026-05-01 15:15:04 [INFO] apscheduler.executors.default: Running job "Garden AI Processing (trigger: interval[0:00:10], next run at: 2026-05-01 09:45:14 UTC)" (scheduled at 2026-05-01 09:45:04.723931+00:00)
2026-05-01 15:15:04 [INFO] garden_cron: [2026-05-01 15:15:04] Cronjob triggered
2026-05-01 15:15:04 [INFO] services.garden_processor: No garden updates with status='Ready to Process' found.
2026-05-01 15:15:04 [INFO] garden_cron: Cronjob complete — 0 garden(s) processed.
2026-05-01 15:15:04 [INFO] apscheduler.executors.default: Job "Garden AI Processing (trigger: interval[0:00:10], next run at: 2026-05-01 09:45:14 UTC)" executed successfully
2026-05-01 15:15:14 [INFO] apscheduler.executors.default: Running job "Garden AI Processing (trigger: interval[0:00:10], next run at: 2026-05-01 09:45:24 UTC)" (scheduled at 2026-05-01 09:45:14.723931+00:00)
2026-05-01 15:15:14 [INFO] garden_cron: [2026-05-01 15:15:14] Cronjob triggered
2026-05-01 15:15:14 [INFO] services.garden_processor: No garden updates with status='Ready to Process' found.
2026-05-01 15:15:14 [INFO] garden_cron: Cronjob complete — 0 garden(s) processed.
2026-05-01 15:15:14 [INFO] apscheduler.executors.default: Job "Garden AI Processing (trigger: interval[0:00:10], next run at: 2026-05-01 09:45:24 UTC)" executed successfully
2026-05-01 15:15:24 [INFO] apscheduler.executors.default: Running job "Garden AI Processing (trigger: interval[0:00:10], next run at: 2026-05-01 09:45:34 UTC)" (scheduled at 2026-05-01 09:45:24.723931+00:00)
2026-05-01 15:15:24 [INFO] garden_cron: [2026-05-01 15:15:24] Cronjob triggered
2026-05-01 15:15:24 [INFO] services.garden_processor: No garden updates with status='Ready to Process' found.
2026-05-01 15:15:24 [INFO] garden_cron: Cronjob complete — 0 garden(s) processed.
2026-05-01 15:15:24 [INFO] apscheduler.executors.default: Job "Garden AI Processing (trigger: interval[0:00:10], next run at: 2026-05-01 09:45:34 UTC)" executed successfully
2026-05-01 15:15:34 [INFO] apscheduler.executors.default: Running job "Garden AI Processing (trigger: interval[0:00:10], next run at: 2026-05-01 09:45:44 UTC)" (scheduled at 2026-05-01 09:45:34.723931+00:00)
2026-05-01 15:15:34 [INFO] garden_cron: [2026-05-01 15:15:34] Cronjob triggered
2026-05-01 15:15:34 [INFO] services.garden_processor: No garden updates with status='Ready to Process' found.
2026-05-01 15:15:34 [INFO] garden_cron: Cronjob complete — 0 garden(s) processed.
2026-05-01 15:15:34 [INFO] apscheduler.executors.default: Job "Garden AI Processing (trigger: interval[0:00:10], next run at: 2026-05-01 09:45:44 UTC)" executed successfully
2026-05-01 15:15:44 [INFO] apscheduler.executors.default: Running job "Garden AI Processing (trigger: interval[0:00:10], next run at: 2026-05-01 09:45:54 UTC)" (scheduled at 2026-05-01 09:45:44.723931+00:00)
2026-05-01 15:15:44 [INFO] garden_cron: [2026-05-01 15:15:44] Cronjob triggered
2026-05-01 15:15:44 [INFO] services.garden_processor: No garden updates with status='Ready to Process' found.
2026-05-01 15:15:44 [INFO] garden_cron: Cronjob complete — 0 garden(s) processed.
2026-05-01 15:15:44 [INFO] apscheduler.executors.default: Job "Garden AI Processing (trigger: interval[0:00:10], next run at: 2026-05-01 09:45:54 UTC)" executed successfully
2026-05-01 15:15:54 [INFO] apscheduler.executors.default: Running job "Garden AI Processing (trigger: interval[0:00:10], next run at: 2026-05-01 09:46:04 UTC)" (scheduled at 2026-05-01 09:45:54.723931+00:00)
2026-05-01 15:15:54 [INFO] garden_cron: [2026-05-01 15:15:54] Cronjob triggered
2026-05-01 15:15:54 [INFO] services.garden_processor: No garden updates with status='Ready to Process' found.
2026-05-01 15:15:54 [INFO] garden_cron: Cronjob complete — 0 garden(s) processed.
2026-05-01 15:15:54 [INFO] apscheduler.executors.default: Job "Garden AI Processing (trigger: interval[0:00:10], next run at: 2026-05-01 09:46:04 UTC)" executed successfully
2026-05-01 15:16:04 [INFO] apscheduler.executors.default: Running job "Garden AI Processing (trigger: interval[0:00:10], next run at: 2026-05-01 09:46:14 UTC)" (scheduled at 2026-05-01 09:46:04.723931+00:00)
2026-05-01 15:16:04 [INFO] garden_cron: [2026-05-01 15:16:04] Cronjob triggered
2026-05-01 15:16:04 [INFO] services.garden_processor: No garden updates with status='Ready to Process' found.
2026-05-01 15:16:04 [INFO] garden_cron: Cronjob complete — 0 garden(s) processed.
2026-05-01 15:16:04 [INFO] apscheduler.executors.default: Job "Garden AI Processing (trigger: interval[0:00:10], next run at: 2026-05-01 09:46:14 UTC)" executed successfully
2026-05-01 15:16:14 [INFO] apscheduler.executors.default: Running job "Garden AI Processing (trigger: interval[0:00:10], next run at: 2026-05-01 09:46:24 UTC)" (scheduled at 2026-05-01 09:46:14.723931+00:00)
2026-05-01 15:16:14 [INFO] garden_cron: [2026-05-01 15:16:14] Cronjob triggered
2026-05-01 15:16:14 [INFO] services.garden_processor: No garden updates with status='Ready to Process' found.
2026-05-01 15:16:14 [INFO] garden_cron: Cronjob complete — 0 garden(s) processed.
2026-05-01 15:16:14 [INFO] apscheduler.executors.default: Job "Garden AI Processing (trigger: interval[0:00:10], next run at: 2026-05-01 09:46:24 UTC)" executed successfully
2026-05-01 15:16:24 [INFO] apscheduler.executors.default: Running job "Garden AI Processing (trigger: interval[0:00:10], next run at: 2026-05-01 09:46:34 UTC)" (scheduled at 2026-05-01 09:46:24.723931+00:00)
2026-05-01 15:16:24 [INFO] garden_cron: [2026-05-01 15:16:24] Cronjob triggered
2026-05-01 15:16:24 [INFO] services.garden_processor: No garden updates with status='Ready to Process' found.
2026-05-01 15:16:24 [INFO] garden_cron: Cronjob complete — 0 garden(s) processed.
2026-05-01 15:16:24 [INFO] apscheduler.executors.default: Job "Garden AI Processing (trigger: interval[0:00:10], next run at: 2026-05-01 09:46:34 UTC)" executed successfully
2026-05-01 15:16:34 [INFO] apscheduler.executors.default: Running job "Garden AI Processing (trigger: interval[0:00:10], next run at: 2026-05-01 09:46:44 UTC)" (scheduled at 2026-05-01 09:46:34.723931+00:00)
2026-05-01 15:16:34 [INFO] garden_cron: [2026-05-01 15:16:34] Cronjob triggered
2026-05-01 15:16:34 [INFO] services.garden_processor: No garden updates with status='Ready to Process' found.
2026-05-01 15:16:34 [INFO] garden_cron: Cronjob complete — 0 garden(s) processed.
2026-05-01 15:16:34 [INFO] apscheduler.executors.default: Job "Garden AI Processing (trigger: interval[0:00:10], next run at: 2026-05-01 09:46:44 UTC)" executed successfully
2026-05-01 15:16:44 [INFO] apscheduler.executors.default: Running job "Garden AI Processing (trigger: interval[0:00:10], next run at: 2026-05-01 09:46:54 UTC)" (scheduled at 2026-05-01 09:46:44.723931+00:00)
2026-05-01 15:16:44 [INFO] garden_cron: [2026-05-01 15:16:44] Cronjob triggered
2026-05-01 15:16:44 [INFO] services.garden_processor: No garden updates with status='Ready to Process' found.
2026-05-01 15:16:44 [INFO] garden_cron: Cronjob complete — 0 garden(s) processed.
2026-05-01 15:16:44 [INFO] apscheduler.executors.default: Job "Garden AI Processing (trigger: interval[0:00:10], next run at: 2026-05-01 09:46:54 UTC)" executed successfully
2026-05-01 15:16:54 [INFO] apscheduler.executors.default: Running job "Garden AI Processing (trigger: interval[0:00:10], next run at: 2026-05-01 09:47:04 UTC)" (scheduled at 2026-05-01 09:46:54.723931+00:00)
2026-05-01 15:16:54 [INFO] garden_cron: [2026-05-01 15:16:54] Cronjob triggered
2026-05-01 15:16:54 [INFO] services.garden_processor: No garden updates with status='Ready to Process' found.
2026-05-01 15:16:54 [INFO] garden_cron: Cronjob complete — 0 garden(s) processed.
2026-05-01 15:16:54 [INFO] apscheduler.executors.default: Job "Garden AI Processing (trigger: interval[0:00:10], next run at: 2026-05-01 09:47:04 UTC)" executed successfully
2026-05-01 15:17:04 [INFO] apscheduler.executors.default: Running job "Garden AI Processing (trigger: interval[0:00:10], next run at: 2026-05-01 09:47:14 UTC)" (scheduled at 2026-05-01 09:47:04.723931+00:00)
2026-05-01 15:17:04 [INFO] garden_cron: [2026-05-01 15:17:04] Cronjob triggered
2026-05-01 15:17:04 [INFO] services.garden_processor: No garden updates with status='Ready to Process' found.
2026-05-01 15:17:04 [INFO] garden_cron: Cronjob complete — 0 garden(s) processed.
2026-05-01 15:17:04 [INFO] apscheduler.executors.default: Job "Garden AI Processing (trigger: interval[0:00:10], next run at: 2026-05-01 09:47:14 UTC)" executed successfully
2026-05-01 15:17:14 [INFO] apscheduler.executors.default: Running job "Garden AI Processing (trigger: interval[0:00:10], next run at: 2026-05-01 09:47:24 UTC)" (scheduled at 2026-05-01 09:47:14.723931+00:00)
2026-05-01 15:17:14 [INFO] garden_cron: [2026-05-01 15:17:14] Cronjob triggered
2026-05-01 15:17:14 [INFO] services.garden_processor: No garden updates with status='Ready to Process' found.
2026-05-01 15:17:14 [INFO] garden_cron: Cronjob complete — 0 garden(s) processed.
2026-05-01 15:17:14 [INFO] apscheduler.executors.default: Job "Garden AI Processing (trigger: interval[0:00:10], next run at: 2026-05-01 09:47:24 UTC)" executed successfully
2026-05-01 15:17:24 [INFO] apscheduler.executors.default: Running job "Garden AI Processing (trigger: interval[0:00:10], next run at: 2026-05-01 09:47:34 UTC)" (scheduled at 2026-05-01 09:47:24.723931+00:00)
2026-05-01 15:17:24 [INFO] garden_cron: [2026-05-01 15:17:24] Cronjob triggered
2026-05-01 15:17:24 [INFO] services.garden_processor: No garden updates with status='Ready to Process' found.
2026-05-01 15:17:24 [INFO] garden_cron: Cronjob complete — 0 garden(s) processed.
2026-05-01 15:17:24 [INFO] apscheduler.executors.default: Job "Garden AI Processing (trigger: interval[0:00:10], next run at: 2026-05-01 09:47:34 UTC)" executed successfully
2026-05-01 15:17:34 [INFO] apscheduler.executors.default: Running job "Garden AI Processing (trigger: interval[0:00:10], next run at: 2026-05-01 09:47:44 UTC)" (scheduled at 2026-05-01 09:47:34.723931+00:00)
2026-05-01 15:17:34 [INFO] garden_cron: [2026-05-01 15:17:34] Cronjob triggered
2026-05-01 15:17:34 [INFO] services.garden_processor: No garden updates with status='Ready to Process' found.
2026-05-01 15:17:34 [INFO] garden_cron: Cronjob complete — 0 garden(s) processed.
2026-05-01 15:17:34 [INFO] apscheduler.executors.default: Job "Garden AI Processing (trigger: interval[0:00:10], next run at: 2026-05-01 09:47:44 UTC)" executed successfully
2026-05-01 15:17:44 [INFO] apscheduler.executors.default: Running job "Garden AI Processing (trigger: interval[0:00:10], next run at: 2026-05-01 09:47:54 UTC)" (scheduled at 2026-05-01 09:47:44.723931+00:00)
2026-05-01 15:17:44 [INFO] garden_cron: [2026-05-01 15:17:44] Cronjob triggered
2026-05-01 15:17:44 [INFO] services.garden_processor: No garden updates with status='Ready to Process' found.
2026-05-01 15:17:44 [INFO] garden_cron: Cronjob complete — 0 garden(s) processed.
2026-05-01 15:17:44 [INFO] apscheduler.executors.default: Job "Garden AI Processing (trigger: interval[0:00:10], next run at: 2026-05-01 09:47:54 UTC)" executed successfully
2026-05-01 15:17:54 [INFO] apscheduler.executors.default: Running job "Garden AI Processing (trigger: interval[0:00:10], next run at: 2026-05-01 09:48:04 UTC)" (scheduled at 2026-05-01 09:47:54.723931+00:00)
2026-05-01 15:17:54 [INFO] garden_cron: [2026-05-01 15:17:54] Cronjob triggered
2026-05-01 15:17:54 [INFO] services.garden_processor: No garden updates with status='Ready to Process' found.
2026-05-01 15:17:54 [INFO] garden_cron: Cronjob complete — 0 garden(s) processed.
2026-05-01 15:17:54 [INFO] apscheduler.executors.default: Job "Garden AI Processing (trigger: interval[0:00:10], next run at: 2026-05-01 09:48:04 UTC)" executed successfully
2026-05-01 15:18:04 [INFO] apscheduler.executors.default: Running job "Garden AI Processing (trigger: interval[0:00:10], next run at: 2026-05-01 09:48:14 UTC)" (scheduled at 2026-05-01 09:48:04.723931+00:00)
2026-05-01 15:18:04 [INFO] garden_cron: [2026-05-01 15:18:04] Cronjob triggered
2026-05-01 15:18:04 [INFO] services.garden_processor: No garden updates with status='Ready to Process' found.
2026-05-01 15:18:04 [INFO] garden_cron: Cronjob complete — 0 garden(s) processed.
2026-05-01 15:18:04 [INFO] apscheduler.executors.default: Job "Garden AI Processing (trigger: interval[0:00:10], next run at: 2026-05-01 09:48:14 UTC)" executed successfully
2026-05-01 15:18:14 [INFO] apscheduler.executors.default: Running job "Garden AI Processing (trigger: interval[0:00:10], next run at: 2026-05-01 09:48:24 UTC)" (scheduled at 2026-05-01 09:48:14.723931+00:00)
2026-05-01 15:18:14 [INFO] garden_cron: [2026-05-01 15:18:14] Cronjob triggered
2026-05-01 15:18:14 [INFO] services.garden_processor: No garden updates with status='Ready to Process' found.
2026-05-01 15:18:14 [INFO] garden_cron: Cronjob complete — 0 garden(s) processed.
2026-05-01 15:18:14 [INFO] apscheduler.executors.default: Job "Garden AI Processing (trigger: interval[0:00:10], next run at: 2026-05-01 09:48:24 UTC)" executed successfully
2026-05-01 15:18:24 [INFO] apscheduler.executors.default: Running job "Garden AI Processing (trigger: interval[0:00:10], next run at: 2026-05-01 09:48:34 UTC)" (scheduled at 2026-05-01 09:48:24.723931+00:00)
2026-05-01 15:18:24 [INFO] garden_cron: [2026-05-01 15:18:24] Cronjob triggered
2026-05-01 15:18:24 [INFO] services.garden_processor: No garden updates with status='Ready to Process' found.
2026-05-01 15:18:24 [INFO] garden_cron: Cronjob complete — 0 garden(s) processed.
2026-05-01 15:18:24 [INFO] apscheduler.executors.default: Job "Garden AI Processing (trigger: interval[0:00:10], next run at: 2026-05-01 09:48:34 UTC)" executed successfully
2026-05-01 15:18:34 [INFO] apscheduler.executors.default: Running job "Garden AI Processing (trigger: interval[0:00:10], next run at: 2026-05-01 09:48:44 UTC)" (scheduled at 2026-05-01 09:48:34.723931+00:00)
2026-05-01 15:18:34 [INFO] garden_cron: [2026-05-01 15:18:34] Cronjob triggered
2026-05-01 15:18:34 [INFO] services.garden_processor: No garden updates with status='Ready to Process' found.
2026-05-01 15:18:34 [INFO] garden_cron: Cronjob complete — 0 garden(s) processed.
2026-05-01 15:18:34 [INFO] apscheduler.executors.default: Job "Garden AI Processing (trigger: interval[0:00:10], next run at: 2026-05-01 09:48:44 UTC)" executed successfully
2026-05-01 15:18:44 [INFO] apscheduler.executors.default: Running job "Garden AI Processing (trigger: interval[0:00:10], next run at: 2026-05-01 09:48:54 UTC)" (scheduled at 2026-05-01 09:48:44.723931+00:00)
2026-05-01 15:18:44 [INFO] garden_cron: [2026-05-01 15:18:44] Cronjob triggered
2026-05-01 15:18:44 [INFO] services.garden_processor: No garden updates with status='Ready to Process' found.
2026-05-01 15:18:44 [INFO] garden_cron: Cronjob complete — 0 garden(s) processed.
2026-05-01 15:18:44 [INFO] apscheduler.executors.default: Job "Garden AI Processing (trigger: interval[0:00:10], next run at: 2026-05-01 09:48:54 UTC)" executed successfully
2026-05-01 15:18:54 [INFO] apscheduler.executors.default: Running job "Garden AI Processing (trigger: interval[0:00:10], next run at: 2026-05-01 09:49:04 UTC)" (scheduled at 2026-05-01 09:48:54.723931+00:00)
2026-05-01 15:18:54 [INFO] garden_cron: [2026-05-01 15:18:54] Cronjob triggered
2026-05-01 15:18:54 [INFO] services.garden_processor: No garden updates with status='Ready to Process' found.
2026-05-01 15:18:54 [INFO] garden_cron: Cronjob complete — 0 garden(s) processed.
2026-05-01 15:18:54 [INFO] apscheduler.executors.default: Job "Garden AI Processing (trigger: interval[0:00:10], next run at: 2026-05-01 09:49:04 UTC)" executed successfully
2026-05-01 15:19:04 [INFO] apscheduler.executors.default: Running job "Garden AI Processing (trigger: interval[0:00:10], next run at: 2026-05-01 09:49:14 UTC)" (scheduled at 2026-05-01 09:49:04.723931+00:00)
2026-05-01 15:19:04 [INFO] garden_cron: [2026-05-01 15:19:04] Cronjob triggered
2026-05-01 15:19:04 [INFO] services.garden_processor: No garden updates with status='Ready to Process' found.
2026-05-01 15:19:04 [INFO] garden_cron: Cronjob complete — 0 garden(s) processed.
2026-05-01 15:19:04 [INFO] apscheduler.executors.default: Job "Garden AI Processing (trigger: interval[0:00:10], next run at: 2026-05-01 09:49:14 UTC)" executed successfully
2026-05-01 15:19:14 [INFO] apscheduler.executors.default: Running job "Garden AI Processing (trigger: interval[0:00:10], next run at: 2026-05-01 09:49:24 UTC)" (scheduled at 2026-05-01 09:49:14.723931+00:00)
2026-05-01 15:19:14 [INFO] garden_cron: [2026-05-01 15:19:14] Cronjob triggered
2026-05-01 15:19:14 [INFO] services.garden_processor: No garden updates with status='Ready to Process' found.
2026-05-01 15:19:14 [INFO] garden_cron: Cronjob complete — 0 garden(s) processed.
2026-05-01 15:19:14 [INFO] apscheduler.executors.default: Job "Garden AI Processing (trigger: interval[0:00:10], next run at: 2026-05-01 09:49:24 UTC)" executed successfully
2026-05-01 15:19:24 [INFO] apscheduler.executors.default: Running job "Garden AI Processing (trigger: interval[0:00:10], next run at: 2026-05-01 09:49:34 UTC)" (scheduled at 2026-05-01 09:49:24.723931+00:00)
2026-05-01 15:19:24 [INFO] garden_cron: [2026-05-01 15:19:24] Cronjob triggered
2026-05-01 15:19:24 [INFO] services.garden_processor: No garden updates with status='Ready to Process' found.
2026-05-01 15:19:24 [INFO] garden_cron: Cronjob complete — 0 garden(s) processed.
2026-05-01 15:19:24 [INFO] apscheduler.executors.default: Job "Garden AI Processing (trigger: interval[0:00:10], next run at: 2026-05-01 09:49:34 UTC)" executed successfully
2026-05-01 15:19:34 [INFO] apscheduler.executors.default: Running job "Garden AI Processing (trigger: interval[0:00:10], next run at: 2026-05-01 09:49:44 UTC)" (scheduled at 2026-05-01 09:49:34.723931+00:00)
2026-05-01 15:19:34 [INFO] garden_cron: [2026-05-01 15:19:34] Cronjob triggered
2026-05-01 15:19:34 [INFO] services.garden_processor: No garden updates with status='Ready to Process' found.
2026-05-01 15:19:34 [INFO] garden_cron: Cronjob complete — 0 garden(s) processed.
2026-05-01 15:19:34 [INFO] apscheduler.executors.default: Job "Garden AI Processing (trigger: interval[0:00:10], next run at: 2026-05-01 09:49:44 UTC)" executed successfully
2026-05-01 15:19:44 [INFO] apscheduler.executors.default: Running job "Garden AI Processing (trigger: interval[0:00:10], next run at: 2026-05-01 09:49:54 UTC)" (scheduled at 2026-05-01 09:49:44.723931+00:00)
2026-05-01 15:19:44 [INFO] garden_cron: [2026-05-01 15:19:44] Cronjob triggered
2026-05-01 15:19:44 [INFO] services.garden_processor: No garden updates with status='Ready to Process' found.
2026-05-01 15:19:44 [INFO] garden_cron: Cronjob complete — 0 garden(s) processed.
2026-05-01 15:19:44 [INFO] apscheduler.executors.default: Job "Garden AI Processing (trigger: interval[0:00:10], next run at: 2026-05-01 09:49:54 UTC)" executed successfully
2026-05-01 15:19:54 [INFO] apscheduler.executors.default: Running job "Garden AI Processing (trigger: interval[0:00:10], next run at: 2026-05-01 09:50:04 UTC)" (scheduled at 2026-05-01 09:49:54.723931+00:00)
2026-05-01 15:19:54 [INFO] garden_cron: [2026-05-01 15:19:54] Cronjob triggered
2026-05-01 15:19:54 [INFO] services.garden_processor: No garden updates with status='Ready to Process' found.
2026-05-01 15:19:54 [INFO] garden_cron: Cronjob complete — 0 garden(s) processed.
2026-05-01 15:19:54 [INFO] apscheduler.executors.default: Job "Garden AI Processing (trigger: interval[0:00:10], next run at: 2026-05-01 09:50:04 UTC)" executed successfully
2026-05-01 15:20:04 [INFO] apscheduler.executors.default: Running job "Garden AI Processing (trigger: interval[0:00:10], next run at: 2026-05-01 09:50:14 UTC)" (scheduled at 2026-05-01 09:50:04.723931+00:00)
2026-05-01 15:20:04 [INFO] garden_cron: [2026-05-01 15:20:04] Cronjob triggered
2026-05-01 15:20:04 [INFO] services.garden_processor: No garden updates with status='Ready to Process' found.
2026-05-01 15:20:04 [INFO] garden_cron: Cronjob complete — 0 garden(s) processed.
2026-05-01 15:20:04 [INFO] apscheduler.executors.default: Job "Garden AI Processing (trigger: interval[0:00:10], next run at: 2026-05-01 09:50:14 UTC)" executed successfully
2026-05-01 15:20:14 [INFO] apscheduler.executors.default: Running job "Garden AI Processing (trigger: interval[0:00:10], next run at: 2026-05-01 09:50:24 UTC)" (scheduled at 2026-05-01 09:50:14.723931+00:00)
2026-05-01 15:20:14 [INFO] garden_cron: [2026-05-01 15:20:14] Cronjob triggered
2026-05-01 15:20:14 [INFO] services.garden_processor: No garden updates with status='Ready to Process' found.
2026-05-01 15:20:14 [INFO] garden_cron: Cronjob complete — 0 garden(s) processed.
2026-05-01 15:20:14 [INFO] apscheduler.executors.default: Job "Garden AI Processing (trigger: interval[0:00:10], next run at: 2026-05-01 09:50:24 UTC)" executed successfully
2026-05-01 15:20:24 [INFO] apscheduler.executors.default: Running job "Garden AI Processing (trigger: interval[0:00:10], next run at: 2026-05-01 09:50:34 UTC)" (scheduled at 2026-05-01 09:50:24.723931+00:00)
2026-05-01 15:20:24 [INFO] garden_cron: [2026-05-01 15:20:24] Cronjob triggered
2026-05-01 15:20:24 [INFO] services.garden_processor: No garden updates with status='Ready to Process' found.
2026-05-01 15:20:24 [INFO] garden_cron: Cronjob complete — 0 garden(s) processed.
2026-05-01 15:20:24 [INFO] apscheduler.executors.default: Job "Garden AI Processing (trigger: interval[0:00:10], next run at: 2026-05-01 09:50:34 UTC)" executed successfully
2026-05-01 15:20:34 [INFO] apscheduler.executors.default: Running job "Garden AI Processing (trigger: interval[0:00:10], next run at: 2026-05-01 09:50:44 UTC)" (scheduled at 2026-05-01 09:50:34.723931+00:00)
2026-05-01 15:20:34 [INFO] garden_cron: [2026-05-01 15:20:34] Cronjob triggered
2026-05-01 15:20:34 [INFO] services.garden_processor: No garden updates with status='Ready to Process' found.
2026-05-01 15:20:34 [INFO] garden_cron: Cronjob complete — 0 garden(s) processed.
2026-05-01 15:20:34 [INFO] apscheduler.executors.default: Job "Garden AI Processing (trigger: interval[0:00:10], next run at: 2026-05-01 09:50:44 UTC)" executed successfully
2026-05-01 15:20:44 [INFO] apscheduler.executors.default: Running job "Garden AI Processing (trigger: interval[0:00:10], next run at: 2026-05-01 09:50:54 UTC)" (scheduled at 2026-05-01 09:50:44.723931+00:00)
2026-05-01 15:20:44 [INFO] garden_cron: [2026-05-01 15:20:44] Cronjob triggered
2026-05-01 15:20:44 [INFO] services.garden_processor: No garden updates with status='Ready to Process' found.
2026-05-01 15:20:44 [INFO] garden_cron: Cronjob complete — 0 garden(s) processed.
2026-05-01 15:20:44 [INFO] apscheduler.executors.default: Job "Garden AI Processing (trigger: interval[0:00:10], next run at: 2026-05-01 09:50:54 UTC)" executed successfully
2026-05-01 15:20:54 [INFO] apscheduler.executors.default: Running job "Garden AI Processing (trigger: interval[0:00:10], next run at: 2026-05-01 09:51:04 UTC)" (scheduled at 2026-05-01 09:50:54.723931+00:00)
2026-05-01 15:20:54 [INFO] garden_cron: [2026-05-01 15:20:54] Cronjob triggered
2026-05-01 15:20:54 [INFO] services.garden_processor: No garden updates with status='Ready to Process' found.
2026-05-01 15:20:54 [INFO] garden_cron: Cronjob complete — 0 garden(s) processed.
2026-05-01 15:20:54 [INFO] apscheduler.executors.default: Job "Garden AI Processing (trigger: interval[0:00:10], next run at: 2026-05-01 09:51:04 UTC)" executed successfully
2026-05-01 15:21:04 [INFO] apscheduler.executors.default: Running job "Garden AI Processing (trigger: interval[0:00:10], next run at: 2026-05-01 09:51:14 UTC)" (scheduled at 2026-05-01 09:51:04.723931+00:00)
2026-05-01 15:21:04 [INFO] garden_cron: [2026-05-01 15:21:04] Cronjob triggered
2026-05-01 15:21:04 [INFO] services.garden_processor: No garden updates with status='Ready to Process' found.
2026-05-01 15:21:04 [INFO] garden_cron: Cronjob complete — 0 garden(s) processed.
2026-05-01 15:21:04 [INFO] apscheduler.executors.default: Job "Garden AI Processing (trigger: interval[0:00:10], next run at: 2026-05-01 09:51:14 UTC)" executed successfully
2026-05-01 15:21:14 [INFO] apscheduler.executors.default: Running job "Garden AI Processing (trigger: interval[0:00:10], next run at: 2026-05-01 09:51:24 UTC)" (scheduled at 2026-05-01 09:51:14.723931+00:00)
2026-05-01 15:21:14 [INFO] garden_cron: [2026-05-01 15:21:14] Cronjob triggered
2026-05-01 15:21:14 [INFO] services.garden_processor: No garden updates with status='Ready to Process' found.
2026-05-01 15:21:14 [INFO] garden_cron: Cronjob complete — 0 garden(s) processed.
2026-05-01 15:21:14 [INFO] apscheduler.executors.default: Job "Garden AI Processing (trigger: interval[0:00:10], next run at: 2026-05-01 09:51:24 UTC)" executed successfully
2026-05-01 15:21:24 [INFO] apscheduler.executors.default: Running job "Garden AI Processing (trigger: interval[0:00:10], next run at: 2026-05-01 09:51:34 UTC)" (scheduled at 2026-05-01 09:51:24.723931+00:00)
2026-05-01 15:21:24 [INFO] garden_cron: [2026-05-01 15:21:24] Cronjob triggered
2026-05-01 15:21:24 [INFO] services.garden_processor: No garden updates with status='Ready to Process' found.
2026-05-01 15:21:24 [INFO] garden_cron: Cronjob complete — 0 garden(s) processed.
2026-05-01 15:21:24 [INFO] apscheduler.executors.default: Job "Garden AI Processing (trigger: interval[0:00:10], next run at: 2026-05-01 09:51:34 UTC)" executed successfully
2026-05-01 15:21:34 [INFO] apscheduler.executors.default: Running job "Garden AI Processing (trigger: interval[0:00:10], next run at: 2026-05-01 09:51:44 UTC)" (scheduled at 2026-05-01 09:51:34.723931+00:00)
2026-05-01 15:21:34 [INFO] garden_cron: [2026-05-01 15:21:34] Cronjob triggered
2026-05-01 15:21:34 [INFO] services.garden_processor: No garden updates with status='Ready to Process' found.
2026-05-01 15:21:34 [INFO] garden_cron: Cronjob complete — 0 garden(s) processed.
2026-05-01 15:21:34 [INFO] apscheduler.executors.default: Job "Garden AI Processing (trigger: interval[0:00:10], next run at: 2026-05-01 09:51:44 UTC)" executed successfully
2026-05-01 15:21:44 [INFO] apscheduler.executors.default: Running job "Garden AI Processing (trigger: interval[0:00:10], next run at: 2026-05-01 09:51:54 UTC)" (scheduled at 2026-05-01 09:51:44.723931+00:00)
2026-05-01 15:21:44 [INFO] garden_cron: [2026-05-01 15:21:44] Cronjob triggered
2026-05-01 15:21:44 [INFO] services.garden_processor: No garden updates with status='Ready to Process' found.
2026-05-01 15:21:44 [INFO] garden_cron: Cronjob complete — 0 garden(s) processed.
2026-05-01 15:21:44 [INFO] apscheduler.executors.default: Job "Garden AI Processing (trigger: interval[0:00:10], next run at: 2026-05-01 09:51:54 UTC)" executed successfully
2026-05-01 15:21:54 [INFO] apscheduler.executors.default: Running job "Garden AI Processing (trigger: interval[0:00:10], next run at: 2026-05-01 09:52:04 UTC)" (scheduled at 2026-05-01 09:51:54.723931+00:00)
2026-05-01 15:21:54 [INFO] garden_cron: [2026-05-01 15:21:54] Cronjob triggered
2026-05-01 15:21:54 [INFO] services.garden_processor: No garden updates with status='Ready to Process' found.
2026-05-01 15:21:54 [INFO] garden_cron: Cronjob complete — 0 garden(s) processed.
2026-05-01 15:21:54 [INFO] apscheduler.executors.default: Job "Garden AI Processing (trigger: interval[0:00:10], next run at: 2026-05-01 09:52:04 UTC)" executed successfully
2026-05-01 15:22:04 [INFO] apscheduler.executors.default: Running job "Garden AI Processing (trigger: interval[0:00:10], next run at: 2026-05-01 09:52:14 UTC)" (scheduled at 2026-05-01 09:52:04.723931+00:00)
2026-05-01 15:22:04 [INFO] garden_cron: [2026-05-01 15:22:04] Cronjob triggered
2026-05-01 15:22:04 [INFO] services.garden_processor: No garden updates with status='Ready to Process' found.
2026-05-01 15:22:04 [INFO] garden_cron: Cronjob complete — 0 garden(s) processed.
2026-05-01 15:22:04 [INFO] apscheduler.executors.default: Job "Garden AI Processing (trigger: interval[0:00:10], next run at: 2026-05-01 09:52:14 UTC)" executed successfully
2026-05-01 15:22:14 [INFO] apscheduler.executors.default: Running job "Garden AI Processing (trigger: interval[0:00:10], next run at: 2026-05-01 09:52:24 UTC)" (scheduled at 2026-05-01 09:52:14.723931+00:00)
2026-05-01 15:22:14 [INFO] garden_cron: [2026-05-01 15:22:14] Cronjob triggered
2026-05-01 15:22:14 [INFO] services.garden_processor: No garden updates with status='Ready to Process' found.
2026-05-01 15:22:14 [INFO] garden_cron: Cronjob complete — 0 garden(s) processed.
2026-05-01 15:22:14 [INFO] apscheduler.executors.default: Job "Garden AI Processing (trigger: interval[0:00:10], next run at: 2026-05-01 09:52:24 UTC)" executed successfully
2026-05-01 15:22:24 [INFO] apscheduler.executors.default: Running job "Garden AI Processing (trigger: interval[0:00:10], next run at: 2026-05-01 09:52:34 UTC)" (scheduled at 2026-05-01 09:52:24.723931+00:00)
2026-05-01 15:22:24 [INFO] garden_cron: [2026-05-01 15:22:24] Cronjob triggered
2026-05-01 15:22:24 [INFO] services.garden_processor: No garden updates with status='Ready to Process' found.
2026-05-01 15:22:24 [INFO] garden_cron: Cronjob complete — 0 garden(s) processed.
2026-05-01 15:22:24 [INFO] apscheduler.executors.default: Job "Garden AI Processing (trigger: interval[0:00:10], next run at: 2026-05-01 09:52:34 UTC)" executed successfully
2026-05-01 15:22:34 [INFO] apscheduler.executors.default: Running job "Garden AI Processing (trigger: interval[0:00:10], next run at: 2026-05-01 09:52:44 UTC)" (scheduled at 2026-05-01 09:52:34.723931+00:00)
2026-05-01 15:22:34 [INFO] garden_cron: [2026-05-01 15:22:34] Cronjob triggered
2026-05-01 15:22:34 [INFO] services.garden_processor: No garden updates with status='Ready to Process' found.
2026-05-01 15:22:34 [INFO] garden_cron: Cronjob complete — 0 garden(s) processed.
2026-05-01 15:22:34 [INFO] apscheduler.executors.default: Job "Garden AI Processing (trigger: interval[0:00:10], next run at: 2026-05-01 09:52:44 UTC)" executed successfully
2026-05-01 15:22:44 [INFO] apscheduler.executors.default: Running job "Garden AI Processing (trigger: interval[0:00:10], next run at: 2026-05-01 09:52:54 UTC)" (scheduled at 2026-05-01 09:52:44.723931+00:00)
2026-05-01 15:22:44 [INFO] garden_cron: [2026-05-01 15:22:44] Cronjob triggered
2026-05-01 15:22:44 [INFO] services.garden_processor: No garden updates with status='Ready to Process' found.
2026-05-01 15:22:44 [INFO] garden_cron: Cronjob complete — 0 garden(s) processed.
2026-05-01 15:22:44 [INFO] apscheduler.executors.default: Job "Garden AI Processing (trigger: interval[0:00:10], next run at: 2026-05-01 09:52:54 UTC)" executed successfully
2026-05-01 15:22:54 [INFO] apscheduler.executors.default: Running job "Garden AI Processing (trigger: interval[0:00:10], next run at: 2026-05-01 09:53:04 UTC)" (scheduled at 2026-05-01 09:52:54.723931+00:00)
2026-05-01 15:22:54 [INFO] garden_cron: [2026-05-01 15:22:54] Cronjob triggered
2026-05-01 15:22:54 [INFO] services.garden_processor: No garden updates with status='Ready to Process' found.
2026-05-01 15:22:54 [INFO] garden_cron: Cronjob complete — 0 garden(s) processed.
2026-05-01 15:22:54 [INFO] apscheduler.executors.default: Job "Garden AI Processing (trigger: interval[0:00:10], next run at: 2026-05-01 09:53:04 UTC)" executed successfully
2026-05-01 15:23:04 [INFO] apscheduler.executors.default: Running job "Garden AI Processing (trigger: interval[0:00:10], next run at: 2026-05-01 09:53:14 UTC)" (scheduled at 2026-05-01 09:53:04.723931+00:00)
2026-05-01 15:23:04 [INFO] garden_cron: [2026-05-01 15:23:04] Cronjob triggered
2026-05-01 15:23:04 [INFO] services.garden_processor: No garden updates with status='Ready to Process' found.
2026-05-01 15:23:04 [INFO] garden_cron: Cronjob complete — 0 garden(s) processed.
2026-05-01 15:23:04 [INFO] apscheduler.executors.default: Job "Garden AI Processing (trigger: interval[0:00:10], next run at: 2026-05-01 09:53:14 UTC)" executed successfully
2026-05-01 15:23:14 [INFO] apscheduler.executors.default: Running job "Garden AI Processing (trigger: interval[0:00:10], next run at: 2026-05-01 09:53:24 UTC)" (scheduled at 2026-05-01 09:53:14.723931+00:00)
2026-05-01 15:23:14 [INFO] garden_cron: [2026-05-01 15:23:14] Cronjob triggered
2026-05-01 15:23:14 [INFO] services.garden_processor: No garden updates with status='Ready to Process' found.
2026-05-01 15:23:14 [INFO] garden_cron: Cronjob complete — 0 garden(s) processed.
2026-05-01 15:23:14 [INFO] apscheduler.executors.default: Job "Garden AI Processing (trigger: interval[0:00:10], next run at: 2026-05-01 09:53:24 UTC)" executed successfully
2026-05-01 15:23:24 [INFO] apscheduler.executors.default: Running job "Garden AI Processing (trigger: interval[0:00:10], next run at: 2026-05-01 09:53:34 UTC)" (scheduled at 2026-05-01 09:53:24.723931+00:00)
2026-05-01 15:23:24 [INFO] garden_cron: [2026-05-01 15:23:24] Cronjob triggered
2026-05-01 15:23:24 [INFO] services.garden_processor: No garden updates with status='Ready to Process' found.
2026-05-01 15:23:24 [INFO] garden_cron: Cronjob complete — 0 garden(s) processed.
2026-05-01 15:23:24 [INFO] apscheduler.executors.default: Job "Garden AI Processing (trigger: interval[0:00:10], next run at: 2026-05-01 09:53:34 UTC)" executed successfully
2026-05-01 15:23:34 [INFO] apscheduler.executors.default: Running job "Garden AI Processing (trigger: interval[0:00:10], next run at: 2026-05-01 09:53:44 UTC)" (scheduled at 2026-05-01 09:53:34.723931+00:00)
2026-05-01 15:23:34 [INFO] garden_cron: [2026-05-01 15:23:34] Cronjob triggered
2026-05-01 15:23:34 [INFO] services.garden_processor: No garden updates with status='Ready to Process' found.
2026-05-01 15:23:34 [INFO] garden_cron: Cronjob complete — 0 garden(s) processed.
2026-05-01 15:23:34 [INFO] apscheduler.executors.default: Job "Garden AI Processing (trigger: interval[0:00:10], next run at: 2026-05-01 09:53:44 UTC)" executed successfully
2026-05-01 15:23:44 [INFO] apscheduler.executors.default: Running job "Garden AI Processing (trigger: interval[0:00:10], next run at: 2026-05-01 09:53:54 UTC)" (scheduled at 2026-05-01 09:53:44.723931+00:00)
2026-05-01 15:23:44 [INFO] garden_cron: [2026-05-01 15:23:44] Cronjob triggered
2026-05-01 15:23:44 [INFO] services.garden_processor: No garden updates with status='Ready to Process' found.
2026-05-01 15:23:44 [INFO] garden_cron: Cronjob complete — 0 garden(s) processed.
2026-05-01 15:23:44 [INFO] apscheduler.executors.default: Job "Garden AI Processing (trigger: interval[0:00:10], next run at: 2026-05-01 09:53:54 UTC)" executed successfully
2026-05-01 15:23:54 [INFO] apscheduler.executors.default: Running job "Garden AI Processing (trigger: interval[0:00:10], next run at: 2026-05-01 09:54:04 UTC)" (scheduled at 2026-05-01 09:53:54.723931+00:00)
2026-05-01 15:23:54 [INFO] garden_cron: [2026-05-01 15:23:54] Cronjob triggered
2026-05-01 15:23:54 [INFO] services.garden_processor: No garden updates with status='Ready to Process' found.
2026-05-01 15:23:54 [INFO] garden_cron: Cronjob complete — 0 garden(s) processed.
2026-05-01 15:23:54 [INFO] apscheduler.executors.default: Job "Garden AI Processing (trigger: interval[0:00:10], next run at: 2026-05-01 09:54:04 UTC)" executed successfully
2026-05-01 15:24:04 [INFO] apscheduler.executors.default: Running job "Garden AI Processing (trigger: interval[0:00:10], next run at: 2026-05-01 09:54:14 UTC)" (scheduled at 2026-05-01 09:54:04.723931+00:00)
2026-05-01 15:24:04 [INFO] garden_cron: [2026-05-01 15:24:04] Cronjob triggered
2026-05-01 15:24:04 [INFO] services.garden_processor: No garden updates with status='Ready to Process' found.
2026-05-01 15:24:04 [INFO] garden_cron: Cronjob complete — 0 garden(s) processed.
2026-05-01 15:24:04 [INFO] apscheduler.executors.default: Job "Garden AI Processing (trigger: interval[0:00:10], next run at: 2026-05-01 09:54:14 UTC)" executed successfully
2026-05-01 15:24:14 [INFO] apscheduler.executors.default: Running job "Garden AI Processing (trigger: interval[0:00:10], next run at: 2026-05-01 09:54:24 UTC)" (scheduled at 2026-05-01 09:54:14.723931+00:00)
2026-05-01 15:24:14 [INFO] garden_cron: [2026-05-01 15:24:14] Cronjob triggered
2026-05-01 15:24:14 [INFO] services.garden_processor: No garden updates with status='Ready to Process' found.
2026-05-01 15:24:14 [INFO] garden_cron: Cronjob complete — 0 garden(s) processed.
2026-05-01 15:24:14 [INFO] apscheduler.executors.default: Job "Garden AI Processing (trigger: interval[0:00:10], next run at: 2026-05-01 09:54:24 UTC)" executed successfully
2026-05-01 15:24:24 [INFO] apscheduler.executors.default: Running job "Garden AI Processing (trigger: interval[0:00:10], next run at: 2026-05-01 09:54:34 UTC)" (scheduled at 2026-05-01 09:54:24.723931+00:00)
2026-05-01 15:24:24 [INFO] garden_cron: [2026-05-01 15:24:24] Cronjob triggered
2026-05-01 15:24:24 [INFO] services.garden_processor: No garden updates with status='Ready to Process' found.
2026-05-01 15:24:24 [INFO] garden_cron: Cronjob complete — 0 garden(s) processed.
2026-05-01 15:24:24 [INFO] apscheduler.executors.default: Job "Garden AI Processing (trigger: interval[0:00:10], next run at: 2026-05-01 09:54:34 UTC)" executed successfully
2026-05-01 15:24:34 [INFO] apscheduler.executors.default: Running job "Garden AI Processing (trigger: interval[0:00:10], next run at: 2026-05-01 09:54:44 UTC)" (scheduled at 2026-05-01 09:54:34.723931+00:00)
2026-05-01 15:24:34 [INFO] garden_cron: [2026-05-01 15:24:34] Cronjob triggered
2026-05-01 15:24:34 [INFO] services.garden_processor: No garden updates with status='Ready to Process' found.
2026-05-01 15:24:34 [INFO] garden_cron: Cronjob complete — 0 garden(s) processed.
2026-05-01 15:24:34 [INFO] apscheduler.executors.default: Job "Garden AI Processing (trigger: interval[0:00:10], next run at: 2026-05-01 09:54:44 UTC)" executed successfully
2026-05-01 15:24:44 [INFO] apscheduler.executors.default: Running job "Garden AI Processing (trigger: interval[0:00:10], next run at: 2026-05-01 09:54:54 UTC)" (scheduled at 2026-05-01 09:54:44.723931+00:00)
2026-05-01 15:24:44 [INFO] garden_cron: [2026-05-01 15:24:44] Cronjob triggered
2026-05-01 15:24:44 [INFO] services.garden_processor: No garden updates with status='Ready to Process' found.
2026-05-01 15:24:44 [INFO] garden_cron: Cronjob complete — 0 garden(s) processed.
2026-05-01 15:24:44 [INFO] apscheduler.executors.default: Job "Garden AI Processing (trigger: interval[0:00:10], next run at: 2026-05-01 09:54:54 UTC)" executed successfully
2026-05-01 15:24:54 [INFO] apscheduler.executors.default: Running job "Garden AI Processing (trigger: interval[0:00:10], next run at: 2026-05-01 09:55:04 UTC)" (scheduled at 2026-05-01 09:54:54.723931+00:00)
2026-05-01 15:24:54 [INFO] garden_cron: [2026-05-01 15:24:54] Cronjob triggered
2026-05-01 15:24:54 [INFO] services.garden_processor: No garden updates with status='Ready to Process' found.
2026-05-01 15:24:54 [INFO] garden_cron: Cronjob complete — 0 garden(s) processed.
2026-05-01 15:24:54 [INFO] apscheduler.executors.default: Job "Garden AI Processing (trigger: interval[0:00:10], next run at: 2026-05-01 09:55:04 UTC)" executed successfully
2026-05-01 15:25:04 [INFO] apscheduler.executors.default: Running job "Garden AI Processing (trigger: interval[0:00:10], next run at: 2026-05-01 09:55:14 UTC)" (scheduled at 2026-05-01 09:55:04.723931+00:00)
2026-05-01 15:25:04 [INFO] garden_cron: [2026-05-01 15:25:04] Cronjob triggered
2026-05-01 15:25:04 [INFO] services.garden_processor: No garden updates with status='Ready to Process' found.
2026-05-01 15:25:04 [INFO] garden_cron: Cronjob complete — 0 garden(s) processed.
2026-05-01 15:25:04 [INFO] apscheduler.executors.default: Job "Garden AI Processing (trigger: interval[0:00:10], next run at: 2026-05-01 09:55:14 UTC)" executed successfully
2026-05-01 15:25:14 [INFO] apscheduler.executors.default: Running job "Garden AI Processing (trigger: interval[0:00:10], next run at: 2026-05-01 09:55:24 UTC)" (scheduled at 2026-05-01 09:55:14.723931+00:00)
2026-05-01 15:25:14 [INFO] garden_cron: [2026-05-01 15:25:14] Cronjob triggered
2026-05-01 15:25:14 [INFO] services.garden_processor: No garden updates with status='Ready to Process' found.
2026-05-01 15:25:14 [INFO] garden_cron: Cronjob complete — 0 garden(s) processed.
2026-05-01 15:25:14 [INFO] apscheduler.executors.default: Job "Garden AI Processing (trigger: interval[0:00:10], next run at: 2026-05-01 09:55:24 UTC)" executed successfully
2026-05-01 15:25:24 [INFO] apscheduler.executors.default: Running job "Garden AI Processing (trigger: interval[0:00:10], next run at: 2026-05-01 09:55:34 UTC)" (scheduled at 2026-05-01 09:55:24.723931+00:00)
2026-05-01 15:25:24 [INFO] garden_cron: [2026-05-01 15:25:24] Cronjob triggered
2026-05-01 15:25:24 [INFO] services.garden_processor: No garden updates with status='Ready to Process' found.
2026-05-01 15:25:24 [INFO] garden_cron: Cronjob complete — 0 garden(s) processed.
2026-05-01 15:25:24 [INFO] apscheduler.executors.default: Job "Garden AI Processing (trigger: interval[0:00:10], next run at: 2026-05-01 09:55:34 UTC)" executed successfully
2026-05-01 15:25:34 [INFO] apscheduler.executors.default: Running job "Garden AI Processing (trigger: interval[0:00:10], next run at: 2026-05-01 09:55:44 UTC)" (scheduled at 2026-05-01 09:55:34.723931+00:00)
2026-05-01 15:25:34 [INFO] garden_cron: [2026-05-01 15:25:34] Cronjob triggered
2026-05-01 15:25:34 [INFO] services.garden_processor: No garden updates with status='Ready to Process' found.
2026-05-01 15:25:34 [INFO] garden_cron: Cronjob complete — 0 garden(s) processed.
2026-05-01 15:25:34 [INFO] apscheduler.executors.default: Job "Garden AI Processing (trigger: interval[0:00:10], next run at: 2026-05-01 09:55:44 UTC)" executed successfully
2026-05-01 15:25:44 [INFO] apscheduler.executors.default: Running job "Garden AI Processing (trigger: interval[0:00:10], next run at: 2026-05-01 09:55:54 UTC)" (scheduled at 2026-05-01 09:55:44.723931+00:00)
2026-05-01 15:25:44 [INFO] garden_cron: [2026-05-01 15:25:44] Cronjob triggered
2026-05-01 15:25:44 [INFO] services.garden_processor: No garden updates with status='Ready to Process' found.
2026-05-01 15:25:44 [INFO] garden_cron: Cronjob complete — 0 garden(s) processed.
2026-05-01 15:25:44 [INFO] apscheduler.executors.default: Job "Garden AI Processing (trigger: interval[0:00:10], next run at: 2026-05-01 09:55:54 UTC)" executed successfully
2026-05-01 15:25:54 [INFO] apscheduler.executors.default: Running job "Garden AI Processing (trigger: interval[0:00:10], next run at: 2026-05-01 09:56:04 UTC)" (scheduled at 2026-05-01 09:55:54.723931+00:00)
2026-05-01 15:25:54 [INFO] garden_cron: [2026-05-01 15:25:54] Cronjob triggered
2026-05-01 15:25:54 [INFO] services.garden_processor: No garden updates with status='Ready to Process' found.
2026-05-01 15:25:54 [INFO] garden_cron: Cronjob complete — 0 garden(s) processed.
2026-05-01 15:25:54 [INFO] apscheduler.executors.default: Job "Garden AI Processing (trigger: interval[0:00:10], next run at: 2026-05-01 09:56:04 UTC)" executed successfully
2026-05-01 15:26:04 [INFO] apscheduler.executors.default: Running job "Garden AI Processing (trigger: interval[0:00:10], next run at: 2026-05-01 09:56:14 UTC)" (scheduled at 2026-05-01 09:56:04.723931+00:00)
2026-05-01 15:26:04 [INFO] garden_cron: [2026-05-01 15:26:04] Cronjob triggered
2026-05-01 15:26:04 [INFO] services.garden_processor: No garden updates with status='Ready to Process' found.
2026-05-01 15:26:04 [INFO] garden_cron: Cronjob complete — 0 garden(s) processed.
2026-05-01 15:26:04 [INFO] apscheduler.executors.default: Job "Garden AI Processing (trigger: interval[0:00:10], next run at: 2026-05-01 09:56:14 UTC)" executed successfully
2026-05-01 15:26:14 [INFO] apscheduler.executors.default: Running job "Garden AI Processing (trigger: interval[0:00:10], next run at: 2026-05-01 09:56:24 UTC)" (scheduled at 2026-05-01 09:56:14.723931+00:00)
2026-05-01 15:26:14 [INFO] garden_cron: [2026-05-01 15:26:14] Cronjob triggered
2026-05-01 15:26:14 [INFO] services.garden_processor: No garden updates with status='Ready to Process' found.
2026-05-01 15:26:14 [INFO] garden_cron: Cronjob complete — 0 garden(s) processed.
2026-05-01 15:26:14 [INFO] apscheduler.executors.default: Job "Garden AI Processing (trigger: interval[0:00:10], next run at: 2026-05-01 09:56:24 UTC)" executed successfully
2026-05-01 15:26:24 [INFO] apscheduler.executors.default: Running job "Garden AI Processing (trigger: interval[0:00:10], next run at: 2026-05-01 09:56:34 UTC)" (scheduled at 2026-05-01 09:56:24.723931+00:00)
2026-05-01 15:26:24 [INFO] garden_cron: [2026-05-01 15:26:24] Cronjob triggered
2026-05-01 15:26:24 [INFO] services.garden_processor: No garden updates with status='Ready to Process' found.
2026-05-01 15:26:24 [INFO] garden_cron: Cronjob complete — 0 garden(s) processed.
2026-05-01 15:26:24 [INFO] apscheduler.executors.default: Job "Garden AI Processing (trigger: interval[0:00:10], next run at: 2026-05-01 09:56:34 UTC)" executed successfully
2026-05-01 15:26:34 [INFO] apscheduler.executors.default: Running job "Garden AI Processing (trigger: interval[0:00:10], next run at: 2026-05-01 09:56:44 UTC)" (scheduled at 2026-05-01 09:56:34.723931+00:00)
2026-05-01 15:26:34 [INFO] garden_cron: [2026-05-01 15:26:34] Cronjob triggered
2026-05-01 15:26:34 [INFO] services.garden_processor: No garden updates with status='Ready to Process' found.
2026-05-01 15:26:34 [INFO] garden_cron: Cronjob complete — 0 garden(s) processed.
2026-05-01 15:26:34 [INFO] apscheduler.executors.default: Job "Garden AI Processing (trigger: interval[0:00:10], next run at: 2026-05-01 09:56:44 UTC)" executed successfully
2026-05-01 15:26:44 [INFO] apscheduler.executors.default: Running job "Garden AI Processing (trigger: interval[0:00:10], next run at: 2026-05-01 09:56:54 UTC)" (scheduled at 2026-05-01 09:56:44.723931+00:00)
2026-05-01 15:26:44 [INFO] garden_cron: [2026-05-01 15:26:44] Cronjob triggered
2026-05-01 15:26:44 [INFO] services.garden_processor: No garden updates with status='Ready to Process' found.
2026-05-01 15:26:44 [INFO] garden_cron: Cronjob complete — 0 garden(s) processed.
2026-05-01 15:26:44 [INFO] apscheduler.executors.default: Job "Garden AI Processing (trigger: interval[0:00:10], next run at: 2026-05-01 09:56:54 UTC)" executed successfully
2026-05-01 15:26:54 [INFO] apscheduler.executors.default: Running job "Garden AI Processing (trigger: interval[0:00:10], next run at: 2026-05-01 09:57:04 UTC)" (scheduled at 2026-05-01 09:56:54.723931+00:00)
2026-05-01 15:26:54 [INFO] garden_cron: [2026-05-01 15:26:54] Cronjob triggered
2026-05-01 15:26:54 [INFO] services.garden_processor: No garden updates with status='Ready to Process' found.
2026-05-01 15:26:54 [INFO] garden_cron: Cronjob complete — 0 garden(s) processed.
2026-05-01 15:26:54 [INFO] apscheduler.executors.default: Job "Garden AI Processing (trigger: interval[0:00:10], next run at: 2026-05-01 09:57:04 UTC)" executed successfully
2026-05-01 15:27:04 [INFO] apscheduler.executors.default: Running job "Garden AI Processing (trigger: interval[0:00:10], next run at: 2026-05-01 09:57:14 UTC)" (scheduled at 2026-05-01 09:57:04.723931+00:00)
2026-05-01 15:27:04 [INFO] garden_cron: [2026-05-01 15:27:04] Cronjob triggered
2026-05-01 15:27:04 [INFO] services.garden_processor: No garden updates with status='Ready to Process' found.
2026-05-01 15:27:04 [INFO] garden_cron: Cronjob complete — 0 garden(s) processed.
2026-05-01 15:27:04 [INFO] apscheduler.executors.default: Job "Garden AI Processing (trigger: interval[0:00:10], next run at: 2026-05-01 09:57:14 UTC)" executed successfully
2026-05-01 15:27:14 [INFO] apscheduler.executors.default: Running job "Garden AI Processing (trigger: interval[0:00:10], next run at: 2026-05-01 09:57:24 UTC)" (scheduled at 2026-05-01 09:57:14.723931+00:00)
2026-05-01 15:27:14 [INFO] garden_cron: [2026-05-01 15:27:14] Cronjob triggered
2026-05-01 15:27:14 [INFO] services.garden_processor: No garden updates with status='Ready to Process' found.
2026-05-01 15:27:14 [INFO] garden_cron: Cronjob complete — 0 garden(s) processed.
2026-05-01 15:27:14 [INFO] apscheduler.executors.default: Job "Garden AI Processing (trigger: interval[0:00:10], next run at: 2026-05-01 09:57:24 UTC)" executed successfully
2026-05-01 15:27:24 [INFO] apscheduler.executors.default: Running job "Garden AI Processing (trigger: interval[0:00:10], next run at: 2026-05-01 09:57:34 UTC)" (scheduled at 2026-05-01 09:57:24.723931+00:00)
2026-05-01 15:27:24 [INFO] garden_cron: [2026-05-01 15:27:24] Cronjob triggered
2026-05-01 15:27:24 [INFO] services.garden_processor: No garden updates with status='Ready to Process' found.
2026-05-01 15:27:24 [INFO] garden_cron: Cronjob complete — 0 garden(s) processed.
2026-05-01 15:27:24 [INFO] apscheduler.executors.default: Job "Garden AI Processing (trigger: interval[0:00:10], next run at: 2026-05-01 09:57:34 UTC)" executed successfully
2026-05-01 15:27:34 [INFO] apscheduler.executors.default: Running job "Garden AI Processing (trigger: interval[0:00:10], next run at: 2026-05-01 09:57:44 UTC)" (scheduled at 2026-05-01 09:57:34.723931+00:00)
2026-05-01 15:27:34 [INFO] garden_cron: [2026-05-01 15:27:34] Cronjob triggered
2026-05-01 15:27:34 [INFO] services.garden_processor: No garden updates with status='Ready to Process' found.
2026-05-01 15:27:34 [INFO] garden_cron: Cronjob complete — 0 garden(s) processed.
2026-05-01 15:27:34 [INFO] apscheduler.executors.default: Job "Garden AI Processing (trigger: interval[0:00:10], next run at: 2026-05-01 09:57:44 UTC)" executed successfully
2026-05-01 15:27:44 [INFO] apscheduler.executors.default: Running job "Garden AI Processing (trigger: interval[0:00:10], next run at: 2026-05-01 09:57:54 UTC)" (scheduled at 2026-05-01 09:57:44.723931+00:00)
2026-05-01 15:27:44 [INFO] garden_cron: [2026-05-01 15:27:44] Cronjob triggered
2026-05-01 15:27:44 [INFO] services.garden_processor: No garden updates with status='Ready to Process' found.
2026-05-01 15:27:44 [INFO] garden_cron: Cronjob complete — 0 garden(s) processed.
2026-05-01 15:27:44 [INFO] apscheduler.executors.default: Job "Garden AI Processing (trigger: interval[0:00:10], next run at: 2026-05-01 09:57:54 UTC)" executed successfully
2026-05-01 15:27:54 [INFO] apscheduler.executors.default: Running job "Garden AI Processing (trigger: interval[0:00:10], next run at: 2026-05-01 09:58:04 UTC)" (scheduled at 2026-05-01 09:57:54.723931+00:00)
2026-05-01 15:27:54 [INFO] garden_cron: [2026-05-01 15:27:54] Cronjob triggered
2026-05-01 15:27:54 [INFO] services.garden_processor: No garden updates with status='Ready to Process' found.
2026-05-01 15:27:54 [INFO] garden_cron: Cronjob complete — 0 garden(s) processed.
2026-05-01 15:27:54 [INFO] apscheduler.executors.default: Job "Garden AI Processing (trigger: interval[0:00:10], next run at: 2026-05-01 09:58:04 UTC)" executed successfully
2026-05-01 15:28:04 [INFO] apscheduler.executors.default: Running job "Garden AI Processing (trigger: interval[0:00:10], next run at: 2026-05-01 09:58:14 UTC)" (scheduled at 2026-05-01 09:58:04.723931+00:00)
2026-05-01 15:28:04 [INFO] garden_cron: [2026-05-01 15:28:04] Cronjob triggered
2026-05-01 15:28:04 [INFO] services.garden_processor: No garden updates with status='Ready to Process' found.
2026-05-01 15:28:04 [INFO] garden_cron: Cronjob complete — 0 garden(s) processed.
2026-05-01 15:28:04 [INFO] apscheduler.executors.default: Job "Garden AI Processing (trigger: interval[0:00:10], next run at: 2026-05-01 09:58:14 UTC)" executed successfully
2026-05-01 15:28:14 [INFO] apscheduler.executors.default: Running job "Garden AI Processing (trigger: interval[0:00:10], next run at: 2026-05-01 09:58:24 UTC)" (scheduled at 2026-05-01 09:58:14.723931+00:00)
2026-05-01 15:28:14 [INFO] garden_cron: [2026-05-01 15:28:14] Cronjob triggered
2026-05-01 15:28:14 [INFO] services.garden_processor: No garden updates with status='Ready to Process' found.
2026-05-01 15:28:14 [INFO] garden_cron: Cronjob complete — 0 garden(s) processed.
2026-05-01 15:28:14 [INFO] apscheduler.executors.default: Job "Garden AI Processing (trigger: interval[0:00:10], next run at: 2026-05-01 09:58:24 UTC)" executed successfully
2026-05-01 15:28:24 [INFO] apscheduler.executors.default: Running job "Garden AI Processing (trigger: interval[0:00:10], next run at: 2026-05-01 09:58:34 UTC)" (scheduled at 2026-05-01 09:58:24.723931+00:00)
2026-05-01 15:28:24 [INFO] garden_cron: [2026-05-01 15:28:24] Cronjob triggered
2026-05-01 15:28:24 [INFO] services.garden_processor: No garden updates with status='Ready to Process' found.
2026-05-01 15:28:24 [INFO] garden_cron: Cronjob complete — 0 garden(s) processed.
2026-05-01 15:28:24 [INFO] apscheduler.executors.default: Job "Garden AI Processing (trigger: interval[0:00:10], next run at: 2026-05-01 09:58:34 UTC)" executed successfully
2026-05-01 15:28:34 [INFO] apscheduler.executors.default: Running job "Garden AI Processing (trigger: interval[0:00:10], next run at: 2026-05-01 09:58:44 UTC)" (scheduled at 2026-05-01 09:58:34.723931+00:00)
2026-05-01 15:28:34 [INFO] garden_cron: [2026-05-01 15:28:34] Cronjob triggered
2026-05-01 15:28:34 [INFO] services.garden_processor: No garden updates with status='Ready to Process' found.
2026-05-01 15:28:34 [INFO] garden_cron: Cronjob complete — 0 garden(s) processed.
2026-05-01 15:28:34 [INFO] apscheduler.executors.default: Job "Garden AI Processing (trigger: interval[0:00:10], next run at: 2026-05-01 09:58:44 UTC)" executed successfully
2026-05-01 15:28:44 [INFO] apscheduler.executors.default: Running job "Garden AI Processing (trigger: interval[0:00:10], next run at: 2026-05-01 09:58:54 UTC)" (scheduled at 2026-05-01 09:58:44.723931+00:00)
2026-05-01 15:28:44 [INFO] garden_cron: [2026-05-01 15:28:44] Cronjob triggered
2026-05-01 15:28:44 [INFO] services.garden_processor: No garden updates with status='Ready to Process' found.
2026-05-01 15:28:44 [INFO] garden_cron: Cronjob complete — 0 garden(s) processed.
2026-05-01 15:28:44 [INFO] apscheduler.executors.default: Job "Garden AI Processing (trigger: interval[0:00:10], next run at: 2026-05-01 09:58:54 UTC)" executed successfully
2026-05-01 15:28:54 [INFO] apscheduler.executors.default: Running job "Garden AI Processing (trigger: interval[0:00:10], next run at: 2026-05-01 09:59:04 UTC)" (scheduled at 2026-05-01 09:58:54.723931+00:00)
2026-05-01 15:28:54 [INFO] garden_cron: [2026-05-01 15:28:54] Cronjob triggered
2026-05-01 15:28:54 [INFO] services.garden_processor: No garden updates with status='Ready to Process' found.
2026-05-01 15:28:54 [INFO] garden_cron: Cronjob complete — 0 garden(s) processed.
2026-05-01 15:28:54 [INFO] apscheduler.executors.default: Job "Garden AI Processing (trigger: interval[0:00:10], next run at: 2026-05-01 09:59:04 UTC)" executed successfully
2026-05-01 15:29:04 [INFO] apscheduler.executors.default: Running job "Garden AI Processing (trigger: interval[0:00:10], next run at: 2026-05-01 09:59:14 UTC)" (scheduled at 2026-05-01 09:59:04.723931+00:00)
2026-05-01 15:29:04 [INFO] garden_cron: [2026-05-01 15:29:04] Cronjob triggered
2026-05-01 15:29:04 [INFO] services.garden_processor: No garden updates with status='Ready to Process' found.
2026-05-01 15:29:04 [INFO] garden_cron: Cronjob complete — 0 garden(s) processed.
2026-05-01 15:29:04 [INFO] apscheduler.executors.default: Job "Garden AI Processing (trigger: interval[0:00:10], next run at: 2026-05-01 09:59:14 UTC)" executed successfully
2026-05-01 15:29:14 [INFO] apscheduler.executors.default: Running job "Garden AI Processing (trigger: interval[0:00:10], next run at: 2026-05-01 09:59:24 UTC)" (scheduled at 2026-05-01 09:59:14.723931+00:00)
2026-05-01 15:29:14 [INFO] garden_cron: [2026-05-01 15:29:14] Cronjob triggered
2026-05-01 15:29:14 [INFO] services.garden_processor: No garden updates with status='Ready to Process' found.
2026-05-01 15:29:14 [INFO] garden_cron: Cronjob complete — 0 garden(s) processed.
2026-05-01 15:29:14 [INFO] apscheduler.executors.default: Job "Garden AI Processing (trigger: interval[0:00:10], next run at: 2026-05-01 09:59:24 UTC)" executed successfully
2026-05-01 15:29:24 [INFO] apscheduler.executors.default: Running job "Garden AI Processing (trigger: interval[0:00:10], next run at: 2026-05-01 09:59:34 UTC)" (scheduled at 2026-05-01 09:59:24.723931+00:00)
2026-05-01 15:29:24 [INFO] garden_cron: [2026-05-01 15:29:24] Cronjob triggered
2026-05-01 15:29:24 [INFO] services.garden_processor: No garden updates with status='Ready to Process' found.
2026-05-01 15:29:24 [INFO] garden_cron: Cronjob complete — 0 garden(s) processed.
2026-05-01 15:29:24 [INFO] apscheduler.executors.default: Job "Garden AI Processing (trigger: interval[0:00:10], next run at: 2026-05-01 09:59:34 UTC)" executed successfully
2026-05-01 15:29:34 [INFO] apscheduler.executors.default: Running job "Garden AI Processing (trigger: interval[0:00:10], next run at: 2026-05-01 09:59:44 UTC)" (scheduled at 2026-05-01 09:59:34.723931+00:00)
2026-05-01 15:29:34 [INFO] garden_cron: [2026-05-01 15:29:34] Cronjob triggered
2026-05-01 15:29:34 [INFO] services.garden_processor: No garden updates with status='Ready to Process' found.
2026-05-01 15:29:34 [INFO] garden_cron: Cronjob complete — 0 garden(s) processed.
2026-05-01 15:29:34 [INFO] apscheduler.executors.default: Job "Garden AI Processing (trigger: interval[0:00:10], next run at: 2026-05-01 09:59:44 UTC)" executed successfully
2026-05-01 15:29:44 [INFO] apscheduler.executors.default: Running job "Garden AI Processing (trigger: interval[0:00:10], next run at: 2026-05-01 09:59:54 UTC)" (scheduled at 2026-05-01 09:59:44.723931+00:00)
2026-05-01 15:29:44 [INFO] garden_cron: [2026-05-01 15:29:44] Cronjob triggered
2026-05-01 15:29:44 [INFO] services.garden_processor: No garden updates with status='Ready to Process' found.
2026-05-01 15:29:44 [INFO] garden_cron: Cronjob complete — 0 garden(s) processed.
2026-05-01 15:29:44 [INFO] apscheduler.executors.default: Job "Garden AI Processing (trigger: interval[0:00:10], next run at: 2026-05-01 09:59:54 UTC)" executed successfully
2026-05-01 15:29:54 [INFO] apscheduler.executors.default: Running job "Garden AI Processing (trigger: interval[0:00:10], next run at: 2026-05-01 10:00:04 UTC)" (scheduled at 2026-05-01 09:59:54.723931+00:00)
2026-05-01 15:29:54 [INFO] garden_cron: [2026-05-01 15:29:54] Cronjob triggered
2026-05-01 15:29:54 [INFO] services.garden_processor: No garden updates with status='Ready to Process' found.
2026-05-01 15:29:54 [INFO] garden_cron: Cronjob complete — 0 garden(s) processed.
2026-05-01 15:29:54 [INFO] apscheduler.executors.default: Job "Garden AI Processing (trigger: interval[0:00:10], next run at: 2026-05-01 10:00:04 UTC)" executed successfully
2026-05-01 15:30:04 [INFO] apscheduler.executors.default: Running job "Garden AI Processing (trigger: interval[0:00:10], next run at: 2026-05-01 10:00:14 UTC)" (scheduled at 2026-05-01 10:00:04.723931+00:00)
2026-05-01 15:30:04 [INFO] garden_cron: [2026-05-01 15:30:04] Cronjob triggered
2026-05-01 15:30:04 [INFO] services.garden_processor: No garden updates with status='Ready to Process' found.
2026-05-01 15:30:04 [INFO] garden_cron: Cronjob complete — 0 garden(s) processed.
2026-05-01 15:30:04 [INFO] apscheduler.executors.default: Job "Garden AI Processing (trigger: interval[0:00:10], next run at: 2026-05-01 10:00:14 UTC)" executed successfully
2026-05-01 15:30:14 [INFO] apscheduler.executors.default: Running job "Garden AI Processing (trigger: interval[0:00:10], next run at: 2026-05-01 10:00:24 UTC)" (scheduled at 2026-05-01 10:00:14.723931+00:00)
2026-05-01 15:30:14 [INFO] garden_cron: [2026-05-01 15:30:14] Cronjob triggered
2026-05-01 15:30:14 [INFO] services.garden_processor: No garden updates with status='Ready to Process' found.
2026-05-01 15:30:14 [INFO] garden_cron: Cronjob complete — 0 garden(s) processed.
2026-05-01 15:30:14 [INFO] apscheduler.executors.default: Job "Garden AI Processing (trigger: interval[0:00:10], next run at: 2026-05-01 10:00:24 UTC)" executed successfully
2026-05-01 15:30:24 [INFO] apscheduler.executors.default: Running job "Garden AI Processing (trigger: interval[0:00:10], next run at: 2026-05-01 10:00:34 UTC)" (scheduled at 2026-05-01 10:00:24.723931+00:00)
2026-05-01 15:30:24 [INFO] garden_cron: [2026-05-01 15:30:24] Cronjob triggered
2026-05-01 15:30:24 [INFO] services.garden_processor: No garden updates with status='Ready to Process' found.
2026-05-01 15:30:24 [INFO] garden_cron: Cronjob complete — 0 garden(s) processed.
2026-05-01 15:30:24 [INFO] apscheduler.executors.default: Job "Garden AI Processing (trigger: interval[0:00:10], next run at: 2026-05-01 10:00:34 UTC)" executed successfully
2026-05-01 15:30:34 [INFO] apscheduler.executors.default: Running job "Garden AI Processing (trigger: interval[0:00:10], next run at: 2026-05-01 10:00:44 UTC)" (scheduled at 2026-05-01 10:00:34.723931+00:00)
2026-05-01 15:30:34 [INFO] garden_cron: [2026-05-01 15:30:34] Cronjob triggered
2026-05-01 15:30:34 [INFO] services.garden_processor: No garden updates with status='Ready to Process' found.
2026-05-01 15:30:34 [INFO] garden_cron: Cronjob complete — 0 garden(s) processed.
2026-05-01 15:30:34 [INFO] apscheduler.executors.default: Job "Garden AI Processing (trigger: interval[0:00:10], next run at: 2026-05-01 10:00:44 UTC)" executed successfully
2026-05-01 15:30:44 [INFO] apscheduler.executors.default: Running job "Garden AI Processing (trigger: interval[0:00:10], next run at: 2026-05-01 10:00:54 UTC)" (scheduled at 2026-05-01 10:00:44.723931+00:00)
2026-05-01 15:30:44 [INFO] garden_cron: [2026-05-01 15:30:44] Cronjob triggered
2026-05-01 15:30:44 [INFO] services.garden_processor: No garden updates with status='Ready to Process' found.
2026-05-01 15:30:44 [INFO] garden_cron: Cronjob complete — 0 garden(s) processed.
2026-05-01 15:30:44 [INFO] apscheduler.executors.default: Job "Garden AI Processing (trigger: interval[0:00:10], next run at: 2026-05-01 10:00:54 UTC)" executed successfully
2026-05-01 15:30:54 [INFO] apscheduler.executors.default: Running job "Garden AI Processing (trigger: interval[0:00:10], next run at: 2026-05-01 10:01:04 UTC)" (scheduled at 2026-05-01 10:00:54.723931+00:00)
2026-05-01 15:30:54 [INFO] garden_cron: [2026-05-01 15:30:54] Cronjob triggered
2026-05-01 15:30:54 [INFO] services.garden_processor: No garden updates with status='Ready to Process' found.
2026-05-01 15:30:54 [INFO] garden_cron: Cronjob complete — 0 garden(s) processed.
2026-05-01 15:30:54 [INFO] apscheduler.executors.default: Job "Garden AI Processing (trigger: interval[0:00:10], next run at: 2026-05-01 10:01:04 UTC)" executed successfully
2026-05-01 15:31:04 [INFO] apscheduler.executors.default: Running job "Garden AI Processing (trigger: interval[0:00:10], next run at: 2026-05-01 10:01:14 UTC)" (scheduled at 2026-05-01 10:01:04.723931+00:00)
2026-05-01 15:31:04 [INFO] garden_cron: [2026-05-01 15:31:04] Cronjob triggered
2026-05-01 15:31:04 [INFO] services.garden_processor: No garden updates with status='Ready to Process' found.
2026-05-01 15:31:04 [INFO] garden_cron: Cronjob complete — 0 garden(s) processed.
2026-05-01 15:31:04 [INFO] apscheduler.executors.default: Job "Garden AI Processing (trigger: interval[0:00:10], next run at: 2026-05-01 10:01:14 UTC)" executed successfully
2026-05-01 15:31:14 [INFO] apscheduler.executors.default: Running job "Garden AI Processing (trigger: interval[0:00:10], next run at: 2026-05-01 10:01:24 UTC)" (scheduled at 2026-05-01 10:01:14.723931+00:00)
2026-05-01 15:31:14 [INFO] garden_cron: [2026-05-01 15:31:14] Cronjob triggered
2026-05-01 15:31:14 [INFO] services.garden_processor: No garden updates with status='Ready to Process' found.
2026-05-01 15:31:14 [INFO] garden_cron: Cronjob complete — 0 garden(s) processed.
2026-05-01 15:31:14 [INFO] apscheduler.executors.default: Job "Garden AI Processing (trigger: interval[0:00:10], next run at: 2026-05-01 10:01:24 UTC)" executed successfully
2026-05-01 15:31:24 [INFO] apscheduler.executors.default: Running job "Garden AI Processing (trigger: interval[0:00:10], next run at: 2026-05-01 10:01:34 UTC)" (scheduled at 2026-05-01 10:01:24.723931+00:00)
2026-05-01 15:31:24 [INFO] garden_cron: [2026-05-01 15:31:24] Cronjob triggered
2026-05-01 15:31:24 [INFO] services.garden_processor: No garden updates with status='Ready to Process' found.
2026-05-01 15:31:24 [INFO] garden_cron: Cronjob complete — 0 garden(s) processed.
2026-05-01 15:31:24 [INFO] apscheduler.executors.default: Job "Garden AI Processing (trigger: interval[0:00:10], next run at: 2026-05-01 10:01:34 UTC)" executed successfully
2026-05-01 15:31:34 [INFO] apscheduler.executors.default: Running job "Garden AI Processing (trigger: interval[0:00:10], next run at: 2026-05-01 10:01:44 UTC)" (scheduled at 2026-05-01 10:01:34.723931+00:00)
2026-05-01 15:31:34 [INFO] garden_cron: [2026-05-01 15:31:34] Cronjob triggered
2026-05-01 15:31:34 [INFO] services.garden_processor: No garden updates with status='Ready to Process' found.
2026-05-01 15:31:34 [INFO] garden_cron: Cronjob complete — 0 garden(s) processed.
2026-05-01 15:31:34 [INFO] apscheduler.executors.default: Job "Garden AI Processing (trigger: interval[0:00:10], next run at: 2026-05-01 10:01:44 UTC)" executed successfully
2026-05-01 15:31:44 [INFO] apscheduler.executors.default: Running job "Garden AI Processing (trigger: interval[0:00:10], next run at: 2026-05-01 10:01:54 UTC)" (scheduled at 2026-05-01 10:01:44.723931+00:00)
2026-05-01 15:31:44 [INFO] garden_cron: [2026-05-01 15:31:44] Cronjob triggered
2026-05-01 15:31:44 [INFO] services.garden_processor: No garden updates with status='Ready to Process' found.
2026-05-01 15:31:44 [INFO] garden_cron: Cronjob complete — 0 garden(s) processed.
2026-05-01 15:31:44 [INFO] apscheduler.executors.default: Job "Garden AI Processing (trigger: interval[0:00:10], next run at: 2026-05-01 10:01:54 UTC)" executed successfully
2026-05-01 15:31:54 [INFO] apscheduler.executors.default: Running job "Garden AI Processing (trigger: interval[0:00:10], next run at: 2026-05-01 10:02:04 UTC)" (scheduled at 2026-05-01 10:01:54.723931+00:00)
2026-05-01 15:31:54 [INFO] garden_cron: [2026-05-01 15:31:54] Cronjob triggered
2026-05-01 15:31:54 [INFO] services.garden_processor: No garden updates with status='Ready to Process' found.
2026-05-01 15:31:54 [INFO] garden_cron: Cronjob complete — 0 garden(s) processed.
2026-05-01 15:31:54 [INFO] apscheduler.executors.default: Job "Garden AI Processing (trigger: interval[0:00:10], next run at: 2026-05-01 10:02:04 UTC)" executed successfully
2026-05-01 15:32:04 [INFO] apscheduler.executors.default: Running job "Garden AI Processing (trigger: interval[0:00:10], next run at: 2026-05-01 10:02:14 UTC)" (scheduled at 2026-05-01 10:02:04.723931+00:00)
2026-05-01 15:32:04 [INFO] garden_cron: [2026-05-01 15:32:04] Cronjob triggered
2026-05-01 15:32:04 [INFO] services.garden_processor: No garden updates with status='Ready to Process' found.
2026-05-01 15:32:04 [INFO] garden_cron: Cronjob complete — 0 garden(s) processed.
2026-05-01 15:32:04 [INFO] apscheduler.executors.default: Job "Garden AI Processing (trigger: interval[0:00:10], next run at: 2026-05-01 10:02:14 UTC)" executed successfully
2026-05-01 15:32:14 [INFO] apscheduler.executors.default: Running job "Garden AI Processing (trigger: interval[0:00:10], next run at: 2026-05-01 10:02:24 UTC)" (scheduled at 2026-05-01 10:02:14.723931+00:00)
2026-05-01 15:32:14 [INFO] garden_cron: [2026-05-01 15:32:14] Cronjob triggered
2026-05-01 15:32:14 [INFO] services.garden_processor: No garden updates with status='Ready to Process' found.
2026-05-01 15:32:14 [INFO] garden_cron: Cronjob complete — 0 garden(s) processed.
2026-05-01 15:32:14 [INFO] apscheduler.executors.default: Job "Garden AI Processing (trigger: interval[0:00:10], next run at: 2026-05-01 10:02:24 UTC)" executed successfully
2026-05-01 15:32:24 [INFO] apscheduler.executors.default: Running job "Garden AI Processing (trigger: interval[0:00:10], next run at: 2026-05-01 10:02:34 UTC)" (scheduled at 2026-05-01 10:02:24.723931+00:00)
2026-05-01 15:32:24 [INFO] garden_cron: [2026-05-01 15:32:24] Cronjob triggered
2026-05-01 15:32:24 [INFO] services.garden_processor: No garden updates with status='Ready to Process' found.
2026-05-01 15:32:24 [INFO] garden_cron: Cronjob complete — 0 garden(s) processed.
2026-05-01 15:32:24 [INFO] apscheduler.executors.default: Job "Garden AI Processing (trigger: interval[0:00:10], next run at: 2026-05-01 10:02:34 UTC)" executed successfully
2026-05-01 15:32:34 [INFO] apscheduler.executors.default: Running job "Garden AI Processing (trigger: interval[0:00:10], next run at: 2026-05-01 10:02:44 UTC)" (scheduled at 2026-05-01 10:02:34.723931+00:00)
2026-05-01 15:32:34 [INFO] garden_cron: [2026-05-01 15:32:34] Cronjob triggered
2026-05-01 15:32:34 [INFO] services.garden_processor: No garden updates with status='Ready to Process' found.
2026-05-01 15:32:34 [INFO] garden_cron: Cronjob complete — 0 garden(s) processed.
2026-05-01 15:32:34 [INFO] apscheduler.executors.default: Job "Garden AI Processing (trigger: interval[0:00:10], next run at: 2026-05-01 10:02:44 UTC)" executed successfully
2026-05-01 15:32:44 [INFO] apscheduler.executors.default: Running job "Garden AI Processing (trigger: interval[0:00:10], next run at: 2026-05-01 10:02:54 UTC)" (scheduled at 2026-05-01 10:02:44.723931+00:00)
2026-05-01 15:32:44 [INFO] garden_cron: [2026-05-01 15:32:44] Cronjob triggered
2026-05-01 15:32:44 [INFO] services.garden_processor: No garden updates with status='Ready to Process' found.
2026-05-01 15:32:44 [INFO] garden_cron: Cronjob complete — 0 garden(s) processed.
2026-05-01 15:32:44 [INFO] apscheduler.executors.default: Job "Garden AI Processing (trigger: interval[0:00:10], next run at: 2026-05-01 10:02:54 UTC)" executed successfully
2026-05-01 15:32:54 [INFO] apscheduler.executors.default: Running job "Garden AI Processing (trigger: interval[0:00:10], next run at: 2026-05-01 10:03:04 UTC)" (scheduled at 2026-05-01 10:02:54.723931+00:00)
2026-05-01 15:32:54 [INFO] garden_cron: [2026-05-01 15:32:54] Cronjob triggered
2026-05-01 15:32:54 [INFO] services.garden_processor: No garden updates with status='Ready to Process' found.
2026-05-01 15:32:54 [INFO] garden_cron: Cronjob complete — 0 garden(s) processed.
2026-05-01 15:32:54 [INFO] apscheduler.executors.default: Job "Garden AI Processing (trigger: interval[0:00:10], next run at: 2026-05-01 10:03:04 UTC)" executed successfully
2026-05-01 15:33:04 [INFO] apscheduler.executors.default: Running job "Garden AI Processing (trigger: interval[0:00:10], next run at: 2026-05-01 10:03:14 UTC)" (scheduled at 2026-05-01 10:03:04.723931+00:00)
2026-05-01 15:33:04 [INFO] garden_cron: [2026-05-01 15:33:04] Cronjob triggered
2026-05-01 15:33:04 [INFO] services.garden_processor: No garden updates with status='Ready to Process' found.
2026-05-01 15:33:04 [INFO] garden_cron: Cronjob complete — 0 garden(s) processed.
2026-05-01 15:33:04 [INFO] apscheduler.executors.default: Job "Garden AI Processing (trigger: interval[0:00:10], next run at: 2026-05-01 10:03:14 UTC)" executed successfully
2026-05-01 15:33:14 [INFO] apscheduler.executors.default: Running job "Garden AI Processing (trigger: interval[0:00:10], next run at: 2026-05-01 10:03:24 UTC)" (scheduled at 2026-05-01 10:03:14.723931+00:00)
2026-05-01 15:33:14 [INFO] garden_cron: [2026-05-01 15:33:14] Cronjob triggered
2026-05-01 15:33:14 [INFO] services.garden_processor: No garden updates with status='Ready to Process' found.
2026-05-01 15:33:14 [INFO] garden_cron: Cronjob complete — 0 garden(s) processed.
2026-05-01 15:33:14 [INFO] apscheduler.executors.default: Job "Garden AI Processing (trigger: interval[0:00:10], next run at: 2026-05-01 10:03:24 UTC)" executed successfully
2026-05-01 15:33:24 [INFO] apscheduler.executors.default: Running job "Garden AI Processing (trigger: interval[0:00:10], next run at: 2026-05-01 10:03:34 UTC)" (scheduled at 2026-05-01 10:03:24.723931+00:00)
2026-05-01 15:33:24 [INFO] garden_cron: [2026-05-01 15:33:24] Cronjob triggered
2026-05-01 15:33:24 [INFO] services.garden_processor: No garden updates with status='Ready to Process' found.
2026-05-01 15:33:24 [INFO] garden_cron: Cronjob complete — 0 garden(s) processed.
2026-05-01 15:33:24 [INFO] apscheduler.executors.default: Job "Garden AI Processing (trigger: interval[0:00:10], next run at: 2026-05-01 10:03:34 UTC)" executed successfully
2026-05-01 15:33:34 [INFO] apscheduler.executors.default: Running job "Garden AI Processing (trigger: interval[0:00:10], next run at: 2026-05-01 10:03:44 UTC)" (scheduled at 2026-05-01 10:03:34.723931+00:00)
2026-05-01 15:33:34 [INFO] garden_cron: [2026-05-01 15:33:34] Cronjob triggered
2026-05-01 15:33:34 [INFO] services.garden_processor: No garden updates with status='Ready to Process' found.
2026-05-01 15:33:34 [INFO] garden_cron: Cronjob complete — 0 garden(s) processed.
2026-05-01 15:33:34 [INFO] apscheduler.executors.default: Job "Garden AI Processing (trigger: interval[0:00:10], next run at: 2026-05-01 10:03:44 UTC)" executed successfully
2026-05-01 15:33:44 [INFO] apscheduler.executors.default: Running job "Garden AI Processing (trigger: interval[0:00:10], next run at: 2026-05-01 10:03:54 UTC)" (scheduled at 2026-05-01 10:03:44.723931+00:00)
2026-05-01 15:33:44 [INFO] garden_cron: [2026-05-01 15:33:44] Cronjob triggered
2026-05-01 15:33:44 [INFO] services.garden_processor: No garden updates with status='Ready to Process' found.
2026-05-01 15:33:44 [INFO] garden_cron: Cronjob complete — 0 garden(s) processed.
2026-05-01 15:33:44 [INFO] apscheduler.executors.default: Job "Garden AI Processing (trigger: interval[0:00:10], next run at: 2026-05-01 10:03:54 UTC)" executed successfully
2026-05-01 15:33:54 [INFO] apscheduler.executors.default: Running job "Garden AI Processing (trigger: interval[0:00:10], next run at: 2026-05-01 10:04:04 UTC)" (scheduled at 2026-05-01 10:03:54.723931+00:00)
2026-05-01 15:33:54 [INFO] garden_cron: [2026-05-01 15:33:54] Cronjob triggered
2026-05-01 15:33:54 [INFO] services.garden_processor: No garden updates with status='Ready to Process' found.
2026-05-01 15:33:54 [INFO] garden_cron: Cronjob complete — 0 garden(s) processed.
2026-05-01 15:33:54 [INFO] apscheduler.executors.default: Job "Garden AI Processing (trigger: interval[0:00:10], next run at: 2026-05-01 10:04:04 UTC)" executed successfully
2026-05-01 15:34:04 [INFO] apscheduler.executors.default: Running job "Garden AI Processing (trigger: interval[0:00:10], next run at: 2026-05-01 10:04:14 UTC)" (scheduled at 2026-05-01 10:04:04.723931+00:00)
2026-05-01 15:34:04 [INFO] garden_cron: [2026-05-01 15:34:04] Cronjob triggered
2026-05-01 15:34:04 [INFO] services.garden_processor: No garden updates with status='Ready to Process' found.
2026-05-01 15:34:04 [INFO] garden_cron: Cronjob complete — 0 garden(s) processed.
2026-05-01 15:34:04 [INFO] apscheduler.executors.default: Job "Garden AI Processing (trigger: interval[0:00:10], next run at: 2026-05-01 10:04:14 UTC)" executed successfully
2026-05-01 15:34:14 [INFO] apscheduler.executors.default: Running job "Garden AI Processing (trigger: interval[0:00:10], next run at: 2026-05-01 10:04:24 UTC)" (scheduled at 2026-05-01 10:04:14.723931+00:00)
2026-05-01 15:34:14 [INFO] garden_cron: [2026-05-01 15:34:14] Cronjob triggered
2026-05-01 15:34:14 [INFO] services.garden_processor: No garden updates with status='Ready to Process' found.
2026-05-01 15:34:14 [INFO] garden_cron: Cronjob complete — 0 garden(s) processed.
2026-05-01 15:34:14 [INFO] apscheduler.executors.default: Job "Garden AI Processing (trigger: interval[0:00:10], next run at: 2026-05-01 10:04:24 UTC)" executed successfully
2026-05-01 15:34:24 [INFO] apscheduler.executors.default: Running job "Garden AI Processing (trigger: interval[0:00:10], next run at: 2026-05-01 10:04:34 UTC)" (scheduled at 2026-05-01 10:04:24.723931+00:00)
2026-05-01 15:34:24 [INFO] garden_cron: [2026-05-01 15:34:24] Cronjob triggered
2026-05-01 15:34:24 [INFO] services.garden_processor: No garden updates with status='Ready to Process' found.
2026-05-01 15:34:24 [INFO] garden_cron: Cronjob complete — 0 garden(s) processed.
2026-05-01 15:34:24 [INFO] apscheduler.executors.default: Job "Garden AI Processing (trigger: interval[0:00:10], next run at: 2026-05-01 10:04:34 UTC)" executed successfully
2026-05-01 15:34:34 [INFO] apscheduler.executors.default: Running job "Garden AI Processing (trigger: interval[0:00:10], next run at: 2026-05-01 10:04:44 UTC)" (scheduled at 2026-05-01 10:04:34.723931+00:00)
2026-05-01 15:34:34 [INFO] garden_cron: [2026-05-01 15:34:34] Cronjob triggered
2026-05-01 15:34:34 [INFO] services.garden_processor: No garden updates with status='Ready to Process' found.
2026-05-01 15:34:34 [INFO] garden_cron: Cronjob complete — 0 garden(s) processed.
2026-05-01 15:34:34 [INFO] apscheduler.executors.default: Job "Garden AI Processing (trigger: interval[0:00:10], next run at: 2026-05-01 10:04:44 UTC)" executed successfully
2026-05-01 15:34:44 [INFO] apscheduler.executors.default: Running job "Garden AI Processing (trigger: interval[0:00:10], next run at: 2026-05-01 10:04:54 UTC)" (scheduled at 2026-05-01 10:04:44.723931+00:00)
2026-05-01 15:34:44 [INFO] garden_cron: [2026-05-01 15:34:44] Cronjob triggered
2026-05-01 15:34:44 [INFO] services.garden_processor: No garden updates with status='Ready to Process' found.
2026-05-01 15:34:44 [INFO] garden_cron: Cronjob complete — 0 garden(s) processed.
2026-05-01 15:34:44 [INFO] apscheduler.executors.default: Job "Garden AI Processing (trigger: interval[0:00:10], next run at: 2026-05-01 10:04:54 UTC)" executed successfully
2026-05-01 15:34:54 [INFO] apscheduler.executors.default: Running job "Garden AI Processing (trigger: interval[0:00:10], next run at: 2026-05-01 10:05:04 UTC)" (scheduled at 2026-05-01 10:04:54.723931+00:00)
2026-05-01 15:34:54 [INFO] garden_cron: [2026-05-01 15:34:54] Cronjob triggered
2026-05-01 15:34:54 [INFO] services.garden_processor: No garden updates with status='Ready to Process' found.
2026-05-01 15:34:54 [INFO] garden_cron: Cronjob complete — 0 garden(s) processed.
2026-05-01 15:34:54 [INFO] apscheduler.executors.default: Job "Garden AI Processing (trigger: interval[0:00:10], next run at: 2026-05-01 10:05:04 UTC)" executed successfully
2026-05-01 15:35:04 [INFO] apscheduler.executors.default: Running job "Garden AI Processing (trigger: interval[0:00:10], next run at: 2026-05-01 10:05:14 UTC)" (scheduled at 2026-05-01 10:05:04.723931+00:00)
2026-05-01 15:35:04 [INFO] garden_cron: [2026-05-01 15:35:04] Cronjob triggered
2026-05-01 15:35:04 [INFO] services.garden_processor: No garden updates with status='Ready to Process' found.
2026-05-01 15:35:04 [INFO] garden_cron: Cronjob complete — 0 garden(s) processed.
2026-05-01 15:35:04 [INFO] apscheduler.executors.default: Job "Garden AI Processing (trigger: interval[0:00:10], next run at: 2026-05-01 10:05:14 UTC)" executed successfully
2026-05-01 15:35:14 [INFO] apscheduler.executors.default: Running job "Garden AI Processing (trigger: interval[0:00:10], next run at: 2026-05-01 10:05:24 UTC)" (scheduled at 2026-05-01 10:05:14.723931+00:00)
2026-05-01 15:35:14 [INFO] garden_cron: [2026-05-01 15:35:14] Cronjob triggered
2026-05-01 15:35:14 [INFO] services.garden_processor: No garden updates with status='Ready to Process' found.
2026-05-01 15:35:14 [INFO] garden_cron: Cronjob complete — 0 garden(s) processed.
2026-05-01 15:35:14 [INFO] apscheduler.executors.default: Job "Garden AI Processing (trigger: interval[0:00:10], next run at: 2026-05-01 10:05:24 UTC)" executed successfully
2026-05-01 15:35:24 [INFO] apscheduler.executors.default: Running job "Garden AI Processing (trigger: interval[0:00:10], next run at: 2026-05-01 10:05:34 UTC)" (scheduled at 2026-05-01 10:05:24.723931+00:00)
2026-05-01 15:35:24 [INFO] garden_cron: [2026-05-01 15:35:24] Cronjob triggered
2026-05-01 15:35:24 [INFO] services.garden_processor: No garden updates with status='Ready to Process' found.
2026-05-01 15:35:24 [INFO] garden_cron: Cronjob complete — 0 garden(s) processed.
2026-05-01 15:35:24 [INFO] apscheduler.executors.default: Job "Garden AI Processing (trigger: interval[0:00:10], next run at: 2026-05-01 10:05:34 UTC)" executed successfully
2026-05-01 15:35:34 [INFO] apscheduler.executors.default: Running job "Garden AI Processing (trigger: interval[0:00:10], next run at: 2026-05-01 10:05:44 UTC)" (scheduled at 2026-05-01 10:05:34.723931+00:00)
2026-05-01 15:35:34 [INFO] garden_cron: [2026-05-01 15:35:34] Cronjob triggered
2026-05-01 15:35:34 [INFO] services.garden_processor: No garden updates with status='Ready to Process' found.
2026-05-01 15:35:34 [INFO] garden_cron: Cronjob complete — 0 garden(s) processed.
2026-05-01 15:35:34 [INFO] apscheduler.executors.default: Job "Garden AI Processing (trigger: interval[0:00:10], next run at: 2026-05-01 10:05:44 UTC)" executed successfully
2026-05-01 15:35:44 [INFO] apscheduler.executors.default: Running job "Garden AI Processing (trigger: interval[0:00:10], next run at: 2026-05-01 10:05:54 UTC)" (scheduled at 2026-05-01 10:05:44.723931+00:00)
2026-05-01 15:35:44 [INFO] garden_cron: [2026-05-01 15:35:44] Cronjob triggered
2026-05-01 15:35:44 [INFO] services.garden_processor: No garden updates with status='Ready to Process' found.
2026-05-01 15:35:44 [INFO] garden_cron: Cronjob complete — 0 garden(s) processed.
2026-05-01 15:35:44 [INFO] apscheduler.executors.default: Job "Garden AI Processing (trigger: interval[0:00:10], next run at: 2026-05-01 10:05:54 UTC)" executed successfully
2026-05-01 15:35:54 [INFO] apscheduler.executors.default: Running job "Garden AI Processing (trigger: interval[0:00:10], next run at: 2026-05-01 10:06:04 UTC)" (scheduled at 2026-05-01 10:05:54.723931+00:00)
2026-05-01 15:35:54 [INFO] garden_cron: [2026-05-01 15:35:54] Cronjob triggered
2026-05-01 15:35:54 [INFO] services.garden_processor: No garden updates with status='Ready to Process' found.
2026-05-01 15:35:54 [INFO] garden_cron: Cronjob complete — 0 garden(s) processed.
2026-05-01 15:35:54 [INFO] apscheduler.executors.default: Job "Garden AI Processing (trigger: interval[0:00:10], next run at: 2026-05-01 10:06:04 UTC)" executed successfully
2026-05-01 15:36:04 [INFO] apscheduler.executors.default: Running job "Garden AI Processing (trigger: interval[0:00:10], next run at: 2026-05-01 10:06:14 UTC)" (scheduled at 2026-05-01 10:06:04.723931+00:00)
2026-05-01 15:36:04 [INFO] garden_cron: [2026-05-01 15:36:04] Cronjob triggered
2026-05-01 15:36:04 [INFO] services.garden_processor: No garden updates with status='Ready to Process' found.
2026-05-01 15:36:04 [INFO] garden_cron: Cronjob complete — 0 garden(s) processed.
2026-05-01 15:36:04 [INFO] apscheduler.executors.default: Job "Garden AI Processing (trigger: interval[0:00:10], next run at: 2026-05-01 10:06:14 UTC)" executed successfully
2026-05-01 15:36:14 [INFO] apscheduler.executors.default: Running job "Garden AI Processing (trigger: interval[0:00:10], next run at: 2026-05-01 10:06:24 UTC)" (scheduled at 2026-05-01 10:06:14.723931+00:00)
2026-05-01 15:36:14 [INFO] garden_cron: [2026-05-01 15:36:14] Cronjob triggered
2026-05-01 15:36:14 [INFO] services.garden_processor: No garden updates with status='Ready to Process' found.
2026-05-01 15:36:14 [INFO] garden_cron: Cronjob complete — 0 garden(s) processed.
2026-05-01 15:36:14 [INFO] apscheduler.executors.default: Job "Garden AI Processing (trigger: interval[0:00:10], next run at: 2026-05-01 10:06:24 UTC)" executed successfully
2026-05-01 15:36:24 [INFO] apscheduler.executors.default: Running job "Garden AI Processing (trigger: interval[0:00:10], next run at: 2026-05-01 10:06:34 UTC)" (scheduled at 2026-05-01 10:06:24.723931+00:00)
2026-05-01 15:36:24 [INFO] garden_cron: [2026-05-01 15:36:24] Cronjob triggered
2026-05-01 15:36:24 [INFO] services.garden_processor: No garden updates with status='Ready to Process' found.
2026-05-01 15:36:24 [INFO] garden_cron: Cronjob complete — 0 garden(s) processed.
2026-05-01 15:36:24 [INFO] apscheduler.executors.default: Job "Garden AI Processing (trigger: interval[0:00:10], next run at: 2026-05-01 10:06:34 UTC)" executed successfully
2026-05-01 15:36:34 [INFO] apscheduler.executors.default: Running job "Garden AI Processing (trigger: interval[0:00:10], next run at: 2026-05-01 10:06:44 UTC)" (scheduled at 2026-05-01 10:06:34.723931+00:00)
2026-05-01 15:36:34 [INFO] garden_cron: [2026-05-01 15:36:34] Cronjob triggered
2026-05-01 15:36:34 [INFO] services.garden_processor: No garden updates with status='Ready to Process' found.
2026-05-01 15:36:34 [INFO] garden_cron: Cronjob complete — 0 garden(s) processed.
2026-05-01 15:36:34 [INFO] apscheduler.executors.default: Job "Garden AI Processing (trigger: interval[0:00:10], next run at: 2026-05-01 10:06:44 UTC)" executed successfully
2026-05-01 15:36:44 [INFO] apscheduler.executors.default: Running job "Garden AI Processing (trigger: interval[0:00:10], next run at: 2026-05-01 10:06:54 UTC)" (scheduled at 2026-05-01 10:06:44.723931+00:00)
2026-05-01 15:36:44 [INFO] garden_cron: [2026-05-01 15:36:44] Cronjob triggered
2026-05-01 15:36:44 [INFO] services.garden_processor: No garden updates with status='Ready to Process' found.
2026-05-01 15:36:44 [INFO] garden_cron: Cronjob complete — 0 garden(s) processed.
2026-05-01 15:36:44 [INFO] apscheduler.executors.default: Job "Garden AI Processing (trigger: interval[0:00:10], next run at: 2026-05-01 10:06:54 UTC)" executed successfully
2026-05-01 15:36:54 [INFO] apscheduler.executors.default: Running job "Garden AI Processing (trigger: interval[0:00:10], next run at: 2026-05-01 10:07:04 UTC)" (scheduled at 2026-05-01 10:06:54.723931+00:00)
2026-05-01 15:36:54 [INFO] garden_cron: [2026-05-01 15:36:54] Cronjob triggered
2026-05-01 15:36:54 [INFO] services.garden_processor: No garden updates with status='Ready to Process' found.
2026-05-01 15:36:54 [INFO] garden_cron: Cronjob complete — 0 garden(s) processed.
2026-05-01 15:36:54 [INFO] apscheduler.executors.default: Job "Garden AI Processing (trigger: interval[0:00:10], next run at: 2026-05-01 10:07:04 UTC)" executed successfully
2026-05-01 15:37:04 [INFO] apscheduler.executors.default: Running job "Garden AI Processing (trigger: interval[0:00:10], next run at: 2026-05-01 10:07:14 UTC)" (scheduled at 2026-05-01 10:07:04.723931+00:00)
2026-05-01 15:37:04 [INFO] garden_cron: [2026-05-01 15:37:04] Cronjob triggered
2026-05-01 15:37:04 [INFO] services.garden_processor: No garden updates with status='Ready to Process' found.
2026-05-01 15:37:04 [INFO] garden_cron: Cronjob complete — 0 garden(s) processed.
2026-05-01 15:37:04 [INFO] apscheduler.executors.default: Job "Garden AI Processing (trigger: interval[0:00:10], next run at: 2026-05-01 10:07:14 UTC)" executed successfully
2026-05-01 15:37:14 [INFO] apscheduler.executors.default: Running job "Garden AI Processing (trigger: interval[0:00:10], next run at: 2026-05-01 10:07:24 UTC)" (scheduled at 2026-05-01 10:07:14.723931+00:00)
2026-05-01 15:37:14 [INFO] garden_cron: [2026-05-01 15:37:14] Cronjob triggered
2026-05-01 15:37:14 [INFO] services.garden_processor: No garden updates with status='Ready to Process' found.
2026-05-01 15:37:14 [INFO] garden_cron: Cronjob complete — 0 garden(s) processed.
2026-05-01 15:37:14 [INFO] apscheduler.executors.default: Job "Garden AI Processing (trigger: interval[0:00:10], next run at: 2026-05-01 10:07:24 UTC)" executed successfully
2026-05-01 15:37:24 [INFO] apscheduler.executors.default: Running job "Garden AI Processing (trigger: interval[0:00:10], next run at: 2026-05-01 10:07:34 UTC)" (scheduled at 2026-05-01 10:07:24.723931+00:00)
2026-05-01 15:37:24 [INFO] garden_cron: [2026-05-01 15:37:24] Cronjob triggered
2026-05-01 15:37:24 [INFO] services.garden_processor: No garden updates with status='Ready to Process' found.
2026-05-01 15:37:24 [INFO] garden_cron: Cronjob complete — 0 garden(s) processed.
2026-05-01 15:37:24 [INFO] apscheduler.executors.default: Job "Garden AI Processing (trigger: interval[0:00:10], next run at: 2026-05-01 10:07:34 UTC)" executed successfully
2026-05-01 15:37:34 [INFO] apscheduler.executors.default: Running job "Garden AI Processing (trigger: interval[0:00:10], next run at: 2026-05-01 10:07:44 UTC)" (scheduled at 2026-05-01 10:07:34.723931+00:00)
2026-05-01 15:37:34 [INFO] garden_cron: [2026-05-01 15:37:34] Cronjob triggered
2026-05-01 15:37:34 [INFO] services.garden_processor: No garden updates with status='Ready to Process' found.
2026-05-01 15:37:34 [INFO] garden_cron: Cronjob complete — 0 garden(s) processed.
2026-05-01 15:37:34 [INFO] apscheduler.executors.default: Job "Garden AI Processing (trigger: interval[0:00:10], next run at: 2026-05-01 10:07:44 UTC)" executed successfully
2026-05-01 15:37:44 [INFO] apscheduler.executors.default: Running job "Garden AI Processing (trigger: interval[0:00:10], next run at: 2026-05-01 10:07:54 UTC)" (scheduled at 2026-05-01 10:07:44.723931+00:00)
2026-05-01 15:37:44 [INFO] garden_cron: [2026-05-01 15:37:44] Cronjob triggered
2026-05-01 15:37:44 [INFO] services.garden_processor: No garden updates with status='Ready to Process' found.
2026-05-01 15:37:44 [INFO] garden_cron: Cronjob complete — 0 garden(s) processed.
2026-05-01 15:37:44 [INFO] apscheduler.executors.default: Job "Garden AI Processing (trigger: interval[0:00:10], next run at: 2026-05-01 10:07:54 UTC)" executed successfully
2026-05-01 15:37:54 [INFO] apscheduler.executors.default: Running job "Garden AI Processing (trigger: interval[0:00:10], next run at: 2026-05-01 10:08:04 UTC)" (scheduled at 2026-05-01 10:07:54.723931+00:00)
2026-05-01 15:37:54 [INFO] garden_cron: [2026-05-01 15:37:54] Cronjob triggered
2026-05-01 15:37:54 [INFO] services.garden_processor: No garden updates with status='Ready to Process' found.
2026-05-01 15:37:54 [INFO] garden_cron: Cronjob complete — 0 garden(s) processed.
2026-05-01 15:37:54 [INFO] apscheduler.executors.default: Job "Garden AI Processing (trigger: interval[0:00:10], next run at: 2026-05-01 10:08:04 UTC)" executed successfully
2026-05-01 15:38:04 [INFO] apscheduler.executors.default: Running job "Garden AI Processing (trigger: interval[0:00:10], next run at: 2026-05-01 10:08:14 UTC)" (scheduled at 2026-05-01 10:08:04.723931+00:00)
2026-05-01 15:38:04 [INFO] garden_cron: [2026-05-01 15:38:04] Cronjob triggered
2026-05-01 15:38:04 [INFO] services.garden_processor: No garden updates with status='Ready to Process' found.
2026-05-01 15:38:04 [INFO] garden_cron: Cronjob complete — 0 garden(s) processed.
2026-05-01 15:38:04 [INFO] apscheduler.executors.default: Job "Garden AI Processing (trigger: interval[0:00:10], next run at: 2026-05-01 10:08:14 UTC)" executed successfully
2026-05-01 15:38:14 [INFO] apscheduler.executors.default: Running job "Garden AI Processing (trigger: interval[0:00:10], next run at: 2026-05-01 10:08:24 UTC)" (scheduled at 2026-05-01 10:08:14.723931+00:00)
2026-05-01 15:38:14 [INFO] garden_cron: [2026-05-01 15:38:14] Cronjob triggered
2026-05-01 15:38:14 [INFO] services.garden_processor: No garden updates with status='Ready to Process' found.
2026-05-01 15:38:14 [INFO] garden_cron: Cronjob complete — 0 garden(s) processed.
2026-05-01 15:38:14 [INFO] apscheduler.executors.default: Job "Garden AI Processing (trigger: interval[0:00:10], next run at: 2026-05-01 10:08:24 UTC)" executed successfully
2026-05-01 15:38:24 [INFO] apscheduler.executors.default: Running job "Garden AI Processing (trigger: interval[0:00:10], next run at: 2026-05-01 10:08:34 UTC)" (scheduled at 2026-05-01 10:08:24.723931+00:00)
2026-05-01 15:38:24 [INFO] garden_cron: [2026-05-01 15:38:24] Cronjob triggered
2026-05-01 15:38:24 [INFO] services.garden_processor: No garden updates with status='Ready to Process' found.
2026-05-01 15:38:24 [INFO] garden_cron: Cronjob complete — 0 garden(s) processed.
2026-05-01 15:38:24 [INFO] apscheduler.executors.default: Job "Garden AI Processing (trigger: interval[0:00:10], next run at: 2026-05-01 10:08:34 UTC)" executed successfully
2026-05-01 15:38:34 [INFO] apscheduler.executors.default: Running job "Garden AI Processing (trigger: interval[0:00:10], next run at: 2026-05-01 10:08:44 UTC)" (scheduled at 2026-05-01 10:08:34.723931+00:00)
2026-05-01 15:38:34 [INFO] garden_cron: [2026-05-01 15:38:34] Cronjob triggered
2026-05-01 15:38:34 [INFO] services.garden_processor: No garden updates with status='Ready to Process' found.
2026-05-01 15:38:34 [INFO] garden_cron: Cronjob complete — 0 garden(s) processed.
2026-05-01 15:38:34 [INFO] apscheduler.executors.default: Job "Garden AI Processing (trigger: interval[0:00:10], next run at: 2026-05-01 10:08:44 UTC)" executed successfully
2026-05-01 15:38:44 [INFO] apscheduler.executors.default: Running job "Garden AI Processing (trigger: interval[0:00:10], next run at: 2026-05-01 10:08:54 UTC)" (scheduled at 2026-05-01 10:08:44.723931+00:00)
2026-05-01 15:38:44 [INFO] garden_cron: [2026-05-01 15:38:44] Cronjob triggered
2026-05-01 15:38:44 [INFO] services.garden_processor: No garden updates with status='Ready to Process' found.
2026-05-01 15:38:44 [INFO] garden_cron: Cronjob complete — 0 garden(s) processed.
2026-05-01 15:38:44 [INFO] apscheduler.executors.default: Job "Garden AI Processing (trigger: interval[0:00:10], next run at: 2026-05-01 10:08:54 UTC)" executed successfully
2026-05-01 15:38:54 [INFO] apscheduler.executors.default: Running job "Garden AI Processing (trigger: interval[0:00:10], next run at: 2026-05-01 10:09:04 UTC)" (scheduled at 2026-05-01 10:08:54.723931+00:00)
2026-05-01 15:38:54 [INFO] garden_cron: [2026-05-01 15:38:54] Cronjob triggered
2026-05-01 15:38:54 [INFO] services.garden_processor: No garden updates with status='Ready to Process' found.
2026-05-01 15:38:54 [INFO] garden_cron: Cronjob complete — 0 garden(s) processed.
2026-05-01 15:38:54 [INFO] apscheduler.executors.default: Job "Garden AI Processing (trigger: interval[0:00:10], next run at: 2026-05-01 10:09:04 UTC)" executed successfully
2026-05-01 15:39:04 [INFO] apscheduler.executors.default: Running job "Garden AI Processing (trigger: interval[0:00:10], next run at: 2026-05-01 10:09:14 UTC)" (scheduled at 2026-05-01 10:09:04.723931+00:00)
2026-05-01 15:39:04 [INFO] garden_cron: [2026-05-01 15:39:04] Cronjob triggered
2026-05-01 15:39:04 [INFO] services.garden_processor: No garden updates with status='Ready to Process' found.
2026-05-01 15:39:04 [INFO] garden_cron: Cronjob complete — 0 garden(s) processed.
2026-05-01 15:39:04 [INFO] apscheduler.executors.default: Job "Garden AI Processing (trigger: interval[0:00:10], next run at: 2026-05-01 10:09:14 UTC)" executed successfully
2026-05-01 15:39:14 [INFO] apscheduler.executors.default: Running job "Garden AI Processing (trigger: interval[0:00:10], next run at: 2026-05-01 10:09:24 UTC)" (scheduled at 2026-05-01 10:09:14.723931+00:00)
2026-05-01 15:39:14 [INFO] garden_cron: [2026-05-01 15:39:14] Cronjob triggered
2026-05-01 15:39:14 [INFO] services.garden_processor: No garden updates with status='Ready to Process' found.
2026-05-01 15:39:14 [INFO] garden_cron: Cronjob complete — 0 garden(s) processed.
2026-05-01 15:39:14 [INFO] apscheduler.executors.default: Job "Garden AI Processing (trigger: interval[0:00:10], next run at: 2026-05-01 10:09:24 UTC)" executed successfully
2026-05-01 15:39:24 [INFO] apscheduler.executors.default: Running job "Garden AI Processing (trigger: interval[0:00:10], next run at: 2026-05-01 10:09:34 UTC)" (scheduled at 2026-05-01 10:09:24.723931+00:00)
2026-05-01 15:39:24 [INFO] garden_cron: [2026-05-01 15:39:24] Cronjob triggered
2026-05-01 15:39:24 [INFO] services.garden_processor: No garden updates with status='Ready to Process' found.
2026-05-01 15:39:24 [INFO] garden_cron: Cronjob complete — 0 garden(s) processed.
2026-05-01 15:39:24 [INFO] apscheduler.executors.default: Job "Garden AI Processing (trigger: interval[0:00:10], next run at: 2026-05-01 10:09:34 UTC)" executed successfully
2026-05-01 15:39:34 [INFO] apscheduler.executors.default: Running job "Garden AI Processing (trigger: interval[0:00:10], next run at: 2026-05-01 10:09:44 UTC)" (scheduled at 2026-05-01 10:09:34.723931+00:00)
2026-05-01 15:39:34 [INFO] garden_cron: [2026-05-01 15:39:34] Cronjob triggered
2026-05-01 15:39:34 [INFO] services.garden_processor: No garden updates with status='Ready to Process' found.
2026-05-01 15:39:34 [INFO] garden_cron: Cronjob complete — 0 garden(s) processed.
2026-05-01 15:39:34 [INFO] apscheduler.executors.default: Job "Garden AI Processing (trigger: interval[0:00:10], next run at: 2026-05-01 10:09:44 UTC)" executed successfully
2026-05-01 15:39:44 [INFO] apscheduler.executors.default: Running job "Garden AI Processing (trigger: interval[0:00:10], next run at: 2026-05-01 10:09:54 UTC)" (scheduled at 2026-05-01 10:09:44.723931+00:00)
2026-05-01 15:39:44 [INFO] garden_cron: [2026-05-01 15:39:44] Cronjob triggered
2026-05-01 15:39:44 [INFO] services.garden_processor: No garden updates with status='Ready to Process' found.
2026-05-01 15:39:44 [INFO] garden_cron: Cronjob complete — 0 garden(s) processed.
2026-05-01 15:39:44 [INFO] apscheduler.executors.default: Job "Garden AI Processing (trigger: interval[0:00:10], next run at: 2026-05-01 10:09:54 UTC)" executed successfully
2026-05-01 15:39:54 [INFO] apscheduler.executors.default: Running job "Garden AI Processing (trigger: interval[0:00:10], next run at: 2026-05-01 10:10:04 UTC)" (scheduled at 2026-05-01 10:09:54.723931+00:00)
2026-05-01 15:39:54 [INFO] garden_cron: [2026-05-01 15:39:54] Cronjob triggered
2026-05-01 15:39:54 [INFO] services.garden_processor: No garden updates with status='Ready to Process' found.
2026-05-01 15:39:54 [INFO] garden_cron: Cronjob complete — 0 garden(s) processed.
2026-05-01 15:39:54 [INFO] apscheduler.executors.default: Job "Garden AI Processing (trigger: interval[0:00:10], next run at: 2026-05-01 10:10:04 UTC)" executed successfully
2026-05-01 15:40:04 [INFO] apscheduler.executors.default: Running job "Garden AI Processing (trigger: interval[0:00:10], next run at: 2026-05-01 10:10:14 UTC)" (scheduled at 2026-05-01 10:10:04.723931+00:00)
2026-05-01 15:40:04 [INFO] garden_cron: [2026-05-01 15:40:04] Cronjob triggered
2026-05-01 15:40:04 [INFO] services.garden_processor: No garden updates with status='Ready to Process' found.
2026-05-01 15:40:04 [INFO] garden_cron: Cronjob complete — 0 garden(s) processed.
2026-05-01 15:40:04 [INFO] apscheduler.executors.default: Job "Garden AI Processing (trigger: interval[0:00:10], next run at: 2026-05-01 10:10:14 UTC)" executed successfully
2026-05-01 15:40:14 [INFO] apscheduler.executors.default: Running job "Garden AI Processing (trigger: interval[0:00:10], next run at: 2026-05-01 10:10:24 UTC)" (scheduled at 2026-05-01 10:10:14.723931+00:00)
2026-05-01 15:40:14 [INFO] garden_cron: [2026-05-01 15:40:14] Cronjob triggered
2026-05-01 15:40:14 [INFO] services.garden_processor: No garden updates with status='Ready to Process' found.
2026-05-01 15:40:14 [INFO] garden_cron: Cronjob complete — 0 garden(s) processed.
2026-05-01 15:40:14 [INFO] apscheduler.executors.default: Job "Garden AI Processing (trigger: interval[0:00:10], next run at: 2026-05-01 10:10:24 UTC)" executed successfully
2026-05-01 15:40:24 [INFO] apscheduler.executors.default: Running job "Garden AI Processing (trigger: interval[0:00:10], next run at: 2026-05-01 10:10:34 UTC)" (scheduled at 2026-05-01 10:10:24.723931+00:00)
2026-05-01 15:40:24 [INFO] garden_cron: [2026-05-01 15:40:24] Cronjob triggered
2026-05-01 15:40:24 [INFO] services.garden_processor: No garden updates with status='Ready to Process' found.
2026-05-01 15:40:24 [INFO] garden_cron: Cronjob complete — 0 garden(s) processed.
2026-05-01 15:40:24 [INFO] apscheduler.executors.default: Job "Garden AI Processing (trigger: interval[0:00:10], next run at: 2026-05-01 10:10:34 UTC)" executed successfully
2026-05-01 15:40:34 [INFO] apscheduler.executors.default: Running job "Garden AI Processing (trigger: interval[0:00:10], next run at: 2026-05-01 10:10:44 UTC)" (scheduled at 2026-05-01 10:10:34.723931+00:00)
2026-05-01 15:40:34 [INFO] garden_cron: [2026-05-01 15:40:34] Cronjob triggered
2026-05-01 15:40:34 [INFO] services.garden_processor: No garden updates with status='Ready to Process' found.
2026-05-01 15:40:34 [INFO] garden_cron: Cronjob complete — 0 garden(s) processed.
2026-05-01 15:40:34 [INFO] apscheduler.executors.default: Job "Garden AI Processing (trigger: interval[0:00:10], next run at: 2026-05-01 10:10:44 UTC)" executed successfully
2026-05-01 15:40:44 [INFO] apscheduler.executors.default: Running job "Garden AI Processing (trigger: interval[0:00:10], next run at: 2026-05-01 10:10:54 UTC)" (scheduled at 2026-05-01 10:10:44.723931+00:00)
2026-05-01 15:40:44 [INFO] garden_cron: [2026-05-01 15:40:44] Cronjob triggered
2026-05-01 15:40:44 [INFO] services.garden_processor: No garden updates with status='Ready to Process' found.
2026-05-01 15:40:44 [INFO] garden_cron: Cronjob complete — 0 garden(s) processed.
2026-05-01 15:40:44 [INFO] apscheduler.executors.default: Job "Garden AI Processing (trigger: interval[0:00:10], next run at: 2026-05-01 10:10:54 UTC)" executed successfully
2026-05-01 15:40:54 [INFO] apscheduler.executors.default: Running job "Garden AI Processing (trigger: interval[0:00:10], next run at: 2026-05-01 10:11:04 UTC)" (scheduled at 2026-05-01 10:10:54.723931+00:00)
2026-05-01 15:40:54 [INFO] garden_cron: [2026-05-01 15:40:54] Cronjob triggered
2026-05-01 15:40:54 [INFO] services.garden_processor: No garden updates with status='Ready to Process' found.
2026-05-01 15:40:54 [INFO] garden_cron: Cronjob complete — 0 garden(s) processed.
2026-05-01 15:40:54 [INFO] apscheduler.executors.default: Job "Garden AI Processing (trigger: interval[0:00:10], next run at: 2026-05-01 10:11:04 UTC)" executed successfully
2026-05-01 15:41:04 [INFO] apscheduler.executors.default: Running job "Garden AI Processing (trigger: interval[0:00:10], next run at: 2026-05-01 10:11:14 UTC)" (scheduled at 2026-05-01 10:11:04.723931+00:00)
2026-05-01 15:41:04 [INFO] garden_cron: [2026-05-01 15:41:04] Cronjob triggered
2026-05-01 15:41:04 [INFO] services.garden_processor: No garden updates with status='Ready to Process' found.
2026-05-01 15:41:04 [INFO] garden_cron: Cronjob complete — 0 garden(s) processed.
2026-05-01 15:41:04 [INFO] apscheduler.executors.default: Job "Garden AI Processing (trigger: interval[0:00:10], next run at: 2026-05-01 10:11:14 UTC)" executed successfully
2026-05-01 15:41:14 [INFO] apscheduler.executors.default: Running job "Garden AI Processing (trigger: interval[0:00:10], next run at: 2026-05-01 10:11:24 UTC)" (scheduled at 2026-05-01 10:11:14.723931+00:00)
2026-05-01 15:41:14 [INFO] garden_cron: [2026-05-01 15:41:14] Cronjob triggered
2026-05-01 15:41:14 [INFO] services.garden_processor: No garden updates with status='Ready to Process' found.
2026-05-01 15:41:14 [INFO] garden_cron: Cronjob complete — 0 garden(s) processed.
2026-05-01 15:41:14 [INFO] apscheduler.executors.default: Job "Garden AI Processing (trigger: interval[0:00:10], next run at: 2026-05-01 10:11:24 UTC)" executed successfully
2026-05-01 15:41:24 [INFO] apscheduler.executors.default: Running job "Garden AI Processing (trigger: interval[0:00:10], next run at: 2026-05-01 10:11:34 UTC)" (scheduled at 2026-05-01 10:11:24.723931+00:00)
2026-05-01 15:41:24 [INFO] garden_cron: [2026-05-01 15:41:24] Cronjob triggered
2026-05-01 15:41:24 [INFO] services.garden_processor: No garden updates with status='Ready to Process' found.
2026-05-01 15:41:24 [INFO] garden_cron: Cronjob complete — 0 garden(s) processed.
2026-05-01 15:41:24 [INFO] apscheduler.executors.default: Job "Garden AI Processing (trigger: interval[0:00:10], next run at: 2026-05-01 10:11:34 UTC)" executed successfully
2026-05-01 15:41:34 [INFO] apscheduler.executors.default: Running job "Garden AI Processing (trigger: interval[0:00:10], next run at: 2026-05-01 10:11:44 UTC)" (scheduled at 2026-05-01 10:11:34.723931+00:00)
2026-05-01 15:41:34 [INFO] garden_cron: [2026-05-01 15:41:34] Cronjob triggered
2026-05-01 15:41:34 [INFO] services.garden_processor: No garden updates with status='Ready to Process' found.
2026-05-01 15:41:34 [INFO] garden_cron: Cronjob complete — 0 garden(s) processed.
2026-05-01 15:41:34 [INFO] apscheduler.executors.default: Job "Garden AI Processing (trigger: interval[0:00:10], next run at: 2026-05-01 10:11:44 UTC)" executed successfully
2026-05-01 15:41:44 [INFO] apscheduler.executors.default: Running job "Garden AI Processing (trigger: interval[0:00:10], next run at: 2026-05-01 10:11:54 UTC)" (scheduled at 2026-05-01 10:11:44.723931+00:00)
2026-05-01 15:41:44 [INFO] garden_cron: [2026-05-01 15:41:44] Cronjob triggered
2026-05-01 15:41:44 [INFO] services.garden_processor: No garden updates with status='Ready to Process' found.
2026-05-01 15:41:44 [INFO] garden_cron: Cronjob complete — 0 garden(s) processed.
2026-05-01 15:41:44 [INFO] apscheduler.executors.default: Job "Garden AI Processing (trigger: interval[0:00:10], next run at: 2026-05-01 10:11:54 UTC)" executed successfully
2026-05-01 15:41:54 [INFO] apscheduler.executors.default: Running job "Garden AI Processing (trigger: interval[0:00:10], next run at: 2026-05-01 10:12:04 UTC)" (scheduled at 2026-05-01 10:11:54.723931+00:00)
2026-05-01 15:41:54 [INFO] garden_cron: [2026-05-01 15:41:54] Cronjob triggered
2026-05-01 15:41:54 [INFO] services.garden_processor: No garden updates with status='Ready to Process' found.
2026-05-01 15:41:54 [INFO] garden_cron: Cronjob complete — 0 garden(s) processed.
2026-05-01 15:41:54 [INFO] apscheduler.executors.default: Job "Garden AI Processing (trigger: interval[0:00:10], next run at: 2026-05-01 10:12:04 UTC)" executed successfully
2026-05-01 15:42:04 [INFO] apscheduler.executors.default: Running job "Garden AI Processing (trigger: interval[0:00:10], next run at: 2026-05-01 10:12:14 UTC)" (scheduled at 2026-05-01 10:12:04.723931+00:00)
2026-05-01 15:42:04 [INFO] garden_cron: [2026-05-01 15:42:04] Cronjob triggered
2026-05-01 15:42:04 [INFO] services.garden_processor: No garden updates with status='Ready to Process' found.
2026-05-01 15:42:04 [INFO] garden_cron: Cronjob complete — 0 garden(s) processed.
2026-05-01 15:42:04 [INFO] apscheduler.executors.default: Job "Garden AI Processing (trigger: interval[0:00:10], next run at: 2026-05-01 10:12:14 UTC)" executed successfully
2026-05-01 15:42:14 [INFO] apscheduler.executors.default: Running job "Garden AI Processing (trigger: interval[0:00:10], next run at: 2026-05-01 10:12:24 UTC)" (scheduled at 2026-05-01 10:12:14.723931+00:00)
2026-05-01 15:42:14 [INFO] garden_cron: [2026-05-01 15:42:14] Cronjob triggered
2026-05-01 15:42:14 [INFO] services.garden_processor: No garden updates with status='Ready to Process' found.
2026-05-01 15:42:14 [INFO] garden_cron: Cronjob complete — 0 garden(s) processed.
2026-05-01 15:42:14 [INFO] apscheduler.executors.default: Job "Garden AI Processing (trigger: interval[0:00:10], next run at: 2026-05-01 10:12:24 UTC)" executed successfully
2026-05-01 15:42:24 [INFO] apscheduler.executors.default: Running job "Garden AI Processing (trigger: interval[0:00:10], next run at: 2026-05-01 10:12:34 UTC)" (scheduled at 2026-05-01 10:12:24.723931+00:00)
2026-05-01 15:42:24 [INFO] garden_cron: [2026-05-01 15:42:24] Cronjob triggered
2026-05-01 15:42:24 [INFO] services.garden_processor: No garden updates with status='Ready to Process' found.
2026-05-01 15:42:24 [INFO] garden_cron: Cronjob complete — 0 garden(s) processed.
2026-05-01 15:42:24 [INFO] apscheduler.executors.default: Job "Garden AI Processing (trigger: interval[0:00:10], next run at: 2026-05-01 10:12:34 UTC)" executed successfully
2026-05-01 15:42:34 [INFO] apscheduler.executors.default: Running job "Garden AI Processing (trigger: interval[0:00:10], next run at: 2026-05-01 10:12:44 UTC)" (scheduled at 2026-05-01 10:12:34.723931+00:00)
2026-05-01 15:42:34 [INFO] garden_cron: [2026-05-01 15:42:34] Cronjob triggered
2026-05-01 15:42:34 [INFO] services.garden_processor: No garden updates with status='Ready to Process' found.
2026-05-01 15:42:34 [INFO] garden_cron: Cronjob complete — 0 garden(s) processed.
2026-05-01 15:42:34 [INFO] apscheduler.executors.default: Job "Garden AI Processing (trigger: interval[0:00:10], next run at: 2026-05-01 10:12:44 UTC)" executed successfully
2026-05-01 15:42:44 [INFO] apscheduler.executors.default: Running job "Garden AI Processing (trigger: interval[0:00:10], next run at: 2026-05-01 10:12:54 UTC)" (scheduled at 2026-05-01 10:12:44.723931+00:00)
2026-05-01 15:42:44 [INFO] garden_cron: [2026-05-01 15:42:44] Cronjob triggered
2026-05-01 15:42:44 [INFO] services.garden_processor: No garden updates with status='Ready to Process' found.
2026-05-01 15:42:44 [INFO] garden_cron: Cronjob complete — 0 garden(s) processed.
2026-05-01 15:42:44 [INFO] apscheduler.executors.default: Job "Garden AI Processing (trigger: interval[0:00:10], next run at: 2026-05-01 10:12:54 UTC)" executed successfully
2026-05-01 15:42:54 [INFO] apscheduler.executors.default: Running job "Garden AI Processing (trigger: interval[0:00:10], next run at: 2026-05-01 10:13:04 UTC)" (scheduled at 2026-05-01 10:12:54.723931+00:00)
2026-05-01 15:42:54 [INFO] garden_cron: [2026-05-01 15:42:54] Cronjob triggered
2026-05-01 15:42:54 [INFO] services.garden_processor: No garden updates with status='Ready to Process' found.
2026-05-01 15:42:54 [INFO] garden_cron: Cronjob complete — 0 garden(s) processed.
2026-05-01 15:42:54 [INFO] apscheduler.executors.default: Job "Garden AI Processing (trigger: interval[0:00:10], next run at: 2026-05-01 10:13:04 UTC)" executed successfully
2026-05-01 15:43:04 [INFO] apscheduler.executors.default: Running job "Garden AI Processing (trigger: interval[0:00:10], next run at: 2026-05-01 10:13:14 UTC)" (scheduled at 2026-05-01 10:13:04.723931+00:00)
2026-05-01 15:43:04 [INFO] garden_cron: [2026-05-01 15:43:04] Cronjob triggered
2026-05-01 15:43:04 [INFO] services.garden_processor: No garden updates with status='Ready to Process' found.
2026-05-01 15:43:04 [INFO] garden_cron: Cronjob complete — 0 garden(s) processed.
2026-05-01 15:43:04 [INFO] apscheduler.executors.default: Job "Garden AI Processing (trigger: interval[0:00:10], next run at: 2026-05-01 10:13:14 UTC)" executed successfully
2026-05-01 15:43:14 [INFO] apscheduler.executors.default: Running job "Garden AI Processing (trigger: interval[0:00:10], next run at: 2026-05-01 10:13:24 UTC)" (scheduled at 2026-05-01 10:13:14.723931+00:00)
2026-05-01 15:43:14 [INFO] garden_cron: [2026-05-01 15:43:14] Cronjob triggered
2026-05-01 15:43:14 [INFO] services.garden_processor: No garden updates with status='Ready to Process' found.
2026-05-01 15:43:14 [INFO] garden_cron: Cronjob complete — 0 garden(s) processed.
2026-05-01 15:43:14 [INFO] apscheduler.executors.default: Job "Garden AI Processing (trigger: interval[0:00:10], next run at: 2026-05-01 10:13:24 UTC)" executed successfully
2026-05-01 15:43:24 [INFO] apscheduler.executors.default: Running job "Garden AI Processing (trigger: interval[0:00:10], next run at: 2026-05-01 10:13:34 UTC)" (scheduled at 2026-05-01 10:13:24.723931+00:00)
2026-05-01 15:43:24 [INFO] garden_cron: [2026-05-01 15:43:24] Cronjob triggered
2026-05-01 15:43:24 [INFO] services.garden_processor: No garden updates with status='Ready to Process' found.
2026-05-01 15:43:24 [INFO] garden_cron: Cronjob complete — 0 garden(s) processed.
2026-05-01 15:43:24 [INFO] apscheduler.executors.default: Job "Garden AI Processing (trigger: interval[0:00:10], next run at: 2026-05-01 10:13:34 UTC)" executed successfully
2026-05-01 15:43:34 [INFO] apscheduler.executors.default: Running job "Garden AI Processing (trigger: interval[0:00:10], next run at: 2026-05-01 10:13:44 UTC)" (scheduled at 2026-05-01 10:13:34.723931+00:00)
2026-05-01 15:43:34 [INFO] garden_cron: [2026-05-01 15:43:34] Cronjob triggered
2026-05-01 15:43:34 [INFO] services.garden_processor: No garden updates with status='Ready to Process' found.
2026-05-01 15:43:34 [INFO] garden_cron: Cronjob complete — 0 garden(s) processed.
2026-05-01 15:43:34 [INFO] apscheduler.executors.default: Job "Garden AI Processing (trigger: interval[0:00:10], next run at: 2026-05-01 10:13:44 UTC)" executed successfully
2026-05-01 15:43:44 [INFO] apscheduler.executors.default: Running job "Garden AI Processing (trigger: interval[0:00:10], next run at: 2026-05-01 10:13:54 UTC)" (scheduled at 2026-05-01 10:13:44.723931+00:00)
2026-05-01 15:43:44 [INFO] garden_cron: [2026-05-01 15:43:44] Cronjob triggered
2026-05-01 15:43:44 [INFO] services.garden_processor: No garden updates with status='Ready to Process' found.
2026-05-01 15:43:44 [INFO] garden_cron: Cronjob complete — 0 garden(s) processed.
2026-05-01 15:43:44 [INFO] apscheduler.executors.default: Job "Garden AI Processing (trigger: interval[0:00:10], next run at: 2026-05-01 10:13:54 UTC)" executed successfully
2026-05-01 15:43:54 [INFO] apscheduler.executors.default: Running job "Garden AI Processing (trigger: interval[0:00:10], next run at: 2026-05-01 10:14:04 UTC)" (scheduled at 2026-05-01 10:13:54.723931+00:00)
2026-05-01 15:43:54 [INFO] garden_cron: [2026-05-01 15:43:54] Cronjob triggered
2026-05-01 15:43:54 [INFO] services.garden_processor: No garden updates with status='Ready to Process' found.
2026-05-01 15:43:54 [INFO] garden_cron: Cronjob complete — 0 garden(s) processed.
2026-05-01 15:43:54 [INFO] apscheduler.executors.default: Job "Garden AI Processing (trigger: interval[0:00:10], next run at: 2026-05-01 10:14:04 UTC)" executed successfully
2026-05-01 15:44:04 [INFO] apscheduler.executors.default: Running job "Garden AI Processing (trigger: interval[0:00:10], next run at: 2026-05-01 10:14:14 UTC)" (scheduled at 2026-05-01 10:14:04.723931+00:00)
2026-05-01 15:44:04 [INFO] garden_cron: [2026-05-01 15:44:04] Cronjob triggered
2026-05-01 15:44:04 [INFO] services.garden_processor: No garden updates with status='Ready to Process' found.
2026-05-01 15:44:04 [INFO] garden_cron: Cronjob complete — 0 garden(s) processed.
2026-05-01 15:44:04 [INFO] apscheduler.executors.default: Job "Garden AI Processing (trigger: interval[0:00:10], next run at: 2026-05-01 10:14:14 UTC)" executed successfully
2026-05-01 15:44:14 [INFO] apscheduler.executors.default: Running job "Garden AI Processing (trigger: interval[0:00:10], next run at: 2026-05-01 10:14:24 UTC)" (scheduled at 2026-05-01 10:14:14.723931+00:00)
2026-05-01 15:44:14 [INFO] garden_cron: [2026-05-01 15:44:14] Cronjob triggered
2026-05-01 15:44:14 [INFO] services.garden_processor: No garden updates with status='Ready to Process' found.
2026-05-01 15:44:14 [INFO] garden_cron: Cronjob complete — 0 garden(s) processed.
2026-05-01 15:44:14 [INFO] apscheduler.executors.default: Job "Garden AI Processing (trigger: interval[0:00:10], next run at: 2026-05-01 10:14:24 UTC)" executed successfully
2026-05-01 15:44:24 [INFO] apscheduler.executors.default: Running job "Garden AI Processing (trigger: interval[0:00:10], next run at: 2026-05-01 10:14:34 UTC)" (scheduled at 2026-05-01 10:14:24.723931+00:00)
2026-05-01 15:44:24 [INFO] garden_cron: [2026-05-01 15:44:24] Cronjob triggered
2026-05-01 15:44:24 [INFO] services.garden_processor: No garden updates with status='Ready to Process' found.
2026-05-01 15:44:24 [INFO] garden_cron: Cronjob complete — 0 garden(s) processed.
2026-05-01 15:44:24 [INFO] apscheduler.executors.default: Job "Garden AI Processing (trigger: interval[0:00:10], next run at: 2026-05-01 10:14:34 UTC)" executed successfully
2026-05-01 15:44:34 [INFO] apscheduler.executors.default: Running job "Garden AI Processing (trigger: interval[0:00:10], next run at: 2026-05-01 10:14:44 UTC)" (scheduled at 2026-05-01 10:14:34.723931+00:00)
2026-05-01 15:44:34 [INFO] garden_cron: [2026-05-01 15:44:34] Cronjob triggered
2026-05-01 15:44:34 [INFO] services.garden_processor: No garden updates with status='Ready to Process' found.
2026-05-01 15:44:34 [INFO] garden_cron: Cronjob complete — 0 garden(s) processed.
2026-05-01 15:44:34 [INFO] apscheduler.executors.default: Job "Garden AI Processing (trigger: interval[0:00:10], next run at: 2026-05-01 10:14:44 UTC)" executed successfully
2026-05-01 15:44:44 [INFO] apscheduler.executors.default: Running job "Garden AI Processing (trigger: interval[0:00:10], next run at: 2026-05-01 10:14:54 UTC)" (scheduled at 2026-05-01 10:14:44.723931+00:00)
2026-05-01 15:44:44 [INFO] garden_cron: [2026-05-01 15:44:44] Cronjob triggered
2026-05-01 15:44:44 [INFO] services.garden_processor: No garden updates with status='Ready to Process' found.
2026-05-01 15:44:44 [INFO] garden_cron: Cronjob complete — 0 garden(s) processed.
2026-05-01 15:44:44 [INFO] apscheduler.executors.default: Job "Garden AI Processing (trigger: interval[0:00:10], next run at: 2026-05-01 10:14:54 UTC)" executed successfully
2026-05-01 15:44:54 [INFO] apscheduler.executors.default: Running job "Garden AI Processing (trigger: interval[0:00:10], next run at: 2026-05-01 10:15:04 UTC)" (scheduled at 2026-05-01 10:14:54.723931+00:00)
2026-05-01 15:44:54 [INFO] garden_cron: [2026-05-01 15:44:54] Cronjob triggered
2026-05-01 15:44:54 [INFO] services.garden_processor: No garden updates with status='Ready to Process' found.
2026-05-01 15:44:54 [INFO] garden_cron: Cronjob complete — 0 garden(s) processed.
2026-05-01 15:44:54 [INFO] apscheduler.executors.default: Job "Garden AI Processing (trigger: interval[0:00:10], next run at: 2026-05-01 10:15:04 UTC)" executed successfully
2026-05-01 15:45:04 [INFO] apscheduler.executors.default: Running job "Garden AI Processing (trigger: interval[0:00:10], next run at: 2026-05-01 10:15:14 UTC)" (scheduled at 2026-05-01 10:15:04.723931+00:00)
2026-05-01 15:45:04 [INFO] garden_cron: [2026-05-01 15:45:04] Cronjob triggered
2026-05-01 15:45:04 [INFO] services.garden_processor: No garden updates with status='Ready to Process' found.
2026-05-01 15:45:04 [INFO] garden_cron: Cronjob complete — 0 garden(s) processed.
2026-05-01 15:45:04 [INFO] apscheduler.executors.default: Job "Garden AI Processing (trigger: interval[0:00:10], next run at: 2026-05-01 10:15:14 UTC)" executed successfully
2026-05-01 15:45:14 [INFO] apscheduler.executors.default: Running job "Garden AI Processing (trigger: interval[0:00:10], next run at: 2026-05-01 10:15:24 UTC)" (scheduled at 2026-05-01 10:15:14.723931+00:00)
2026-05-01 15:45:14 [INFO] garden_cron: [2026-05-01 15:45:14] Cronjob triggered
2026-05-01 15:45:14 [INFO] services.garden_processor: No garden updates with status='Ready to Process' found.
2026-05-01 15:45:14 [INFO] garden_cron: Cronjob complete — 0 garden(s) processed.
2026-05-01 15:45:14 [INFO] apscheduler.executors.default: Job "Garden AI Processing (trigger: interval[0:00:10], next run at: 2026-05-01 10:15:24 UTC)" executed successfully
2026-05-01 15:45:24 [INFO] apscheduler.executors.default: Running job "Garden AI Processing (trigger: interval[0:00:10], next run at: 2026-05-01 10:15:34 UTC)" (scheduled at 2026-05-01 10:15:24.723931+00:00)
2026-05-01 15:45:24 [INFO] garden_cron: [2026-05-01 15:45:24] Cronjob triggered
2026-05-01 15:45:24 [INFO] services.garden_processor: No garden updates with status='Ready to Process' found.
2026-05-01 15:45:24 [INFO] garden_cron: Cronjob complete — 0 garden(s) processed.
2026-05-01 15:45:24 [INFO] apscheduler.executors.default: Job "Garden AI Processing (trigger: interval[0:00:10], next run at: 2026-05-01 10:15:34 UTC)" executed successfully
2026-05-01 15:45:34 [INFO] apscheduler.executors.default: Running job "Garden AI Processing (trigger: interval[0:00:10], next run at: 2026-05-01 10:15:44 UTC)" (scheduled at 2026-05-01 10:15:34.723931+00:00)
2026-05-01 15:45:34 [INFO] garden_cron: [2026-05-01 15:45:34] Cronjob triggered
2026-05-01 15:45:34 [INFO] services.garden_processor: No garden updates with status='Ready to Process' found.
2026-05-01 15:45:34 [INFO] garden_cron: Cronjob complete — 0 garden(s) processed.
2026-05-01 15:45:34 [INFO] apscheduler.executors.default: Job "Garden AI Processing (trigger: interval[0:00:10], next run at: 2026-05-01 10:15:44 UTC)" executed successfully
2026-05-01 15:45:44 [INFO] apscheduler.executors.default: Running job "Garden AI Processing (trigger: interval[0:00:10], next run at: 2026-05-01 10:15:54 UTC)" (scheduled at 2026-05-01 10:15:44.723931+00:00)
2026-05-01 15:45:44 [INFO] garden_cron: [2026-05-01 15:45:44] Cronjob triggered
2026-05-01 15:45:44 [INFO] services.garden_processor: No garden updates with status='Ready to Process' found.
2026-05-01 15:45:44 [INFO] garden_cron: Cronjob complete — 0 garden(s) processed.
2026-05-01 15:45:44 [INFO] apscheduler.executors.default: Job "Garden AI Processing (trigger: interval[0:00:10], next run at: 2026-05-01 10:15:54 UTC)" executed successfully
2026-05-01 15:45:54 [INFO] apscheduler.executors.default: Running job "Garden AI Processing (trigger: interval[0:00:10], next run at: 2026-05-01 10:16:04 UTC)" (scheduled at 2026-05-01 10:15:54.723931+00:00)
2026-05-01 15:45:54 [INFO] garden_cron: [2026-05-01 15:45:54] Cronjob triggered
2026-05-01 15:45:54 [INFO] services.garden_processor: No garden updates with status='Ready to Process' found.
2026-05-01 15:45:54 [INFO] garden_cron: Cronjob complete — 0 garden(s) processed.
2026-05-01 15:45:54 [INFO] apscheduler.executors.default: Job "Garden AI Processing (trigger: interval[0:00:10], next run at: 2026-05-01 10:16:04 UTC)" executed successfully
2026-05-01 15:46:04 [INFO] apscheduler.executors.default: Running job "Garden AI Processing (trigger: interval[0:00:10], next run at: 2026-05-01 10:16:14 UTC)" (scheduled at 2026-05-01 10:16:04.723931+00:00)
2026-05-01 15:46:04 [INFO] garden_cron: [2026-05-01 15:46:04] Cronjob triggered
2026-05-01 15:46:04 [INFO] services.garden_processor: No garden updates with status='Ready to Process' found.
2026-05-01 15:46:04 [INFO] garden_cron: Cronjob complete — 0 garden(s) processed.
2026-05-01 15:46:04 [INFO] apscheduler.executors.default: Job "Garden AI Processing (trigger: interval[0:00:10], next run at: 2026-05-01 10:16:14 UTC)" executed successfully
2026-05-01 15:46:14 [INFO] apscheduler.executors.default: Running job "Garden AI Processing (trigger: interval[0:00:10], next run at: 2026-05-01 10:16:24 UTC)" (scheduled at 2026-05-01 10:16:14.723931+00:00)
2026-05-01 15:46:14 [INFO] garden_cron: [2026-05-01 15:46:14] Cronjob triggered
2026-05-01 15:46:14 [INFO] services.garden_processor: No garden updates with status='Ready to Process' found.
2026-05-01 15:46:14 [INFO] garden_cron: Cronjob complete — 0 garden(s) processed.
2026-05-01 15:46:14 [INFO] apscheduler.executors.default: Job "Garden AI Processing (trigger: interval[0:00:10], next run at: 2026-05-01 10:16:24 UTC)" executed successfully
2026-05-01 15:46:24 [INFO] apscheduler.executors.default: Running job "Garden AI Processing (trigger: interval[0:00:10], next run at: 2026-05-01 10:16:34 UTC)" (scheduled at 2026-05-01 10:16:24.723931+00:00)
2026-05-01 15:46:24 [INFO] garden_cron: [2026-05-01 15:46:24] Cronjob triggered
2026-05-01 15:46:24 [INFO] services.garden_processor: No garden updates with status='Ready to Process' found.
2026-05-01 15:46:24 [INFO] garden_cron: Cronjob complete — 0 garden(s) processed.
2026-05-01 15:46:24 [INFO] apscheduler.executors.default: Job "Garden AI Processing (trigger: interval[0:00:10], next run at: 2026-05-01 10:16:34 UTC)" executed successfully
2026-05-01 15:46:34 [INFO] apscheduler.executors.default: Running job "Garden AI Processing (trigger: interval[0:00:10], next run at: 2026-05-01 10:16:44 UTC)" (scheduled at 2026-05-01 10:16:34.723931+00:00)
2026-05-01 15:46:34 [INFO] garden_cron: [2026-05-01 15:46:34] Cronjob triggered
2026-05-01 15:46:34 [INFO] services.garden_processor: No garden updates with status='Ready to Process' found.
2026-05-01 15:46:34 [INFO] garden_cron: Cronjob complete — 0 garden(s) processed.
2026-05-01 15:46:34 [INFO] apscheduler.executors.default: Job "Garden AI Processing (trigger: interval[0:00:10], next run at: 2026-05-01 10:16:44 UTC)" executed successfully
2026-05-01 15:46:44 [INFO] apscheduler.executors.default: Running job "Garden AI Processing (trigger: interval[0:00:10], next run at: 2026-05-01 10:16:54 UTC)" (scheduled at 2026-05-01 10:16:44.723931+00:00)
2026-05-01 15:46:44 [INFO] garden_cron: [2026-05-01 15:46:44] Cronjob triggered
2026-05-01 15:46:44 [INFO] services.garden_processor: No garden updates with status='Ready to Process' found.
2026-05-01 15:46:44 [INFO] garden_cron: Cronjob complete — 0 garden(s) processed.
2026-05-01 15:46:44 [INFO] apscheduler.executors.default: Job "Garden AI Processing (trigger: interval[0:00:10], next run at: 2026-05-01 10:16:54 UTC)" executed successfully
2026-05-01 15:46:54 [INFO] apscheduler.executors.default: Running job "Garden AI Processing (trigger: interval[0:00:10], next run at: 2026-05-01 10:17:04 UTC)" (scheduled at 2026-05-01 10:16:54.723931+00:00)
2026-05-01 15:46:54 [INFO] garden_cron: [2026-05-01 15:46:54] Cronjob triggered
2026-05-01 15:46:54 [INFO] services.garden_processor: No garden updates with status='Ready to Process' found.
2026-05-01 15:46:54 [INFO] garden_cron: Cronjob complete — 0 garden(s) processed.
2026-05-01 15:46:54 [INFO] apscheduler.executors.default: Job "Garden AI Processing (trigger: interval[0:00:10], next run at: 2026-05-01 10:17:04 UTC)" executed successfully
2026-05-01 15:47:04 [INFO] apscheduler.executors.default: Running job "Garden AI Processing (trigger: interval[0:00:10], next run at: 2026-05-01 10:17:14 UTC)" (scheduled at 2026-05-01 10:17:04.723931+00:00)
2026-05-01 15:47:04 [INFO] garden_cron: [2026-05-01 15:47:04] Cronjob triggered
2026-05-01 15:47:04 [INFO] services.garden_processor: No garden updates with status='Ready to Process' found.
2026-05-01 15:47:04 [INFO] garden_cron: Cronjob complete — 0 garden(s) processed.
2026-05-01 15:47:04 [INFO] apscheduler.executors.default: Job "Garden AI Processing (trigger: interval[0:00:10], next run at: 2026-05-01 10:17:14 UTC)" executed successfully
2026-05-01 15:47:14 [INFO] apscheduler.executors.default: Running job "Garden AI Processing (trigger: interval[0:00:10], next run at: 2026-05-01 10:17:24 UTC)" (scheduled at 2026-05-01 10:17:14.723931+00:00)
2026-05-01 15:47:14 [INFO] garden_cron: [2026-05-01 15:47:14] Cronjob triggered
2026-05-01 15:47:14 [INFO] services.garden_processor: No garden updates with status='Ready to Process' found.
2026-05-01 15:47:14 [INFO] garden_cron: Cronjob complete — 0 garden(s) processed.
2026-05-01 15:47:14 [INFO] apscheduler.executors.default: Job "Garden AI Processing (trigger: interval[0:00:10], next run at: 2026-05-01 10:17:24 UTC)" executed successfully
2026-05-01 15:47:24 [INFO] apscheduler.executors.default: Running job "Garden AI Processing (trigger: interval[0:00:10], next run at: 2026-05-01 10:17:34 UTC)" (scheduled at 2026-05-01 10:17:24.723931+00:00)
2026-05-01 15:47:24 [INFO] garden_cron: [2026-05-01 15:47:24] Cronjob triggered
2026-05-01 15:47:24 [INFO] services.garden_processor: No garden updates with status='Ready to Process' found.
2026-05-01 15:47:24 [INFO] garden_cron: Cronjob complete — 0 garden(s) processed.
2026-05-01 15:47:24 [INFO] apscheduler.executors.default: Job "Garden AI Processing (trigger: interval[0:00:10], next run at: 2026-05-01 10:17:34 UTC)" executed successfully
2026-05-01 15:47:34 [INFO] apscheduler.executors.default: Running job "Garden AI Processing (trigger: interval[0:00:10], next run at: 2026-05-01 10:17:44 UTC)" (scheduled at 2026-05-01 10:17:34.723931+00:00)
2026-05-01 15:47:34 [INFO] garden_cron: [2026-05-01 15:47:34] Cronjob triggered
2026-05-01 15:47:34 [INFO] services.garden_processor: No garden updates with status='Ready to Process' found.
2026-05-01 15:47:34 [INFO] garden_cron: Cronjob complete — 0 garden(s) processed.
2026-05-01 15:47:34 [INFO] apscheduler.executors.default: Job "Garden AI Processing (trigger: interval[0:00:10], next run at: 2026-05-01 10:17:44 UTC)" executed successfully
2026-05-01 15:47:44 [INFO] apscheduler.executors.default: Running job "Garden AI Processing (trigger: interval[0:00:10], next run at: 2026-05-01 10:17:54 UTC)" (scheduled at 2026-05-01 10:17:44.723931+00:00)
2026-05-01 15:47:44 [INFO] garden_cron: [2026-05-01 15:47:44] Cronjob triggered
2026-05-01 15:47:44 [INFO] services.garden_processor: No garden updates with status='Ready to Process' found.
2026-05-01 15:47:44 [INFO] garden_cron: Cronjob complete — 0 garden(s) processed.
2026-05-01 15:47:44 [INFO] apscheduler.executors.default: Job "Garden AI Processing (trigger: interval[0:00:10], next run at: 2026-05-01 10:17:54 UTC)" executed successfully
2026-05-01 15:47:54 [INFO] apscheduler.executors.default: Running job "Garden AI Processing (trigger: interval[0:00:10], next run at: 2026-05-01 10:18:04 UTC)" (scheduled at 2026-05-01 10:17:54.723931+00:00)
2026-05-01 15:47:54 [INFO] garden_cron: [2026-05-01 15:47:54] Cronjob triggered
2026-05-01 15:47:54 [INFO] services.garden_processor: No garden updates with status='Ready to Process' found.
2026-05-01 15:47:54 [INFO] garden_cron: Cronjob complete — 0 garden(s) processed.
2026-05-01 15:47:54 [INFO] apscheduler.executors.default: Job "Garden AI Processing (trigger: interval[0:00:10], next run at: 2026-05-01 10:18:04 UTC)" executed successfully
2026-05-01 15:48:04 [INFO] apscheduler.executors.default: Running job "Garden AI Processing (trigger: interval[0:00:10], next run at: 2026-05-01 10:18:14 UTC)" (scheduled at 2026-05-01 10:18:04.723931+00:00)
2026-05-01 15:48:04 [INFO] garden_cron: [2026-05-01 15:48:04] Cronjob triggered
2026-05-01 15:48:04 [INFO] services.garden_processor: No garden updates with status='Ready to Process' found.
2026-05-01 15:48:04 [INFO] garden_cron: Cronjob complete — 0 garden(s) processed.
2026-05-01 15:48:04 [INFO] apscheduler.executors.default: Job "Garden AI Processing (trigger: interval[0:00:10], next run at: 2026-05-01 10:18:14 UTC)" executed successfully
2026-05-01 15:48:14 [INFO] apscheduler.executors.default: Running job "Garden AI Processing (trigger: interval[0:00:10], next run at: 2026-05-01 10:18:24 UTC)" (scheduled at 2026-05-01 10:18:14.723931+00:00)
2026-05-01 15:48:14 [INFO] garden_cron: [2026-05-01 15:48:14] Cronjob triggered
2026-05-01 15:48:14 [INFO] services.garden_processor: No garden updates with status='Ready to Process' found.
2026-05-01 15:48:14 [INFO] garden_cron: Cronjob complete — 0 garden(s) processed.
2026-05-01 15:48:14 [INFO] apscheduler.executors.default: Job "Garden AI Processing (trigger: interval[0:00:10], next run at: 2026-05-01 10:18:24 UTC)" executed successfully
2026-05-01 15:48:24 [INFO] apscheduler.executors.default: Running job "Garden AI Processing (trigger: interval[0:00:10], next run at: 2026-05-01 10:18:34 UTC)" (scheduled at 2026-05-01 10:18:24.723931+00:00)
2026-05-01 15:48:24 [INFO] garden_cron: [2026-05-01 15:48:24] Cronjob triggered
2026-05-01 15:48:24 [INFO] services.garden_processor: No garden updates with status='Ready to Process' found.
2026-05-01 15:48:24 [INFO] garden_cron: Cronjob complete — 0 garden(s) processed.
2026-05-01 15:48:24 [INFO] apscheduler.executors.default: Job "Garden AI Processing (trigger: interval[0:00:10], next run at: 2026-05-01 10:18:34 UTC)" executed successfully
2026-05-01 15:48:34 [INFO] apscheduler.executors.default: Running job "Garden AI Processing (trigger: interval[0:00:10], next run at: 2026-05-01 10:18:44 UTC)" (scheduled at 2026-05-01 10:18:34.723931+00:00)
2026-05-01 15:48:34 [INFO] garden_cron: [2026-05-01 15:48:34] Cronjob triggered
2026-05-01 15:48:34 [INFO] services.garden_processor: No garden updates with status='Ready to Process' found.
2026-05-01 15:48:34 [INFO] garden_cron: Cronjob complete — 0 garden(s) processed.
2026-05-01 15:48:34 [INFO] apscheduler.executors.default: Job "Garden AI Processing (trigger: interval[0:00:10], next run at: 2026-05-01 10:18:44 UTC)" executed successfully
2026-05-01 15:48:44 [INFO] apscheduler.executors.default: Running job "Garden AI Processing (trigger: interval[0:00:10], next run at: 2026-05-01 10:18:54 UTC)" (scheduled at 2026-05-01 10:18:44.723931+00:00)
2026-05-01 15:48:44 [INFO] garden_cron: [2026-05-01 15:48:44] Cronjob triggered
2026-05-01 15:48:44 [INFO] services.garden_processor: No garden updates with status='Ready to Process' found.
2026-05-01 15:48:44 [INFO] garden_cron: Cronjob complete — 0 garden(s) processed.
2026-05-01 15:48:44 [INFO] apscheduler.executors.default: Job "Garden AI Processing (trigger: interval[0:00:10], next run at: 2026-05-01 10:18:54 UTC)" executed successfully
2026-05-01 15:48:54 [INFO] apscheduler.executors.default: Running job "Garden AI Processing (trigger: interval[0:00:10], next run at: 2026-05-01 10:19:04 UTC)" (scheduled at 2026-05-01 10:18:54.723931+00:00)
2026-05-01 15:48:54 [INFO] garden_cron: [2026-05-01 15:48:54] Cronjob triggered
2026-05-01 15:48:54 [INFO] services.garden_processor: No garden updates with status='Ready to Process' found.
2026-05-01 15:48:54 [INFO] garden_cron: Cronjob complete — 0 garden(s) processed.
2026-05-01 15:48:54 [INFO] apscheduler.executors.default: Job "Garden AI Processing (trigger: interval[0:00:10], next run at: 2026-05-01 10:19:04 UTC)" executed successfully
2026-05-01 15:49:04 [INFO] apscheduler.executors.default: Running job "Garden AI Processing (trigger: interval[0:00:10], next run at: 2026-05-01 10:19:14 UTC)" (scheduled at 2026-05-01 10:19:04.723931+00:00)
2026-05-01 15:49:04 [INFO] garden_cron: [2026-05-01 15:49:04] Cronjob triggered
2026-05-01 15:49:04 [INFO] services.garden_processor: No garden updates with status='Ready to Process' found.
2026-05-01 15:49:04 [INFO] garden_cron: Cronjob complete — 0 garden(s) processed.
2026-05-01 15:49:04 [INFO] apscheduler.executors.default: Job "Garden AI Processing (trigger: interval[0:00:10], next run at: 2026-05-01 10:19:14 UTC)" executed successfully
2026-05-01 15:49:14 [INFO] apscheduler.executors.default: Running job "Garden AI Processing (trigger: interval[0:00:10], next run at: 2026-05-01 10:19:24 UTC)" (scheduled at 2026-05-01 10:19:14.723931+00:00)
2026-05-01 15:49:14 [INFO] garden_cron: [2026-05-01 15:49:14] Cronjob triggered
2026-05-01 15:49:14 [INFO] services.garden_processor: No garden updates with status='Ready to Process' found.
2026-05-01 15:49:14 [INFO] garden_cron: Cronjob complete — 0 garden(s) processed.
2026-05-01 15:49:14 [INFO] apscheduler.executors.default: Job "Garden AI Processing (trigger: interval[0:00:10], next run at: 2026-05-01 10:19:24 UTC)" executed successfully
2026-05-01 15:49:24 [INFO] apscheduler.executors.default: Running job "Garden AI Processing (trigger: interval[0:00:10], next run at: 2026-05-01 10:19:34 UTC)" (scheduled at 2026-05-01 10:19:24.723931+00:00)
2026-05-01 15:49:24 [INFO] garden_cron: [2026-05-01 15:49:24] Cronjob triggered
2026-05-01 15:49:24 [INFO] services.garden_processor: No garden updates with status='Ready to Process' found.
2026-05-01 15:49:24 [INFO] garden_cron: Cronjob complete — 0 garden(s) processed.
2026-05-01 15:49:24 [INFO] apscheduler.executors.default: Job "Garden AI Processing (trigger: interval[0:00:10], next run at: 2026-05-01 10:19:34 UTC)" executed successfully
2026-05-01 15:49:34 [INFO] apscheduler.executors.default: Running job "Garden AI Processing (trigger: interval[0:00:10], next run at: 2026-05-01 10:19:44 UTC)" (scheduled at 2026-05-01 10:19:34.723931+00:00)
2026-05-01 15:49:34 [INFO] garden_cron: [2026-05-01 15:49:34] Cronjob triggered
2026-05-01 15:49:34 [INFO] services.garden_processor: No garden updates with status='Ready to Process' found.
2026-05-01 15:49:34 [INFO] garden_cron: Cronjob complete — 0 garden(s) processed.
2026-05-01 15:49:34 [INFO] apscheduler.executors.default: Job "Garden AI Processing (trigger: interval[0:00:10], next run at: 2026-05-01 10:19:44 UTC)" executed successfully
2026-05-01 15:49:44 [INFO] apscheduler.executors.default: Running job "Garden AI Processing (trigger: interval[0:00:10], next run at: 2026-05-01 10:19:54 UTC)" (scheduled at 2026-05-01 10:19:44.723931+00:00)
2026-05-01 15:49:44 [INFO] garden_cron: [2026-05-01 15:49:44] Cronjob triggered
2026-05-01 15:49:44 [INFO] services.garden_processor: No garden updates with status='Ready to Process' found.
2026-05-01 15:49:44 [INFO] garden_cron: Cronjob complete — 0 garden(s) processed.
2026-05-01 15:49:44 [INFO] apscheduler.executors.default: Job "Garden AI Processing (trigger: interval[0:00:10], next run at: 2026-05-01 10:19:54 UTC)" executed successfully
2026-05-01 15:49:54 [INFO] apscheduler.executors.default: Running job "Garden AI Processing (trigger: interval[0:00:10], next run at: 2026-05-01 10:20:04 UTC)" (scheduled at 2026-05-01 10:19:54.723931+00:00)
2026-05-01 15:49:54 [INFO] garden_cron: [2026-05-01 15:49:54] Cronjob triggered
2026-05-01 15:49:54 [INFO] services.garden_processor: No garden updates with status='Ready to Process' found.
2026-05-01 15:49:54 [INFO] garden_cron: Cronjob complete — 0 garden(s) processed.
2026-05-01 15:49:54 [INFO] apscheduler.executors.default: Job "Garden AI Processing (trigger: interval[0:00:10], next run at: 2026-05-01 10:20:04 UTC)" executed successfully
2026-05-01 15:50:04 [INFO] apscheduler.executors.default: Running job "Garden AI Processing (trigger: interval[0:00:10], next run at: 2026-05-01 10:20:14 UTC)" (scheduled at 2026-05-01 10:20:04.723931+00:00)
2026-05-01 15:50:04 [INFO] garden_cron: [2026-05-01 15:50:04] Cronjob triggered
2026-05-01 15:50:04 [INFO] services.garden_processor: No garden updates with status='Ready to Process' found.
2026-05-01 15:50:04 [INFO] garden_cron: Cronjob complete — 0 garden(s) processed.
2026-05-01 15:50:04 [INFO] apscheduler.executors.default: Job "Garden AI Processing (trigger: interval[0:00:10], next run at: 2026-05-01 10:20:14 UTC)" executed successfully
2026-05-01 15:50:14 [INFO] apscheduler.executors.default: Running job "Garden AI Processing (trigger: interval[0:00:10], next run at: 2026-05-01 10:20:24 UTC)" (scheduled at 2026-05-01 10:20:14.723931+00:00)
2026-05-01 15:50:14 [INFO] garden_cron: [2026-05-01 15:50:14] Cronjob triggered
2026-05-01 15:50:14 [INFO] services.garden_processor: No garden updates with status='Ready to Process' found.
2026-05-01 15:50:14 [INFO] garden_cron: Cronjob complete — 0 garden(s) processed.
2026-05-01 15:50:14 [INFO] apscheduler.executors.default: Job "Garden AI Processing (trigger: interval[0:00:10], next run at: 2026-05-01 10:20:24 UTC)" executed successfully
2026-05-01 15:50:24 [INFO] apscheduler.executors.default: Running job "Garden AI Processing (trigger: interval[0:00:10], next run at: 2026-05-01 10:20:34 UTC)" (scheduled at 2026-05-01 10:20:24.723931+00:00)
2026-05-01 15:50:24 [INFO] garden_cron: [2026-05-01 15:50:24] Cronjob triggered
2026-05-01 15:50:24 [INFO] services.garden_processor: No garden updates with status='Ready to Process' found.
2026-05-01 15:50:24 [INFO] garden_cron: Cronjob complete — 0 garden(s) processed.
2026-05-01 15:50:24 [INFO] apscheduler.executors.default: Job "Garden AI Processing (trigger: interval[0:00:10], next run at: 2026-05-01 10:20:34 UTC)" executed successfully
2026-05-01 15:50:34 [INFO] apscheduler.executors.default: Running job "Garden AI Processing (trigger: interval[0:00:10], next run at: 2026-05-01 10:20:44 UTC)" (scheduled at 2026-05-01 10:20:34.723931+00:00)
2026-05-01 15:50:34 [INFO] garden_cron: [2026-05-01 15:50:34] Cronjob triggered
2026-05-01 15:50:34 [INFO] services.garden_processor: No garden updates with status='Ready to Process' found.
2026-05-01 15:50:34 [INFO] garden_cron: Cronjob complete — 0 garden(s) processed.
2026-05-01 15:50:34 [INFO] apscheduler.executors.default: Job "Garden AI Processing (trigger: interval[0:00:10], next run at: 2026-05-01 10:20:44 UTC)" executed successfully
2026-05-01 15:50:44 [INFO] apscheduler.executors.default: Running job "Garden AI Processing (trigger: interval[0:00:10], next run at: 2026-05-01 10:20:54 UTC)" (scheduled at 2026-05-01 10:20:44.723931+00:00)
2026-05-01 15:50:44 [INFO] garden_cron: [2026-05-01 15:50:44] Cronjob triggered
2026-05-01 15:50:44 [INFO] services.garden_processor: No garden updates with status='Ready to Process' found.
2026-05-01 15:50:44 [INFO] garden_cron: Cronjob complete — 0 garden(s) processed.
2026-05-01 15:50:44 [INFO] apscheduler.executors.default: Job "Garden AI Processing (trigger: interval[0:00:10], next run at: 2026-05-01 10:20:54 UTC)" executed successfully
2026-05-01 15:50:54 [INFO] apscheduler.executors.default: Running job "Garden AI Processing (trigger: interval[0:00:10], next run at: 2026-05-01 10:21:04 UTC)" (scheduled at 2026-05-01 10:20:54.723931+00:00)
2026-05-01 15:50:54 [INFO] garden_cron: [2026-05-01 15:50:54] Cronjob triggered
2026-05-01 15:50:54 [INFO] services.garden_processor: No garden updates with status='Ready to Process' found.
2026-05-01 15:50:54 [INFO] garden_cron: Cronjob complete — 0 garden(s) processed.
2026-05-01 15:50:54 [INFO] apscheduler.executors.default: Job "Garden AI Processing (trigger: interval[0:00:10], next run at: 2026-05-01 10:21:04 UTC)" executed successfully
2026-05-01 15:51:04 [INFO] apscheduler.executors.default: Running job "Garden AI Processing (trigger: interval[0:00:10], next run at: 2026-05-01 10:21:14 UTC)" (scheduled at 2026-05-01 10:21:04.723931+00:00)
2026-05-01 15:51:04 [INFO] garden_cron: [2026-05-01 15:51:04] Cronjob triggered
2026-05-01 15:51:04 [INFO] services.garden_processor: No garden updates with status='Ready to Process' found.
2026-05-01 15:51:04 [INFO] garden_cron: Cronjob complete — 0 garden(s) processed.
2026-05-01 15:51:04 [INFO] apscheduler.executors.default: Job "Garden AI Processing (trigger: interval[0:00:10], next run at: 2026-05-01 10:21:14 UTC)" executed successfully
2026-05-01 15:51:14 [INFO] apscheduler.executors.default: Running job "Garden AI Processing (trigger: interval[0:00:10], next run at: 2026-05-01 10:21:24 UTC)" (scheduled at 2026-05-01 10:21:14.723931+00:00)
2026-05-01 15:51:14 [INFO] garden_cron: [2026-05-01 15:51:14] Cronjob triggered
2026-05-01 15:51:14 [INFO] services.garden_processor: No garden updates with status='Ready to Process' found.
2026-05-01 15:51:14 [INFO] garden_cron: Cronjob complete — 0 garden(s) processed.
2026-05-01 15:51:14 [INFO] apscheduler.executors.default: Job "Garden AI Processing (trigger: interval[0:00:10], next run at: 2026-05-01 10:21:24 UTC)" executed successfully
2026-05-01 15:51:24 [INFO] apscheduler.executors.default: Running job "Garden AI Processing (trigger: interval[0:00:10], next run at: 2026-05-01 10:21:34 UTC)" (scheduled at 2026-05-01 10:21:24.723931+00:00)
2026-05-01 15:51:24 [INFO] garden_cron: [2026-05-01 15:51:24] Cronjob triggered
2026-05-01 15:51:24 [INFO] services.garden_processor: No garden updates with status='Ready to Process' found.
2026-05-01 15:51:24 [INFO] garden_cron: Cronjob complete — 0 garden(s) processed.
2026-05-01 15:51:24 [INFO] apscheduler.executors.default: Job "Garden AI Processing (trigger: interval[0:00:10], next run at: 2026-05-01 10:21:34 UTC)" executed successfully
2026-05-01 15:51:34 [INFO] apscheduler.executors.default: Running job "Garden AI Processing (trigger: interval[0:00:10], next run at: 2026-05-01 10:21:44 UTC)" (scheduled at 2026-05-01 10:21:34.723931+00:00)
2026-05-01 15:51:34 [INFO] garden_cron: [2026-05-01 15:51:34] Cronjob triggered
2026-05-01 15:51:34 [INFO] services.garden_processor: No garden updates with status='Ready to Process' found.
2026-05-01 15:51:34 [INFO] garden_cron: Cronjob complete — 0 garden(s) processed.
2026-05-01 15:51:34 [INFO] apscheduler.executors.default: Job "Garden AI Processing (trigger: interval[0:00:10], next run at: 2026-05-01 10:21:44 UTC)" executed successfully
2026-05-01 15:51:44 [INFO] apscheduler.executors.default: Running job "Garden AI Processing (trigger: interval[0:00:10], next run at: 2026-05-01 10:21:54 UTC)" (scheduled at 2026-05-01 10:21:44.723931+00:00)
2026-05-01 15:51:44 [INFO] garden_cron: [2026-05-01 15:51:44] Cronjob triggered
2026-05-01 15:51:44 [INFO] services.garden_processor: No garden updates with status='Ready to Process' found.
2026-05-01 15:51:44 [INFO] garden_cron: Cronjob complete — 0 garden(s) processed.
2026-05-01 15:51:44 [INFO] apscheduler.executors.default: Job "Garden AI Processing (trigger: interval[0:00:10], next run at: 2026-05-01 10:21:54 UTC)" executed successfully
2026-05-01 15:51:54 [INFO] apscheduler.executors.default: Running job "Garden AI Processing (trigger: interval[0:00:10], next run at: 2026-05-01 10:22:04 UTC)" (scheduled at 2026-05-01 10:21:54.723931+00:00)
2026-05-01 15:51:54 [INFO] garden_cron: [2026-05-01 15:51:54] Cronjob triggered
2026-05-01 15:51:54 [INFO] services.garden_processor: No garden updates with status='Ready to Process' found.
2026-05-01 15:51:54 [INFO] garden_cron: Cronjob complete — 0 garden(s) processed.
2026-05-01 15:51:54 [INFO] apscheduler.executors.default: Job "Garden AI Processing (trigger: interval[0:00:10], next run at: 2026-05-01 10:22:04 UTC)" executed successfully
2026-05-01 15:52:04 [INFO] apscheduler.executors.default: Running job "Garden AI Processing (trigger: interval[0:00:10], next run at: 2026-05-01 10:22:14 UTC)" (scheduled at 2026-05-01 10:22:04.723931+00:00)
2026-05-01 15:52:04 [INFO] garden_cron: [2026-05-01 15:52:04] Cronjob triggered
2026-05-01 15:52:04 [INFO] services.garden_processor: No garden updates with status='Ready to Process' found.
2026-05-01 15:52:04 [INFO] garden_cron: Cronjob complete — 0 garden(s) processed.
2026-05-01 15:52:04 [INFO] apscheduler.executors.default: Job "Garden AI Processing (trigger: interval[0:00:10], next run at: 2026-05-01 10:22:14 UTC)" executed successfully
2026-05-01 15:52:14 [INFO] apscheduler.executors.default: Running job "Garden AI Processing (trigger: interval[0:00:10], next run at: 2026-05-01 10:22:24 UTC)" (scheduled at 2026-05-01 10:22:14.723931+00:00)
2026-05-01 15:52:14 [INFO] garden_cron: [2026-05-01 15:52:14] Cronjob triggered
2026-05-01 15:52:14 [INFO] services.garden_processor: No garden updates with status='Ready to Process' found.
2026-05-01 15:52:14 [INFO] garden_cron: Cronjob complete — 0 garden(s) processed.
2026-05-01 15:52:14 [INFO] apscheduler.executors.default: Job "Garden AI Processing (trigger: interval[0:00:10], next run at: 2026-05-01 10:22:24 UTC)" executed successfully
2026-05-01 15:52:24 [INFO] apscheduler.executors.default: Running job "Garden AI Processing (trigger: interval[0:00:10], next run at: 2026-05-01 10:22:34 UTC)" (scheduled at 2026-05-01 10:22:24.723931+00:00)
2026-05-01 15:52:24 [INFO] garden_cron: [2026-05-01 15:52:24] Cronjob triggered
2026-05-01 15:52:24 [INFO] services.garden_processor: No garden updates with status='Ready to Process' found.
2026-05-01 15:52:24 [INFO] garden_cron: Cronjob complete — 0 garden(s) processed.
2026-05-01 15:52:24 [INFO] apscheduler.executors.default: Job "Garden AI Processing (trigger: interval[0:00:10], next run at: 2026-05-01 10:22:34 UTC)" executed successfully
2026-05-01 15:52:34 [INFO] apscheduler.executors.default: Running job "Garden AI Processing (trigger: interval[0:00:10], next run at: 2026-05-01 10:22:44 UTC)" (scheduled at 2026-05-01 10:22:34.723931+00:00)
2026-05-01 15:52:34 [INFO] garden_cron: [2026-05-01 15:52:34] Cronjob triggered
2026-05-01 15:52:34 [INFO] services.garden_processor: No garden updates with status='Ready to Process' found.
2026-05-01 15:52:34 [INFO] garden_cron: Cronjob complete — 0 garden(s) processed.
2026-05-01 15:52:34 [INFO] apscheduler.executors.default: Job "Garden AI Processing (trigger: interval[0:00:10], next run at: 2026-05-01 10:22:44 UTC)" executed successfully
2026-05-01 15:52:44 [INFO] apscheduler.executors.default: Running job "Garden AI Processing (trigger: interval[0:00:10], next run at: 2026-05-01 10:22:54 UTC)" (scheduled at 2026-05-01 10:22:44.723931+00:00)
2026-05-01 15:52:44 [INFO] garden_cron: [2026-05-01 15:52:44] Cronjob triggered
2026-05-01 15:52:44 [INFO] services.garden_processor: No garden updates with status='Ready to Process' found.
2026-05-01 15:52:44 [INFO] garden_cron: Cronjob complete — 0 garden(s) processed.
2026-05-01 15:52:44 [INFO] apscheduler.executors.default: Job "Garden AI Processing (trigger: interval[0:00:10], next run at: 2026-05-01 10:22:54 UTC)" executed successfully
2026-05-01 15:52:54 [INFO] apscheduler.executors.default: Running job "Garden AI Processing (trigger: interval[0:00:10], next run at: 2026-05-01 10:23:04 UTC)" (scheduled at 2026-05-01 10:22:54.723931+00:00)
2026-05-01 15:52:54 [INFO] garden_cron: [2026-05-01 15:52:54] Cronjob triggered
2026-05-01 15:52:54 [INFO] services.garden_processor: No garden updates with status='Ready to Process' found.
2026-05-01 15:52:54 [INFO] garden_cron: Cronjob complete — 0 garden(s) processed.
2026-05-01 15:52:54 [INFO] apscheduler.executors.default: Job "Garden AI Processing (trigger: interval[0:00:10], next run at: 2026-05-01 10:23:04 UTC)" executed successfully
2026-05-01 15:53:04 [INFO] apscheduler.executors.default: Running job "Garden AI Processing (trigger: interval[0:00:10], next run at: 2026-05-01 10:23:14 UTC)" (scheduled at 2026-05-01 10:23:04.723931+00:00)
2026-05-01 15:53:04 [INFO] garden_cron: [2026-05-01 15:53:04] Cronjob triggered
2026-05-01 15:53:04 [INFO] services.garden_processor: No garden updates with status='Ready to Process' found.
2026-05-01 15:53:04 [INFO] garden_cron: Cronjob complete — 0 garden(s) processed.
2026-05-01 15:53:04 [INFO] apscheduler.executors.default: Job "Garden AI Processing (trigger: interval[0:00:10], next run at: 2026-05-01 10:23:14 UTC)" executed successfully
2026-05-01 15:53:14 [INFO] apscheduler.executors.default: Running job "Garden AI Processing (trigger: interval[0:00:10], next run at: 2026-05-01 10:23:24 UTC)" (scheduled at 2026-05-01 10:23:14.723931+00:00)
2026-05-01 15:53:14 [INFO] garden_cron: [2026-05-01 15:53:14] Cronjob triggered
2026-05-01 15:53:14 [INFO] services.garden_processor: No garden updates with status='Ready to Process' found.
2026-05-01 15:53:14 [INFO] garden_cron: Cronjob complete — 0 garden(s) processed.
2026-05-01 15:53:14 [INFO] apscheduler.executors.default: Job "Garden AI Processing (trigger: interval[0:00:10], next run at: 2026-05-01 10:23:24 UTC)" executed successfully
2026-05-01 15:53:24 [INFO] apscheduler.executors.default: Running job "Garden AI Processing (trigger: interval[0:00:10], next run at: 2026-05-01 10:23:34 UTC)" (scheduled at 2026-05-01 10:23:24.723931+00:00)
2026-05-01 15:53:24 [INFO] garden_cron: [2026-05-01 15:53:24] Cronjob triggered
2026-05-01 15:53:24 [INFO] services.garden_processor: No garden updates with status='Ready to Process' found.
2026-05-01 15:53:24 [INFO] garden_cron: Cronjob complete — 0 garden(s) processed.
2026-05-01 15:53:24 [INFO] apscheduler.executors.default: Job "Garden AI Processing (trigger: interval[0:00:10], next run at: 2026-05-01 10:23:34 UTC)" executed successfully
2026-05-01 15:53:34 [INFO] apscheduler.executors.default: Running job "Garden AI Processing (trigger: interval[0:00:10], next run at: 2026-05-01 10:23:44 UTC)" (scheduled at 2026-05-01 10:23:34.723931+00:00)
2026-05-01 15:53:34 [INFO] garden_cron: [2026-05-01 15:53:34] Cronjob triggered
2026-05-01 15:53:34 [INFO] services.garden_processor: No garden updates with status='Ready to Process' found.
2026-05-01 15:53:34 [INFO] garden_cron: Cronjob complete — 0 garden(s) processed.
2026-05-01 15:53:34 [INFO] apscheduler.executors.default: Job "Garden AI Processing (trigger: interval[0:00:10], next run at: 2026-05-01 10:23:44 UTC)" executed successfully
2026-05-01 15:53:44 [INFO] apscheduler.executors.default: Running job "Garden AI Processing (trigger: interval[0:00:10], next run at: 2026-05-01 10:23:54 UTC)" (scheduled at 2026-05-01 10:23:44.723931+00:00)
2026-05-01 15:53:44 [INFO] garden_cron: [2026-05-01 15:53:44] Cronjob triggered
2026-05-01 15:53:44 [INFO] services.garden_processor: No garden updates with status='Ready to Process' found.
2026-05-01 15:53:44 [INFO] garden_cron: Cronjob complete — 0 garden(s) processed.
2026-05-01 15:53:44 [INFO] apscheduler.executors.default: Job "Garden AI Processing (trigger: interval[0:00:10], next run at: 2026-05-01 10:23:54 UTC)" executed successfully
2026-05-01 15:53:54 [INFO] apscheduler.executors.default: Running job "Garden AI Processing (trigger: interval[0:00:10], next run at: 2026-05-01 10:24:04 UTC)" (scheduled at 2026-05-01 10:23:54.723931+00:00)
2026-05-01 15:53:54 [INFO] garden_cron: [2026-05-01 15:53:54] Cronjob triggered
2026-05-01 15:53:54 [INFO] services.garden_processor: No garden updates with status='Ready to Process' found.
2026-05-01 15:53:54 [INFO] garden_cron: Cronjob complete — 0 garden(s) processed.
2026-05-01 15:53:54 [INFO] apscheduler.executors.default: Job "Garden AI Processing (trigger: interval[0:00:10], next run at: 2026-05-01 10:24:04 UTC)" executed successfully
2026-05-01 15:54:04 [INFO] apscheduler.executors.default: Running job "Garden AI Processing (trigger: interval[0:00:10], next run at: 2026-05-01 10:24:14 UTC)" (scheduled at 2026-05-01 10:24:04.723931+00:00)
2026-05-01 15:54:04 [INFO] garden_cron: [2026-05-01 15:54:04] Cronjob triggered
2026-05-01 15:54:04 [INFO] services.garden_processor: No garden updates with status='Ready to Process' found.
2026-05-01 15:54:04 [INFO] garden_cron: Cronjob complete — 0 garden(s) processed.
2026-05-01 15:54:04 [INFO] apscheduler.executors.default: Job "Garden AI Processing (trigger: interval[0:00:10], next run at: 2026-05-01 10:24:14 UTC)" executed successfully
2026-05-01 15:54:14 [INFO] apscheduler.executors.default: Running job "Garden AI Processing (trigger: interval[0:00:10], next run at: 2026-05-01 10:24:24 UTC)" (scheduled at 2026-05-01 10:24:14.723931+00:00)
2026-05-01 15:54:14 [INFO] garden_cron: [2026-05-01 15:54:14] Cronjob triggered
2026-05-01 15:54:14 [INFO] services.garden_processor: No garden updates with status='Ready to Process' found.
2026-05-01 15:54:14 [INFO] garden_cron: Cronjob complete — 0 garden(s) processed.
2026-05-01 15:54:14 [INFO] apscheduler.executors.default: Job "Garden AI Processing (trigger: interval[0:00:10], next run at: 2026-05-01 10:24:24 UTC)" executed successfully
2026-05-01 15:54:24 [INFO] apscheduler.executors.default: Running job "Garden AI Processing (trigger: interval[0:00:10], next run at: 2026-05-01 10:24:34 UTC)" (scheduled at 2026-05-01 10:24:24.723931+00:00)
2026-05-01 15:54:24 [INFO] garden_cron: [2026-05-01 15:54:24] Cronjob triggered
2026-05-01 15:54:24 [INFO] services.garden_processor: No garden updates with status='Ready to Process' found.
2026-05-01 15:54:24 [INFO] garden_cron: Cronjob complete — 0 garden(s) processed.
2026-05-01 15:54:24 [INFO] apscheduler.executors.default: Job "Garden AI Processing (trigger: interval[0:00:10], next run at: 2026-05-01 10:24:34 UTC)" executed successfully
2026-05-01 15:54:34 [INFO] apscheduler.executors.default: Running job "Garden AI Processing (trigger: interval[0:00:10], next run at: 2026-05-01 10:24:44 UTC)" (scheduled at 2026-05-01 10:24:34.723931+00:00)
2026-05-01 15:54:34 [INFO] garden_cron: [2026-05-01 15:54:34] Cronjob triggered
2026-05-01 15:54:34 [INFO] services.garden_processor: No garden updates with status='Ready to Process' found.
2026-05-01 15:54:34 [INFO] garden_cron: Cronjob complete — 0 garden(s) processed.
2026-05-01 15:54:34 [INFO] apscheduler.executors.default: Job "Garden AI Processing (trigger: interval[0:00:10], next run at: 2026-05-01 10:24:44 UTC)" executed successfully
2026-05-01 15:54:44 [INFO] apscheduler.executors.default: Running job "Garden AI Processing (trigger: interval[0:00:10], next run at: 2026-05-01 10:24:54 UTC)" (scheduled at 2026-05-01 10:24:44.723931+00:00)
2026-05-01 15:54:44 [INFO] garden_cron: [2026-05-01 15:54:44] Cronjob triggered
2026-05-01 15:54:44 [INFO] services.garden_processor: No garden updates with status='Ready to Process' found.
2026-05-01 15:54:44 [INFO] garden_cron: Cronjob complete — 0 garden(s) processed.
2026-05-01 15:54:44 [INFO] apscheduler.executors.default: Job "Garden AI Processing (trigger: interval[0:00:10], next run at: 2026-05-01 10:24:54 UTC)" executed successfully
2026-05-01 15:54:54 [INFO] apscheduler.executors.default: Running job "Garden AI Processing (trigger: interval[0:00:10], next run at: 2026-05-01 10:25:04 UTC)" (scheduled at 2026-05-01 10:24:54.723931+00:00)
2026-05-01 15:54:54 [INFO] garden_cron: [2026-05-01 15:54:54] Cronjob triggered
2026-05-01 15:54:54 [INFO] services.garden_processor: No garden updates with status='Ready to Process' found.
2026-05-01 15:54:54 [INFO] garden_cron: Cronjob complete — 0 garden(s) processed.
2026-05-01 15:54:54 [INFO] apscheduler.executors.default: Job "Garden AI Processing (trigger: interval[0:00:10], next run at: 2026-05-01 10:25:04 UTC)" executed successfully
2026-05-01 15:55:04 [INFO] apscheduler.executors.default: Running job "Garden AI Processing (trigger: interval[0:00:10], next run at: 2026-05-01 10:25:14 UTC)" (scheduled at 2026-05-01 10:25:04.723931+00:00)
2026-05-01 15:55:04 [INFO] garden_cron: [2026-05-01 15:55:04] Cronjob triggered
2026-05-01 15:55:04 [INFO] services.garden_processor: No garden updates with status='Ready to Process' found.
2026-05-01 15:55:04 [INFO] garden_cron: Cronjob complete — 0 garden(s) processed.
2026-05-01 15:55:04 [INFO] apscheduler.executors.default: Job "Garden AI Processing (trigger: interval[0:00:10], next run at: 2026-05-01 10:25:14 UTC)" executed successfully
2026-05-01 15:55:14 [INFO] apscheduler.executors.default: Running job "Garden AI Processing (trigger: interval[0:00:10], next run at: 2026-05-01 10:25:24 UTC)" (scheduled at 2026-05-01 10:25:14.723931+00:00)
2026-05-01 15:55:14 [INFO] garden_cron: [2026-05-01 15:55:14] Cronjob triggered
2026-05-01 15:55:14 [INFO] services.garden_processor: No garden updates with status='Ready to Process' found.
2026-05-01 15:55:14 [INFO] garden_cron: Cronjob complete — 0 garden(s) processed.
2026-05-01 15:55:14 [INFO] apscheduler.executors.default: Job "Garden AI Processing (trigger: interval[0:00:10], next run at: 2026-05-01 10:25:24 UTC)" executed successfully
2026-05-01 15:55:24 [INFO] apscheduler.executors.default: Running job "Garden AI Processing (trigger: interval[0:00:10], next run at: 2026-05-01 10:25:34 UTC)" (scheduled at 2026-05-01 10:25:24.723931+00:00)
2026-05-01 15:55:24 [INFO] garden_cron: [2026-05-01 15:55:24] Cronjob triggered
2026-05-01 15:55:24 [INFO] services.garden_processor: No garden updates with status='Ready to Process' found.
2026-05-01 15:55:24 [INFO] garden_cron: Cronjob complete — 0 garden(s) processed.
2026-05-01 15:55:24 [INFO] apscheduler.executors.default: Job "Garden AI Processing (trigger: interval[0:00:10], next run at: 2026-05-01 10:25:34 UTC)" executed successfully
2026-05-01 15:55:34 [INFO] apscheduler.executors.default: Running job "Garden AI Processing (trigger: interval[0:00:10], next run at: 2026-05-01 10:25:44 UTC)" (scheduled at 2026-05-01 10:25:34.723931+00:00)
2026-05-01 15:55:34 [INFO] garden_cron: [2026-05-01 15:55:34] Cronjob triggered
2026-05-01 15:55:34 [INFO] services.garden_processor: No garden updates with status='Ready to Process' found.
2026-05-01 15:55:34 [INFO] garden_cron: Cronjob complete — 0 garden(s) processed.
2026-05-01 15:55:34 [INFO] apscheduler.executors.default: Job "Garden AI Processing (trigger: interval[0:00:10], next run at: 2026-05-01 10:25:44 UTC)" executed successfully
2026-05-01 15:55:44 [INFO] apscheduler.executors.default: Running job "Garden AI Processing (trigger: interval[0:00:10], next run at: 2026-05-01 10:25:54 UTC)" (scheduled at 2026-05-01 10:25:44.723931+00:00)
2026-05-01 15:55:44 [INFO] garden_cron: [2026-05-01 15:55:44] Cronjob triggered
2026-05-01 15:55:44 [INFO] services.garden_processor: No garden updates with status='Ready to Process' found.
2026-05-01 15:55:44 [INFO] garden_cron: Cronjob complete — 0 garden(s) processed.
2026-05-01 15:55:44 [INFO] apscheduler.executors.default: Job "Garden AI Processing (trigger: interval[0:00:10], next run at: 2026-05-01 10:25:54 UTC)" executed successfully
2026-05-01 15:55:54 [INFO] apscheduler.executors.default: Running job "Garden AI Processing (trigger: interval[0:00:10], next run at: 2026-05-01 10:26:04 UTC)" (scheduled at 2026-05-01 10:25:54.723931+00:00)
2026-05-01 15:55:54 [INFO] garden_cron: [2026-05-01 15:55:54] Cronjob triggered
2026-05-01 15:55:54 [INFO] services.garden_processor: No garden updates with status='Ready to Process' found.
2026-05-01 15:55:54 [INFO] garden_cron: Cronjob complete — 0 garden(s) processed.
2026-05-01 15:55:54 [INFO] apscheduler.executors.default: Job "Garden AI Processing (trigger: interval[0:00:10], next run at: 2026-05-01 10:26:04 UTC)" executed successfully
2026-05-01 15:56:04 [INFO] apscheduler.executors.default: Running job "Garden AI Processing (trigger: interval[0:00:10], next run at: 2026-05-01 10:26:14 UTC)" (scheduled at 2026-05-01 10:26:04.723931+00:00)
2026-05-01 15:56:04 [INFO] garden_cron: [2026-05-01 15:56:04] Cronjob triggered
2026-05-01 15:56:04 [INFO] services.garden_processor: No garden updates with status='Ready to Process' found.
2026-05-01 15:56:04 [INFO] garden_cron: Cronjob complete — 0 garden(s) processed.
2026-05-01 15:56:04 [INFO] apscheduler.executors.default: Job "Garden AI Processing (trigger: interval[0:00:10], next run at: 2026-05-01 10:26:14 UTC)" executed successfully
2026-05-01 15:56:14 [INFO] apscheduler.executors.default: Running job "Garden AI Processing (trigger: interval[0:00:10], next run at: 2026-05-01 10:26:24 UTC)" (scheduled at 2026-05-01 10:26:14.723931+00:00)
2026-05-01 15:56:14 [INFO] garden_cron: [2026-05-01 15:56:14] Cronjob triggered
2026-05-01 15:56:14 [INFO] services.garden_processor: No garden updates with status='Ready to Process' found.
2026-05-01 15:56:14 [INFO] garden_cron: Cronjob complete — 0 garden(s) processed.
2026-05-01 15:56:14 [INFO] apscheduler.executors.default: Job "Garden AI Processing (trigger: interval[0:00:10], next run at: 2026-05-01 10:26:24 UTC)" executed successfully
2026-05-01 15:56:24 [INFO] apscheduler.executors.default: Running job "Garden AI Processing (trigger: interval[0:00:10], next run at: 2026-05-01 10:26:34 UTC)" (scheduled at 2026-05-01 10:26:24.723931+00:00)
2026-05-01 15:56:24 [INFO] garden_cron: [2026-05-01 15:56:24] Cronjob triggered
2026-05-01 15:56:24 [INFO] services.garden_processor: No garden updates with status='Ready to Process' found.
2026-05-01 15:56:24 [INFO] garden_cron: Cronjob complete — 0 garden(s) processed.
2026-05-01 15:56:24 [INFO] apscheduler.executors.default: Job "Garden AI Processing (trigger: interval[0:00:10], next run at: 2026-05-01 10:26:34 UTC)" executed successfully
2026-05-01 15:56:34 [INFO] apscheduler.executors.default: Running job "Garden AI Processing (trigger: interval[0:00:10], next run at: 2026-05-01 10:26:44 UTC)" (scheduled at 2026-05-01 10:26:34.723931+00:00)
2026-05-01 15:56:34 [INFO] garden_cron: [2026-05-01 15:56:34] Cronjob triggered
2026-05-01 15:56:34 [INFO] services.garden_processor: No garden updates with status='Ready to Process' found.
2026-05-01 15:56:34 [INFO] garden_cron: Cronjob complete — 0 garden(s) processed.
2026-05-01 15:56:34 [INFO] apscheduler.executors.default: Job "Garden AI Processing (trigger: interval[0:00:10], next run at: 2026-05-01 10:26:44 UTC)" executed successfully
2026-05-01 15:56:44 [INFO] apscheduler.executors.default: Running job "Garden AI Processing (trigger: interval[0:00:10], next run at: 2026-05-01 10:26:54 UTC)" (scheduled at 2026-05-01 10:26:44.723931+00:00)
2026-05-01 15:56:44 [INFO] garden_cron: [2026-05-01 15:56:44] Cronjob triggered
2026-05-01 15:56:44 [INFO] services.garden_processor: No garden updates with status='Ready to Process' found.
2026-05-01 15:56:44 [INFO] garden_cron: Cronjob complete — 0 garden(s) processed.
2026-05-01 15:56:44 [INFO] apscheduler.executors.default: Job "Garden AI Processing (trigger: interval[0:00:10], next run at: 2026-05-01 10:26:54 UTC)" executed successfully
2026-05-01 15:56:54 [INFO] apscheduler.executors.default: Running job "Garden AI Processing (trigger: interval[0:00:10], next run at: 2026-05-01 10:27:04 UTC)" (scheduled at 2026-05-01 10:26:54.723931+00:00)
2026-05-01 15:56:54 [INFO] garden_cron: [2026-05-01 15:56:54] Cronjob triggered
2026-05-01 15:56:54 [INFO] services.garden_processor: No garden updates with status='Ready to Process' found.
2026-05-01 15:56:54 [INFO] garden_cron: Cronjob complete — 0 garden(s) processed.
2026-05-01 15:56:54 [INFO] apscheduler.executors.default: Job "Garden AI Processing (trigger: interval[0:00:10], next run at: 2026-05-01 10:27:04 UTC)" executed successfully
2026-05-01 15:57:04 [INFO] apscheduler.executors.default: Running job "Garden AI Processing (trigger: interval[0:00:10], next run at: 2026-05-01 10:27:14 UTC)" (scheduled at 2026-05-01 10:27:04.723931+00:00)
2026-05-01 15:57:04 [INFO] garden_cron: [2026-05-01 15:57:04] Cronjob triggered
2026-05-01 15:57:04 [INFO] services.garden_processor: No garden updates with status='Ready to Process' found.
2026-05-01 15:57:04 [INFO] garden_cron: Cronjob complete — 0 garden(s) processed.
2026-05-01 15:57:04 [INFO] apscheduler.executors.default: Job "Garden AI Processing (trigger: interval[0:00:10], next run at: 2026-05-01 10:27:14 UTC)" executed successfully
2026-05-01 15:57:14 [INFO] apscheduler.executors.default: Running job "Garden AI Processing (trigger: interval[0:00:10], next run at: 2026-05-01 10:27:24 UTC)" (scheduled at 2026-05-01 10:27:14.723931+00:00)
2026-05-01 15:57:14 [INFO] garden_cron: [2026-05-01 15:57:14] Cronjob triggered
2026-05-01 15:57:14 [INFO] services.garden_processor: No garden updates with status='Ready to Process' found.
2026-05-01 15:57:14 [INFO] garden_cron: Cronjob complete — 0 garden(s) processed.
2026-05-01 15:57:14 [INFO] apscheduler.executors.default: Job "Garden AI Processing (trigger: interval[0:00:10], next run at: 2026-05-01 10:27:24 UTC)" executed successfully
2026-05-01 15:57:24 [INFO] apscheduler.executors.default: Running job "Garden AI Processing (trigger: interval[0:00:10], next run at: 2026-05-01 10:27:34 UTC)" (scheduled at 2026-05-01 10:27:24.723931+00:00)
2026-05-01 15:57:24 [INFO] garden_cron: [2026-05-01 15:57:24] Cronjob triggered
2026-05-01 15:57:24 [INFO] services.garden_processor: No garden updates with status='Ready to Process' found.
2026-05-01 15:57:24 [INFO] garden_cron: Cronjob complete — 0 garden(s) processed.
2026-05-01 15:57:24 [INFO] apscheduler.executors.default: Job "Garden AI Processing (trigger: interval[0:00:10], next run at: 2026-05-01 10:27:34 UTC)" executed successfully
2026-05-01 15:57:34 [INFO] apscheduler.executors.default: Running job "Garden AI Processing (trigger: interval[0:00:10], next run at: 2026-05-01 10:27:44 UTC)" (scheduled at 2026-05-01 10:27:34.723931+00:00)
2026-05-01 15:57:34 [INFO] garden_cron: [2026-05-01 15:57:34] Cronjob triggered
2026-05-01 15:57:34 [INFO] services.garden_processor: No garden updates with status='Ready to Process' found.
2026-05-01 15:57:34 [INFO] garden_cron: Cronjob complete — 0 garden(s) processed.
2026-05-01 15:57:34 [INFO] apscheduler.executors.default: Job "Garden AI Processing (trigger: interval[0:00:10], next run at: 2026-05-01 10:27:44 UTC)" executed successfully
2026-05-01 15:57:44 [INFO] apscheduler.executors.default: Running job "Garden AI Processing (trigger: interval[0:00:10], next run at: 2026-05-01 10:27:54 UTC)" (scheduled at 2026-05-01 10:27:44.723931+00:00)
2026-05-01 15:57:44 [INFO] garden_cron: [2026-05-01 15:57:44] Cronjob triggered
2026-05-01 15:57:44 [INFO] services.garden_processor: No garden updates with status='Ready to Process' found.
2026-05-01 15:57:44 [INFO] garden_cron: Cronjob complete — 0 garden(s) processed.
2026-05-01 15:57:44 [INFO] apscheduler.executors.default: Job "Garden AI Processing (trigger: interval[0:00:10], next run at: 2026-05-01 10:27:54 UTC)" executed successfully
2026-05-01 15:57:54 [INFO] apscheduler.executors.default: Running job "Garden AI Processing (trigger: interval[0:00:10], next run at: 2026-05-01 10:28:04 UTC)" (scheduled at 2026-05-01 10:27:54.723931+00:00)
2026-05-01 15:57:54 [INFO] garden_cron: [2026-05-01 15:57:54] Cronjob triggered
2026-05-01 15:57:54 [INFO] services.garden_processor: No garden updates with status='Ready to Process' found.
2026-05-01 15:57:54 [INFO] garden_cron: Cronjob complete — 0 garden(s) processed.
2026-05-01 15:57:54 [INFO] apscheduler.executors.default: Job "Garden AI Processing (trigger: interval[0:00:10], next run at: 2026-05-01 10:28:04 UTC)" executed successfully
2026-05-01 15:58:04 [INFO] apscheduler.executors.default: Running job "Garden AI Processing (trigger: interval[0:00:10], next run at: 2026-05-01 10:28:14 UTC)" (scheduled at 2026-05-01 10:28:04.723931+00:00)
2026-05-01 15:58:04 [INFO] garden_cron: [2026-05-01 15:58:04] Cronjob triggered
2026-05-01 15:58:04 [INFO] services.garden_processor: No garden updates with status='Ready to Process' found.
2026-05-01 15:58:04 [INFO] garden_cron: Cronjob complete — 0 garden(s) processed.
2026-05-01 15:58:04 [INFO] apscheduler.executors.default: Job "Garden AI Processing (trigger: interval[0:00:10], next run at: 2026-05-01 10:28:14 UTC)" executed successfully
2026-05-01 15:58:14 [INFO] apscheduler.executors.default: Running job "Garden AI Processing (trigger: interval[0:00:10], next run at: 2026-05-01 10:28:24 UTC)" (scheduled at 2026-05-01 10:28:14.723931+00:00)
2026-05-01 15:58:14 [INFO] garden_cron: [2026-05-01 15:58:14] Cronjob triggered
2026-05-01 15:58:14 [INFO] services.garden_processor: No garden updates with status='Ready to Process' found.
2026-05-01 15:58:14 [INFO] garden_cron: Cronjob complete — 0 garden(s) processed.
2026-05-01 15:58:14 [INFO] apscheduler.executors.default: Job "Garden AI Processing (trigger: interval[0:00:10], next run at: 2026-05-01 10:28:24 UTC)" executed successfully
2026-05-01 15:58:24 [INFO] apscheduler.executors.default: Running job "Garden AI Processing (trigger: interval[0:00:10], next run at: 2026-05-01 10:28:34 UTC)" (scheduled at 2026-05-01 10:28:24.723931+00:00)
2026-05-01 15:58:24 [INFO] garden_cron: [2026-05-01 15:58:24] Cronjob triggered
2026-05-01 15:58:24 [INFO] services.garden_processor: No garden updates with status='Ready to Process' found.
2026-05-01 15:58:24 [INFO] garden_cron: Cronjob complete — 0 garden(s) processed.
2026-05-01 15:58:24 [INFO] apscheduler.executors.default: Job "Garden AI Processing (trigger: interval[0:00:10], next run at: 2026-05-01 10:28:34 UTC)" executed successfully
2026-05-01 15:58:34 [INFO] apscheduler.executors.default: Running job "Garden AI Processing (trigger: interval[0:00:10], next run at: 2026-05-01 10:28:44 UTC)" (scheduled at 2026-05-01 10:28:34.723931+00:00)
2026-05-01 15:58:34 [INFO] garden_cron: [2026-05-01 15:58:34] Cronjob triggered
2026-05-01 15:58:34 [INFO] services.garden_processor: No garden updates with status='Ready to Process' found.
2026-05-01 15:58:34 [INFO] garden_cron: Cronjob complete — 0 garden(s) processed.
2026-05-01 15:58:34 [INFO] apscheduler.executors.default: Job "Garden AI Processing (trigger: interval[0:00:10], next run at: 2026-05-01 10:28:44 UTC)" executed successfully
2026-05-01 15:58:44 [INFO] apscheduler.executors.default: Running job "Garden AI Processing (trigger: interval[0:00:10], next run at: 2026-05-01 10:28:54 UTC)" (scheduled at 2026-05-01 10:28:44.723931+00:00)
2026-05-01 15:58:44 [INFO] garden_cron: [2026-05-01 15:58:44] Cronjob triggered
2026-05-01 15:58:44 [INFO] services.garden_processor: No garden updates with status='Ready to Process' found.
2026-05-01 15:58:44 [INFO] garden_cron: Cronjob complete — 0 garden(s) processed.
2026-05-01 15:58:44 [INFO] apscheduler.executors.default: Job "Garden AI Processing (trigger: interval[0:00:10], next run at: 2026-05-01 10:28:54 UTC)" executed successfully
2026-05-01 15:58:54 [INFO] apscheduler.executors.default: Running job "Garden AI Processing (trigger: interval[0:00:10], next run at: 2026-05-01 10:29:04 UTC)" (scheduled at 2026-05-01 10:28:54.723931+00:00)
2026-05-01 15:58:54 [INFO] garden_cron: [2026-05-01 15:58:54] Cronjob triggered
2026-05-01 15:58:54 [INFO] services.garden_processor: No garden updates with status='Ready to Process' found.
2026-05-01 15:58:54 [INFO] garden_cron: Cronjob complete — 0 garden(s) processed.
2026-05-01 15:58:54 [INFO] apscheduler.executors.default: Job "Garden AI Processing (trigger: interval[0:00:10], next run at: 2026-05-01 10:29:04 UTC)" executed successfully
2026-05-01 15:59:04 [INFO] apscheduler.executors.default: Running job "Garden AI Processing (trigger: interval[0:00:10], next run at: 2026-05-01 10:29:14 UTC)" (scheduled at 2026-05-01 10:29:04.723931+00:00)
2026-05-01 15:59:04 [INFO] garden_cron: [2026-05-01 15:59:04] Cronjob triggered
2026-05-01 15:59:04 [INFO] services.garden_processor: No garden updates with status='Ready to Process' found.
2026-05-01 15:59:04 [INFO] garden_cron: Cronjob complete — 0 garden(s) processed.
2026-05-01 15:59:04 [INFO] apscheduler.executors.default: Job "Garden AI Processing (trigger: interval[0:00:10], next run at: 2026-05-01 10:29:14 UTC)" executed successfully
2026-05-01 15:59:14 [INFO] apscheduler.executors.default: Running job "Garden AI Processing (trigger: interval[0:00:10], next run at: 2026-05-01 10:29:24 UTC)" (scheduled at 2026-05-01 10:29:14.723931+00:00)
2026-05-01 15:59:14 [INFO] garden_cron: [2026-05-01 15:59:14] Cronjob triggered
2026-05-01 15:59:14 [INFO] services.garden_processor: No garden updates with status='Ready to Process' found.
2026-05-01 15:59:14 [INFO] garden_cron: Cronjob complete — 0 garden(s) processed.
2026-05-01 15:59:14 [INFO] apscheduler.executors.default: Job "Garden AI Processing (trigger: interval[0:00:10], next run at: 2026-05-01 10:29:24 UTC)" executed successfully
2026-05-01 15:59:24 [INFO] apscheduler.executors.default: Running job "Garden AI Processing (trigger: interval[0:00:10], next run at: 2026-05-01 10:29:34 UTC)" (scheduled at 2026-05-01 10:29:24.723931+00:00)
2026-05-01 15:59:24 [INFO] garden_cron: [2026-05-01 15:59:24] Cronjob triggered
2026-05-01 15:59:24 [INFO] services.garden_processor: No garden updates with status='Ready to Process' found.
2026-05-01 15:59:24 [INFO] garden_cron: Cronjob complete — 0 garden(s) processed.
2026-05-01 15:59:24 [INFO] apscheduler.executors.default: Job "Garden AI Processing (trigger: interval[0:00:10], next run at: 2026-05-01 10:29:34 UTC)" executed successfully
2026-05-01 15:59:34 [INFO] apscheduler.executors.default: Running job "Garden AI Processing (trigger: interval[0:00:10], next run at: 2026-05-01 10:29:44 UTC)" (scheduled at 2026-05-01 10:29:34.723931+00:00)
2026-05-01 15:59:34 [INFO] garden_cron: [2026-05-01 15:59:34] Cronjob triggered
2026-05-01 15:59:34 [INFO] services.garden_processor: No garden updates with status='Ready to Process' found.
2026-05-01 15:59:34 [INFO] garden_cron: Cronjob complete — 0 garden(s) processed.
2026-05-01 15:59:34 [INFO] apscheduler.executors.default: Job "Garden AI Processing (trigger: interval[0:00:10], next run at: 2026-05-01 10:29:44 UTC)" executed successfully
2026-05-01 15:59:44 [INFO] apscheduler.executors.default: Running job "Garden AI Processing (trigger: interval[0:00:10], next run at: 2026-05-01 10:29:54 UTC)" (scheduled at 2026-05-01 10:29:44.723931+00:00)
2026-05-01 15:59:44 [INFO] garden_cron: [2026-05-01 15:59:44] Cronjob triggered
2026-05-01 15:59:44 [INFO] services.garden_processor: No garden updates with status='Ready to Process' found.
2026-05-01 15:59:44 [INFO] garden_cron: Cronjob complete — 0 garden(s) processed.
2026-05-01 15:59:44 [INFO] apscheduler.executors.default: Job "Garden AI Processing (trigger: interval[0:00:10], next run at: 2026-05-01 10:29:54 UTC)" executed successfully
2026-05-01 15:59:54 [INFO] apscheduler.executors.default: Running job "Garden AI Processing (trigger: interval[0:00:10], next run at: 2026-05-01 10:30:04 UTC)" (scheduled at 2026-05-01 10:29:54.723931+00:00)
2026-05-01 15:59:54 [INFO] garden_cron: [2026-05-01 15:59:54] Cronjob triggered
2026-05-01 15:59:54 [INFO] services.garden_processor: No garden updates with status='Ready to Process' found.
2026-05-01 15:59:54 [INFO] garden_cron: Cronjob complete — 0 garden(s) processed.
2026-05-01 15:59:54 [INFO] apscheduler.executors.default: Job "Garden AI Processing (trigger: interval[0:00:10], next run at: 2026-05-01 10:30:04 UTC)" executed successfully
2026-05-01 16:00:04 [INFO] apscheduler.executors.default: Running job "Garden AI Processing (trigger: interval[0:00:10], next run at: 2026-05-01 10:30:14 UTC)" (scheduled at 2026-05-01 10:30:04.723931+00:00)
2026-05-01 16:00:04 [INFO] garden_cron: [2026-05-01 16:00:04] Cronjob triggered
2026-05-01 16:00:04 [INFO] services.garden_processor: No garden updates with status='Ready to Process' found.
2026-05-01 16:00:04 [INFO] garden_cron: Cronjob complete — 0 garden(s) processed.
2026-05-01 16:00:04 [INFO] apscheduler.executors.default: Job "Garden AI Processing (trigger: interval[0:00:10], next run at: 2026-05-01 10:30:14 UTC)" executed successfully
2026-05-01 16:00:14 [INFO] apscheduler.executors.default: Running job "Garden AI Processing (trigger: interval[0:00:10], next run at: 2026-05-01 10:30:24 UTC)" (scheduled at 2026-05-01 10:30:14.723931+00:00)
2026-05-01 16:00:14 [INFO] garden_cron: [2026-05-01 16:00:14] Cronjob triggered
2026-05-01 16:00:14 [INFO] services.garden_processor: No garden updates with status='Ready to Process' found.
2026-05-01 16:00:14 [INFO] garden_cron: Cronjob complete — 0 garden(s) processed.
2026-05-01 16:00:14 [INFO] apscheduler.executors.default: Job "Garden AI Processing (trigger: interval[0:00:10], next run at: 2026-05-01 10:30:24 UTC)" executed successfully
2026-05-01 16:00:24 [INFO] apscheduler.executors.default: Running job "Garden AI Processing (trigger: interval[0:00:10], next run at: 2026-05-01 10:30:34 UTC)" (scheduled at 2026-05-01 10:30:24.723931+00:00)
2026-05-01 16:00:24 [INFO] garden_cron: [2026-05-01 16:00:24] Cronjob triggered
2026-05-01 16:00:24 [INFO] services.garden_processor: No garden updates with status='Ready to Process' found.
2026-05-01 16:00:24 [INFO] garden_cron: Cronjob complete — 0 garden(s) processed.
2026-05-01 16:00:24 [INFO] apscheduler.executors.default: Job "Garden AI Processing (trigger: interval[0:00:10], next run at: 2026-05-01 10:30:34 UTC)" executed successfully
2026-05-01 16:00:34 [INFO] apscheduler.executors.default: Running job "Garden AI Processing (trigger: interval[0:00:10], next run at: 2026-05-01 10:30:44 UTC)" (scheduled at 2026-05-01 10:30:34.723931+00:00)
2026-05-01 16:00:34 [INFO] garden_cron: [2026-05-01 16:00:34] Cronjob triggered
2026-05-01 16:00:34 [INFO] services.garden_processor: No garden updates with status='Ready to Process' found.
2026-05-01 16:00:34 [INFO] garden_cron: Cronjob complete — 0 garden(s) processed.
2026-05-01 16:00:34 [INFO] apscheduler.executors.default: Job "Garden AI Processing (trigger: interval[0:00:10], next run at: 2026-05-01 10:30:44 UTC)" executed successfully
2026-05-01 16:00:44 [INFO] apscheduler.executors.default: Running job "Garden AI Processing (trigger: interval[0:00:10], next run at: 2026-05-01 10:30:54 UTC)" (scheduled at 2026-05-01 10:30:44.723931+00:00)
2026-05-01 16:00:44 [INFO] garden_cron: [2026-05-01 16:00:44] Cronjob triggered
2026-05-01 16:00:44 [INFO] services.garden_processor: No garden updates with status='Ready to Process' found.
2026-05-01 16:00:44 [INFO] garden_cron: Cronjob complete — 0 garden(s) processed.
2026-05-01 16:00:44 [INFO] apscheduler.executors.default: Job "Garden AI Processing (trigger: interval[0:00:10], next run at: 2026-05-01 10:30:54 UTC)" executed successfully
2026-05-01 16:00:54 [INFO] apscheduler.executors.default: Running job "Garden AI Processing (trigger: interval[0:00:10], next run at: 2026-05-01 10:31:04 UTC)" (scheduled at 2026-05-01 10:30:54.723931+00:00)
2026-05-01 16:00:54 [INFO] garden_cron: [2026-05-01 16:00:54] Cronjob triggered
2026-05-01 16:00:54 [INFO] services.garden_processor: No garden updates with status='Ready to Process' found.
2026-05-01 16:00:54 [INFO] garden_cron: Cronjob complete — 0 garden(s) processed.
2026-05-01 16:00:54 [INFO] apscheduler.executors.default: Job "Garden AI Processing (trigger: interval[0:00:10], next run at: 2026-05-01 10:31:04 UTC)" executed successfully
2026-05-01 16:01:04 [INFO] apscheduler.executors.default: Running job "Garden AI Processing (trigger: interval[0:00:10], next run at: 2026-05-01 10:31:14 UTC)" (scheduled at 2026-05-01 10:31:04.723931+00:00)
2026-05-01 16:01:04 [INFO] garden_cron: [2026-05-01 16:01:04] Cronjob triggered
2026-05-01 16:01:04 [INFO] services.garden_processor: No garden updates with status='Ready to Process' found.
2026-05-01 16:01:04 [INFO] garden_cron: Cronjob complete — 0 garden(s) processed.
2026-05-01 16:01:04 [INFO] apscheduler.executors.default: Job "Garden AI Processing (trigger: interval[0:00:10], next run at: 2026-05-01 10:31:14 UTC)" executed successfully
2026-05-01 16:01:14 [INFO] apscheduler.executors.default: Running job "Garden AI Processing (trigger: interval[0:00:10], next run at: 2026-05-01 10:31:24 UTC)" (scheduled at 2026-05-01 10:31:14.723931+00:00)
2026-05-01 16:01:14 [INFO] garden_cron: [2026-05-01 16:01:14] Cronjob triggered
2026-05-01 16:01:14 [INFO] services.garden_processor: No garden updates with status='Ready to Process' found.
2026-05-01 16:01:14 [INFO] garden_cron: Cronjob complete — 0 garden(s) processed.
2026-05-01 16:01:14 [INFO] apscheduler.executors.default: Job "Garden AI Processing (trigger: interval[0:00:10], next run at: 2026-05-01 10:31:24 UTC)" executed successfully
2026-05-01 16:01:24 [INFO] apscheduler.executors.default: Running job "Garden AI Processing (trigger: interval[0:00:10], next run at: 2026-05-01 10:31:34 UTC)" (scheduled at 2026-05-01 10:31:24.723931+00:00)
2026-05-01 16:01:24 [INFO] garden_cron: [2026-05-01 16:01:24] Cronjob triggered
2026-05-01 16:01:24 [INFO] services.garden_processor: No garden updates with status='Ready to Process' found.
2026-05-01 16:01:24 [INFO] garden_cron: Cronjob complete — 0 garden(s) processed.
2026-05-01 16:01:24 [INFO] apscheduler.executors.default: Job "Garden AI Processing (trigger: interval[0:00:10], next run at: 2026-05-01 10:31:34 UTC)" executed successfully
2026-05-01 16:01:34 [INFO] apscheduler.executors.default: Running job "Garden AI Processing (trigger: interval[0:00:10], next run at: 2026-05-01 10:31:44 UTC)" (scheduled at 2026-05-01 10:31:34.723931+00:00)
2026-05-01 16:01:34 [INFO] garden_cron: [2026-05-01 16:01:34] Cronjob triggered
2026-05-01 16:01:34 [INFO] services.garden_processor: No garden updates with status='Ready to Process' found.
2026-05-01 16:01:34 [INFO] garden_cron: Cronjob complete — 0 garden(s) processed.
2026-05-01 16:01:34 [INFO] apscheduler.executors.default: Job "Garden AI Processing (trigger: interval[0:00:10], next run at: 2026-05-01 10:31:44 UTC)" executed successfully
2026-05-01 16:01:44 [INFO] apscheduler.executors.default: Running job "Garden AI Processing (trigger: interval[0:00:10], next run at: 2026-05-01 10:31:54 UTC)" (scheduled at 2026-05-01 10:31:44.723931+00:00)
2026-05-01 16:01:44 [INFO] garden_cron: [2026-05-01 16:01:44] Cronjob triggered
2026-05-01 16:01:44 [INFO] services.garden_processor: No garden updates with status='Ready to Process' found.
2026-05-01 16:01:44 [INFO] garden_cron: Cronjob complete — 0 garden(s) processed.
2026-05-01 16:01:44 [INFO] apscheduler.executors.default: Job "Garden AI Processing (trigger: interval[0:00:10], next run at: 2026-05-01 10:31:54 UTC)" executed successfully
2026-05-01 16:01:54 [INFO] apscheduler.executors.default: Running job "Garden AI Processing (trigger: interval[0:00:10], next run at: 2026-05-01 10:32:04 UTC)" (scheduled at 2026-05-01 10:31:54.723931+00:00)
2026-05-01 16:01:54 [INFO] garden_cron: [2026-05-01 16:01:54] Cronjob triggered
2026-05-01 16:01:54 [INFO] services.garden_processor: No garden updates with status='Ready to Process' found.
2026-05-01 16:01:54 [INFO] garden_cron: Cronjob complete — 0 garden(s) processed.
2026-05-01 16:01:54 [INFO] apscheduler.executors.default: Job "Garden AI Processing (trigger: interval[0:00:10], next run at: 2026-05-01 10:32:04 UTC)" executed successfully
2026-05-01 16:02:04 [INFO] apscheduler.executors.default: Running job "Garden AI Processing (trigger: interval[0:00:10], next run at: 2026-05-01 10:32:14 UTC)" (scheduled at 2026-05-01 10:32:04.723931+00:00)
2026-05-01 16:02:04 [INFO] garden_cron: [2026-05-01 16:02:04] Cronjob triggered
2026-05-01 16:02:04 [INFO] services.garden_processor: No garden updates with status='Ready to Process' found.
2026-05-01 16:02:04 [INFO] garden_cron: Cronjob complete — 0 garden(s) processed.
2026-05-01 16:02:04 [INFO] apscheduler.executors.default: Job "Garden AI Processing (trigger: interval[0:00:10], next run at: 2026-05-01 10:32:14 UTC)" executed successfully
2026-05-01 16:02:14 [INFO] apscheduler.executors.default: Running job "Garden AI Processing (trigger: interval[0:00:10], next run at: 2026-05-01 10:32:24 UTC)" (scheduled at 2026-05-01 10:32:14.723931+00:00)
2026-05-01 16:02:14 [INFO] garden_cron: [2026-05-01 16:02:14] Cronjob triggered
2026-05-01 16:02:14 [INFO] services.garden_processor: No garden updates with status='Ready to Process' found.
2026-05-01 16:02:14 [INFO] garden_cron: Cronjob complete — 0 garden(s) processed.
2026-05-01 16:02:14 [INFO] apscheduler.executors.default: Job "Garden AI Processing (trigger: interval[0:00:10], next run at: 2026-05-01 10:32:24 UTC)" executed successfully
2026-05-01 16:02:24 [INFO] apscheduler.executors.default: Running job "Garden AI Processing (trigger: interval[0:00:10], next run at: 2026-05-01 10:32:34 UTC)" (scheduled at 2026-05-01 10:32:24.723931+00:00)
2026-05-01 16:02:24 [INFO] garden_cron: [2026-05-01 16:02:24] Cronjob triggered
2026-05-01 16:02:24 [INFO] services.garden_processor: No garden updates with status='Ready to Process' found.
2026-05-01 16:02:24 [INFO] garden_cron: Cronjob complete — 0 garden(s) processed.
2026-05-01 16:02:24 [INFO] apscheduler.executors.default: Job "Garden AI Processing (trigger: interval[0:00:10], next run at: 2026-05-01 10:32:34 UTC)" executed successfully
2026-05-01 16:02:34 [INFO] apscheduler.executors.default: Running job "Garden AI Processing (trigger: interval[0:00:10], next run at: 2026-05-01 10:32:44 UTC)" (scheduled at 2026-05-01 10:32:34.723931+00:00)
2026-05-01 16:02:34 [INFO] garden_cron: [2026-05-01 16:02:34] Cronjob triggered
2026-05-01 16:02:34 [INFO] services.garden_processor: No garden updates with status='Ready to Process' found.
2026-05-01 16:02:34 [INFO] garden_cron: Cronjob complete — 0 garden(s) processed.
2026-05-01 16:02:34 [INFO] apscheduler.executors.default: Job "Garden AI Processing (trigger: interval[0:00:10], next run at: 2026-05-01 10:32:44 UTC)" executed successfully
2026-05-01 16:02:44 [INFO] apscheduler.executors.default: Running job "Garden AI Processing (trigger: interval[0:00:10], next run at: 2026-05-01 10:32:54 UTC)" (scheduled at 2026-05-01 10:32:44.723931+00:00)
2026-05-01 16:02:44 [INFO] garden_cron: [2026-05-01 16:02:44] Cronjob triggered
2026-05-01 16:02:44 [INFO] services.garden_processor: No garden updates with status='Ready to Process' found.
2026-05-01 16:02:44 [INFO] garden_cron: Cronjob complete — 0 garden(s) processed.
2026-05-01 16:02:44 [INFO] apscheduler.executors.default: Job "Garden AI Processing (trigger: interval[0:00:10], next run at: 2026-05-01 10:32:54 UTC)" executed successfully
2026-05-01 16:02:54 [INFO] apscheduler.executors.default: Running job "Garden AI Processing (trigger: interval[0:00:10], next run at: 2026-05-01 10:33:04 UTC)" (scheduled at 2026-05-01 10:32:54.723931+00:00)
2026-05-01 16:02:54 [INFO] garden_cron: [2026-05-01 16:02:54] Cronjob triggered
2026-05-01 16:02:54 [INFO] services.garden_processor: No garden updates with status='Ready to Process' found.
2026-05-01 16:02:54 [INFO] garden_cron: Cronjob complete — 0 garden(s) processed.
2026-05-01 16:02:54 [INFO] apscheduler.executors.default: Job "Garden AI Processing (trigger: interval[0:00:10], next run at: 2026-05-01 10:33:04 UTC)" executed successfully
2026-05-01 16:03:04 [INFO] apscheduler.executors.default: Running job "Garden AI Processing (trigger: interval[0:00:10], next run at: 2026-05-01 10:33:14 UTC)" (scheduled at 2026-05-01 10:33:04.723931+00:00)
2026-05-01 16:03:04 [INFO] garden_cron: [2026-05-01 16:03:04] Cronjob triggered
2026-05-01 16:03:04 [INFO] services.garden_processor: No garden updates with status='Ready to Process' found.
2026-05-01 16:03:04 [INFO] garden_cron: Cronjob complete — 0 garden(s) processed.
2026-05-01 16:03:04 [INFO] apscheduler.executors.default: Job "Garden AI Processing (trigger: interval[0:00:10], next run at: 2026-05-01 10:33:14 UTC)" executed successfully
2026-05-01 16:03:14 [INFO] apscheduler.executors.default: Running job "Garden AI Processing (trigger: interval[0:00:10], next run at: 2026-05-01 10:33:24 UTC)" (scheduled at 2026-05-01 10:33:14.723931+00:00)
2026-05-01 16:03:14 [INFO] garden_cron: [2026-05-01 16:03:14] Cronjob triggered
2026-05-01 16:03:14 [INFO] services.garden_processor: No garden updates with status='Ready to Process' found.
2026-05-01 16:03:14 [INFO] garden_cron: Cronjob complete — 0 garden(s) processed.
2026-05-01 16:03:14 [INFO] apscheduler.executors.default: Job "Garden AI Processing (trigger: interval[0:00:10], next run at: 2026-05-01 10:33:24 UTC)" executed successfully
2026-05-01 16:03:24 [INFO] apscheduler.executors.default: Running job "Garden AI Processing (trigger: interval[0:00:10], next run at: 2026-05-01 10:33:34 UTC)" (scheduled at 2026-05-01 10:33:24.723931+00:00)
2026-05-01 16:03:24 [INFO] garden_cron: [2026-05-01 16:03:24] Cronjob triggered
2026-05-01 16:03:24 [INFO] services.garden_processor: No garden updates with status='Ready to Process' found.
2026-05-01 16:03:24 [INFO] garden_cron: Cronjob complete — 0 garden(s) processed.
2026-05-01 16:03:24 [INFO] apscheduler.executors.default: Job "Garden AI Processing (trigger: interval[0:00:10], next run at: 2026-05-01 10:33:34 UTC)" executed successfully
2026-05-01 16:03:34 [INFO] apscheduler.executors.default: Running job "Garden AI Processing (trigger: interval[0:00:10], next run at: 2026-05-01 10:33:44 UTC)" (scheduled at 2026-05-01 10:33:34.723931+00:00)
2026-05-01 16:03:34 [INFO] garden_cron: [2026-05-01 16:03:34] Cronjob triggered
2026-05-01 16:03:34 [INFO] services.garden_processor: No garden updates with status='Ready to Process' found.
2026-05-01 16:03:34 [INFO] garden_cron: Cronjob complete — 0 garden(s) processed.
2026-05-01 16:03:34 [INFO] apscheduler.executors.default: Job "Garden AI Processing (trigger: interval[0:00:10], next run at: 2026-05-01 10:33:44 UTC)" executed successfully
2026-05-01 16:03:44 [INFO] apscheduler.executors.default: Running job "Garden AI Processing (trigger: interval[0:00:10], next run at: 2026-05-01 10:33:54 UTC)" (scheduled at 2026-05-01 10:33:44.723931+00:00)
2026-05-01 16:03:44 [INFO] garden_cron: [2026-05-01 16:03:44] Cronjob triggered
2026-05-01 16:03:44 [INFO] services.garden_processor: No garden updates with status='Ready to Process' found.
2026-05-01 16:03:44 [INFO] garden_cron: Cronjob complete — 0 garden(s) processed.
2026-05-01 16:03:44 [INFO] apscheduler.executors.default: Job "Garden AI Processing (trigger: interval[0:00:10], next run at: 2026-05-01 10:33:54 UTC)" executed successfully
2026-05-01 16:03:54 [INFO] apscheduler.executors.default: Running job "Garden AI Processing (trigger: interval[0:00:10], next run at: 2026-05-01 10:34:04 UTC)" (scheduled at 2026-05-01 10:33:54.723931+00:00)
2026-05-01 16:03:54 [INFO] garden_cron: [2026-05-01 16:03:54] Cronjob triggered
2026-05-01 16:03:54 [INFO] services.garden_processor: No garden updates with status='Ready to Process' found.
2026-05-01 16:03:54 [INFO] garden_cron: Cronjob complete — 0 garden(s) processed.
2026-05-01 16:03:54 [INFO] apscheduler.executors.default: Job "Garden AI Processing (trigger: interval[0:00:10], next run at: 2026-05-01 10:34:04 UTC)" executed successfully
2026-05-01 16:04:04 [INFO] apscheduler.executors.default: Running job "Garden AI Processing (trigger: interval[0:00:10], next run at: 2026-05-01 10:34:14 UTC)" (scheduled at 2026-05-01 10:34:04.723931+00:00)
2026-05-01 16:04:04 [INFO] garden_cron: [2026-05-01 16:04:04] Cronjob triggered
2026-05-01 16:04:04 [INFO] services.garden_processor: No garden updates with status='Ready to Process' found.
2026-05-01 16:04:04 [INFO] garden_cron: Cronjob complete — 0 garden(s) processed.
2026-05-01 16:04:04 [INFO] apscheduler.executors.default: Job "Garden AI Processing (trigger: interval[0:00:10], next run at: 2026-05-01 10:34:14 UTC)" executed successfully
2026-05-01 16:04:14 [INFO] apscheduler.executors.default: Running job "Garden AI Processing (trigger: interval[0:00:10], next run at: 2026-05-01 10:34:24 UTC)" (scheduled at 2026-05-01 10:34:14.723931+00:00)
2026-05-01 16:04:14 [INFO] garden_cron: [2026-05-01 16:04:14] Cronjob triggered
2026-05-01 16:04:14 [INFO] services.garden_processor: No garden updates with status='Ready to Process' found.
2026-05-01 16:04:14 [INFO] garden_cron: Cronjob complete — 0 garden(s) processed.
2026-05-01 16:04:14 [INFO] apscheduler.executors.default: Job "Garden AI Processing (trigger: interval[0:00:10], next run at: 2026-05-01 10:34:24 UTC)" executed successfully
2026-05-01 16:04:24 [INFO] apscheduler.executors.default: Running job "Garden AI Processing (trigger: interval[0:00:10], next run at: 2026-05-01 10:34:34 UTC)" (scheduled at 2026-05-01 10:34:24.723931+00:00)
2026-05-01 16:04:24 [INFO] garden_cron: [2026-05-01 16:04:24] Cronjob triggered
2026-05-01 16:04:24 [INFO] services.garden_processor: No garden updates with status='Ready to Process' found.
2026-05-01 16:04:24 [INFO] garden_cron: Cronjob complete — 0 garden(s) processed.
2026-05-01 16:04:24 [INFO] apscheduler.executors.default: Job "Garden AI Processing (trigger: interval[0:00:10], next run at: 2026-05-01 10:34:34 UTC)" executed successfully
2026-05-01 16:04:34 [INFO] apscheduler.executors.default: Running job "Garden AI Processing (trigger: interval[0:00:10], next run at: 2026-05-01 10:34:44 UTC)" (scheduled at 2026-05-01 10:34:34.723931+00:00)
2026-05-01 16:04:34 [INFO] garden_cron: [2026-05-01 16:04:34] Cronjob triggered
2026-05-01 16:04:34 [INFO] services.garden_processor: No garden updates with status='Ready to Process' found.
2026-05-01 16:04:34 [INFO] garden_cron: Cronjob complete — 0 garden(s) processed.
2026-05-01 16:04:34 [INFO] apscheduler.executors.default: Job "Garden AI Processing (trigger: interval[0:00:10], next run at: 2026-05-01 10:34:44 UTC)" executed successfully
2026-05-01 16:04:44 [INFO] apscheduler.executors.default: Running job "Garden AI Processing (trigger: interval[0:00:10], next run at: 2026-05-01 10:34:54 UTC)" (scheduled at 2026-05-01 10:34:44.723931+00:00)
2026-05-01 16:04:44 [INFO] garden_cron: [2026-05-01 16:04:44] Cronjob triggered
2026-05-01 16:04:44 [INFO] services.garden_processor: No garden updates with status='Ready to Process' found.
2026-05-01 16:04:44 [INFO] garden_cron: Cronjob complete — 0 garden(s) processed.
2026-05-01 16:04:44 [INFO] apscheduler.executors.default: Job "Garden AI Processing (trigger: interval[0:00:10], next run at: 2026-05-01 10:34:54 UTC)" executed successfully
2026-05-01 16:04:54 [INFO] apscheduler.executors.default: Running job "Garden AI Processing (trigger: interval[0:00:10], next run at: 2026-05-01 10:35:04 UTC)" (scheduled at 2026-05-01 10:34:54.723931+00:00)
2026-05-01 16:04:54 [INFO] garden_cron: [2026-05-01 16:04:54] Cronjob triggered
2026-05-01 16:04:54 [INFO] services.garden_processor: No garden updates with status='Ready to Process' found.
2026-05-01 16:04:54 [INFO] garden_cron: Cronjob complete — 0 garden(s) processed.
2026-05-01 16:04:54 [INFO] apscheduler.executors.default: Job "Garden AI Processing (trigger: interval[0:00:10], next run at: 2026-05-01 10:35:04 UTC)" executed successfully
2026-05-01 16:05:04 [INFO] apscheduler.executors.default: Running job "Garden AI Processing (trigger: interval[0:00:10], next run at: 2026-05-01 10:35:14 UTC)" (scheduled at 2026-05-01 10:35:04.723931+00:00)
2026-05-01 16:05:04 [INFO] garden_cron: [2026-05-01 16:05:04] Cronjob triggered
2026-05-01 16:05:04 [INFO] services.garden_processor: No garden updates with status='Ready to Process' found.
2026-05-01 16:05:04 [INFO] garden_cron: Cronjob complete — 0 garden(s) processed.
2026-05-01 16:05:04 [INFO] apscheduler.executors.default: Job "Garden AI Processing (trigger: interval[0:00:10], next run at: 2026-05-01 10:35:14 UTC)" executed successfully
2026-05-01 16:05:14 [INFO] apscheduler.executors.default: Running job "Garden AI Processing (trigger: interval[0:00:10], next run at: 2026-05-01 10:35:24 UTC)" (scheduled at 2026-05-01 10:35:14.723931+00:00)
2026-05-01 16:05:14 [INFO] garden_cron: [2026-05-01 16:05:14] Cronjob triggered
2026-05-01 16:05:14 [INFO] services.garden_processor: No garden updates with status='Ready to Process' found.
2026-05-01 16:05:14 [INFO] garden_cron: Cronjob complete — 0 garden(s) processed.
2026-05-01 16:05:14 [INFO] apscheduler.executors.default: Job "Garden AI Processing (trigger: interval[0:00:10], next run at: 2026-05-01 10:35:24 UTC)" executed successfully
2026-05-01 16:05:24 [INFO] apscheduler.executors.default: Running job "Garden AI Processing (trigger: interval[0:00:10], next run at: 2026-05-01 10:35:34 UTC)" (scheduled at 2026-05-01 10:35:24.723931+00:00)
2026-05-01 16:05:24 [INFO] garden_cron: [2026-05-01 16:05:24] Cronjob triggered
2026-05-01 16:05:24 [INFO] services.garden_processor: No garden updates with status='Ready to Process' found.
2026-05-01 16:05:24 [INFO] garden_cron: Cronjob complete — 0 garden(s) processed.
2026-05-01 16:05:24 [INFO] apscheduler.executors.default: Job "Garden AI Processing (trigger: interval[0:00:10], next run at: 2026-05-01 10:35:34 UTC)" executed successfully
2026-05-01 16:05:34 [INFO] apscheduler.executors.default: Running job "Garden AI Processing (trigger: interval[0:00:10], next run at: 2026-05-01 10:35:44 UTC)" (scheduled at 2026-05-01 10:35:34.723931+00:00)
2026-05-01 16:05:34 [INFO] garden_cron: [2026-05-01 16:05:34] Cronjob triggered
2026-05-01 16:05:34 [INFO] services.garden_processor: No garden updates with status='Ready to Process' found.
2026-05-01 16:05:34 [INFO] garden_cron: Cronjob complete — 0 garden(s) processed.
2026-05-01 16:05:34 [INFO] apscheduler.executors.default: Job "Garden AI Processing (trigger: interval[0:00:10], next run at: 2026-05-01 10:35:44 UTC)" executed successfully
2026-05-01 16:05:44 [INFO] apscheduler.executors.default: Running job "Garden AI Processing (trigger: interval[0:00:10], next run at: 2026-05-01 10:35:54 UTC)" (scheduled at 2026-05-01 10:35:44.723931+00:00)
2026-05-01 16:05:44 [INFO] garden_cron: [2026-05-01 16:05:44] Cronjob triggered
2026-05-01 16:05:44 [INFO] services.garden_processor: No garden updates with status='Ready to Process' found.
2026-05-01 16:05:44 [INFO] garden_cron: Cronjob complete — 0 garden(s) processed.
2026-05-01 16:05:44 [INFO] apscheduler.executors.default: Job "Garden AI Processing (trigger: interval[0:00:10], next run at: 2026-05-01 10:35:54 UTC)" executed successfully
2026-05-01 16:05:54 [INFO] apscheduler.executors.default: Running job "Garden AI Processing (trigger: interval[0:00:10], next run at: 2026-05-01 10:36:04 UTC)" (scheduled at 2026-05-01 10:35:54.723931+00:00)
2026-05-01 16:05:54 [INFO] garden_cron: [2026-05-01 16:05:54] Cronjob triggered
2026-05-01 16:05:54 [INFO] services.garden_processor: No garden updates with status='Ready to Process' found.
2026-05-01 16:05:54 [INFO] garden_cron: Cronjob complete — 0 garden(s) processed.
2026-05-01 16:05:54 [INFO] apscheduler.executors.default: Job "Garden AI Processing (trigger: interval[0:00:10], next run at: 2026-05-01 10:36:04 UTC)" executed successfully
2026-05-01 16:06:04 [INFO] apscheduler.executors.default: Running job "Garden AI Processing (trigger: interval[0:00:10], next run at: 2026-05-01 10:36:14 UTC)" (scheduled at 2026-05-01 10:36:04.723931+00:00)
2026-05-01 16:06:04 [INFO] garden_cron: [2026-05-01 16:06:04] Cronjob triggered
2026-05-01 16:06:04 [INFO] services.garden_processor: No garden updates with status='Ready to Process' found.
2026-05-01 16:06:04 [INFO] garden_cron: Cronjob complete — 0 garden(s) processed.
2026-05-01 16:06:04 [INFO] apscheduler.executors.default: Job "Garden AI Processing (trigger: interval[0:00:10], next run at: 2026-05-01 10:36:14 UTC)" executed successfully
2026-05-01 16:06:14 [INFO] apscheduler.executors.default: Running job "Garden AI Processing (trigger: interval[0:00:10], next run at: 2026-05-01 10:36:24 UTC)" (scheduled at 2026-05-01 10:36:14.723931+00:00)
2026-05-01 16:06:14 [INFO] garden_cron: [2026-05-01 16:06:14] Cronjob triggered
2026-05-01 16:06:14 [INFO] services.garden_processor: No garden updates with status='Ready to Process' found.
2026-05-01 16:06:14 [INFO] garden_cron: Cronjob complete — 0 garden(s) processed.
2026-05-01 16:06:14 [INFO] apscheduler.executors.default: Job "Garden AI Processing (trigger: interval[0:00:10], next run at: 2026-05-01 10:36:24 UTC)" executed successfully
2026-05-01 16:06:24 [INFO] apscheduler.executors.default: Running job "Garden AI Processing (trigger: interval[0:00:10], next run at: 2026-05-01 10:36:34 UTC)" (scheduled at 2026-05-01 10:36:24.723931+00:00)
2026-05-01 16:06:24 [INFO] garden_cron: [2026-05-01 16:06:24] Cronjob triggered
2026-05-01 16:06:24 [INFO] services.garden_processor: No garden updates with status='Ready to Process' found.
2026-05-01 16:06:24 [INFO] garden_cron: Cronjob complete — 0 garden(s) processed.
2026-05-01 16:06:24 [INFO] apscheduler.executors.default: Job "Garden AI Processing (trigger: interval[0:00:10], next run at: 2026-05-01 10:36:34 UTC)" executed successfully
2026-05-01 16:06:34 [INFO] apscheduler.executors.default: Running job "Garden AI Processing (trigger: interval[0:00:10], next run at: 2026-05-01 10:36:44 UTC)" (scheduled at 2026-05-01 10:36:34.723931+00:00)
2026-05-01 16:06:34 [INFO] garden_cron: [2026-05-01 16:06:34] Cronjob triggered
2026-05-01 16:06:34 [INFO] services.garden_processor: No garden updates with status='Ready to Process' found.
2026-05-01 16:06:34 [INFO] garden_cron: Cronjob complete — 0 garden(s) processed.
2026-05-01 16:06:34 [INFO] apscheduler.executors.default: Job "Garden AI Processing (trigger: interval[0:00:10], next run at: 2026-05-01 10:36:44 UTC)" executed successfully
2026-05-01 16:06:44 [INFO] apscheduler.executors.default: Running job "Garden AI Processing (trigger: interval[0:00:10], next run at: 2026-05-01 10:36:54 UTC)" (scheduled at 2026-05-01 10:36:44.723931+00:00)
2026-05-01 16:06:44 [INFO] garden_cron: [2026-05-01 16:06:44] Cronjob triggered
2026-05-01 16:06:44 [INFO] services.garden_processor: No garden updates with status='Ready to Process' found.
2026-05-01 16:06:44 [INFO] garden_cron: Cronjob complete — 0 garden(s) processed.
2026-05-01 16:06:44 [INFO] apscheduler.executors.default: Job "Garden AI Processing (trigger: interval[0:00:10], next run at: 2026-05-01 10:36:54 UTC)" executed successfully
2026-05-01 16:06:54 [INFO] apscheduler.executors.default: Running job "Garden AI Processing (trigger: interval[0:00:10], next run at: 2026-05-01 10:37:04 UTC)" (scheduled at 2026-05-01 10:36:54.723931+00:00)
2026-05-01 16:06:54 [INFO] garden_cron: [2026-05-01 16:06:54] Cronjob triggered
2026-05-01 16:06:54 [INFO] services.garden_processor: No garden updates with status='Ready to Process' found.
2026-05-01 16:06:54 [INFO] garden_cron: Cronjob complete — 0 garden(s) processed.
2026-05-01 16:06:54 [INFO] apscheduler.executors.default: Job "Garden AI Processing (trigger: interval[0:00:10], next run at: 2026-05-01 10:37:04 UTC)" executed successfully
2026-05-01 16:07:04 [INFO] apscheduler.executors.default: Running job "Garden AI Processing (trigger: interval[0:00:10], next run at: 2026-05-01 10:37:14 UTC)" (scheduled at 2026-05-01 10:37:04.723931+00:00)
2026-05-01 16:07:04 [INFO] garden_cron: [2026-05-01 16:07:04] Cronjob triggered
2026-05-01 16:07:04 [INFO] services.garden_processor: No garden updates with status='Ready to Process' found.
2026-05-01 16:07:04 [INFO] garden_cron: Cronjob complete — 0 garden(s) processed.
2026-05-01 16:07:04 [INFO] apscheduler.executors.default: Job "Garden AI Processing (trigger: interval[0:00:10], next run at: 2026-05-01 10:37:14 UTC)" executed successfully
2026-05-01 16:07:14 [INFO] apscheduler.executors.default: Running job "Garden AI Processing (trigger: interval[0:00:10], next run at: 2026-05-01 10:37:24 UTC)" (scheduled at 2026-05-01 10:37:14.723931+00:00)
2026-05-01 16:07:14 [INFO] garden_cron: [2026-05-01 16:07:14] Cronjob triggered
2026-05-01 16:07:14 [INFO] services.garden_processor: No garden updates with status='Ready to Process' found.
2026-05-01 16:07:14 [INFO] garden_cron: Cronjob complete — 0 garden(s) processed.
2026-05-01 16:07:14 [INFO] apscheduler.executors.default: Job "Garden AI Processing (trigger: interval[0:00:10], next run at: 2026-05-01 10:37:24 UTC)" executed successfully
2026-05-01 16:07:24 [INFO] apscheduler.executors.default: Running job "Garden AI Processing (trigger: interval[0:00:10], next run at: 2026-05-01 10:37:34 UTC)" (scheduled at 2026-05-01 10:37:24.723931+00:00)
2026-05-01 16:07:24 [INFO] garden_cron: [2026-05-01 16:07:24] Cronjob triggered
2026-05-01 16:07:24 [INFO] services.garden_processor: No garden updates with status='Ready to Process' found.
2026-05-01 16:07:24 [INFO] garden_cron: Cronjob complete — 0 garden(s) processed.
2026-05-01 16:07:24 [INFO] apscheduler.executors.default: Job "Garden AI Processing (trigger: interval[0:00:10], next run at: 2026-05-01 10:37:34 UTC)" executed successfully
2026-05-01 16:07:34 [INFO] apscheduler.executors.default: Running job "Garden AI Processing (trigger: interval[0:00:10], next run at: 2026-05-01 10:37:44 UTC)" (scheduled at 2026-05-01 10:37:34.723931+00:00)
2026-05-01 16:07:34 [INFO] garden_cron: [2026-05-01 16:07:34] Cronjob triggered
2026-05-01 16:07:34 [INFO] services.garden_processor: No garden updates with status='Ready to Process' found.
2026-05-01 16:07:34 [INFO] garden_cron: Cronjob complete — 0 garden(s) processed.
2026-05-01 16:07:34 [INFO] apscheduler.executors.default: Job "Garden AI Processing (trigger: interval[0:00:10], next run at: 2026-05-01 10:37:44 UTC)" executed successfully
2026-05-01 16:07:44 [INFO] apscheduler.executors.default: Running job "Garden AI Processing (trigger: interval[0:00:10], next run at: 2026-05-01 10:37:54 UTC)" (scheduled at 2026-05-01 10:37:44.723931+00:00)
2026-05-01 16:07:44 [INFO] garden_cron: [2026-05-01 16:07:44] Cronjob triggered
2026-05-01 16:07:44 [INFO] services.garden_processor: No garden updates with status='Ready to Process' found.
2026-05-01 16:07:44 [INFO] garden_cron: Cronjob complete — 0 garden(s) processed.
2026-05-01 16:07:44 [INFO] apscheduler.executors.default: Job "Garden AI Processing (trigger: interval[0:00:10], next run at: 2026-05-01 10:37:54 UTC)" executed successfully
2026-05-01 16:07:54 [INFO] apscheduler.executors.default: Running job "Garden AI Processing (trigger: interval[0:00:10], next run at: 2026-05-01 10:38:04 UTC)" (scheduled at 2026-05-01 10:37:54.723931+00:00)
2026-05-01 16:07:54 [INFO] garden_cron: [2026-05-01 16:07:54] Cronjob triggered
2026-05-01 16:07:54 [INFO] services.garden_processor: No garden updates with status='Ready to Process' found.
2026-05-01 16:07:54 [INFO] garden_cron: Cronjob complete — 0 garden(s) processed.
2026-05-01 16:07:54 [INFO] apscheduler.executors.default: Job "Garden AI Processing (trigger: interval[0:00:10], next run at: 2026-05-01 10:38:04 UTC)" executed successfully
2026-05-01 16:08:04 [INFO] apscheduler.executors.default: Running job "Garden AI Processing (trigger: interval[0:00:10], next run at: 2026-05-01 10:38:14 UTC)" (scheduled at 2026-05-01 10:38:04.723931+00:00)
2026-05-01 16:08:04 [INFO] garden_cron: [2026-05-01 16:08:04] Cronjob triggered
2026-05-01 16:08:04 [INFO] services.garden_processor: No garden updates with status='Ready to Process' found.
2026-05-01 16:08:04 [INFO] garden_cron: Cronjob complete — 0 garden(s) processed.
2026-05-01 16:08:04 [INFO] apscheduler.executors.default: Job "Garden AI Processing (trigger: interval[0:00:10], next run at: 2026-05-01 10:38:14 UTC)" executed successfully
2026-05-01 16:08:14 [INFO] apscheduler.executors.default: Running job "Garden AI Processing (trigger: interval[0:00:10], next run at: 2026-05-01 10:38:24 UTC)" (scheduled at 2026-05-01 10:38:14.723931+00:00)
2026-05-01 16:08:14 [INFO] garden_cron: [2026-05-01 16:08:14] Cronjob triggered
2026-05-01 16:08:14 [INFO] services.garden_processor: No garden updates with status='Ready to Process' found.
2026-05-01 16:08:14 [INFO] garden_cron: Cronjob complete — 0 garden(s) processed.
2026-05-01 16:08:14 [INFO] apscheduler.executors.default: Job "Garden AI Processing (trigger: interval[0:00:10], next run at: 2026-05-01 10:38:24 UTC)" executed successfully
2026-05-01 16:08:24 [INFO] apscheduler.executors.default: Running job "Garden AI Processing (trigger: interval[0:00:10], next run at: 2026-05-01 10:38:34 UTC)" (scheduled at 2026-05-01 10:38:24.723931+00:00)
2026-05-01 16:08:24 [INFO] garden_cron: [2026-05-01 16:08:24] Cronjob triggered
2026-05-01 16:08:24 [INFO] services.garden_processor: No garden updates with status='Ready to Process' found.
2026-05-01 16:08:24 [INFO] garden_cron: Cronjob complete — 0 garden(s) processed.
2026-05-01 16:08:24 [INFO] apscheduler.executors.default: Job "Garden AI Processing (trigger: interval[0:00:10], next run at: 2026-05-01 10:38:34 UTC)" executed successfully
2026-05-01 16:08:34 [INFO] apscheduler.executors.default: Running job "Garden AI Processing (trigger: interval[0:00:10], next run at: 2026-05-01 10:38:44 UTC)" (scheduled at 2026-05-01 10:38:34.723931+00:00)
2026-05-01 16:08:34 [INFO] garden_cron: [2026-05-01 16:08:34] Cronjob triggered
2026-05-01 16:08:34 [INFO] services.garden_processor: No garden updates with status='Ready to Process' found.
2026-05-01 16:08:34 [INFO] garden_cron: Cronjob complete — 0 garden(s) processed.
2026-05-01 16:08:34 [INFO] apscheduler.executors.default: Job "Garden AI Processing (trigger: interval[0:00:10], next run at: 2026-05-01 10:38:44 UTC)" executed successfully
2026-05-01 16:08:44 [INFO] apscheduler.executors.default: Running job "Garden AI Processing (trigger: interval[0:00:10], next run at: 2026-05-01 10:38:54 UTC)" (scheduled at 2026-05-01 10:38:44.723931+00:00)
2026-05-01 16:08:44 [INFO] garden_cron: [2026-05-01 16:08:44] Cronjob triggered
2026-05-01 16:08:44 [INFO] services.garden_processor: No garden updates with status='Ready to Process' found.
2026-05-01 16:08:44 [INFO] garden_cron: Cronjob complete — 0 garden(s) processed.
2026-05-01 16:08:44 [INFO] apscheduler.executors.default: Job "Garden AI Processing (trigger: interval[0:00:10], next run at: 2026-05-01 10:38:54 UTC)" executed successfully
2026-05-01 16:08:54 [INFO] apscheduler.executors.default: Running job "Garden AI Processing (trigger: interval[0:00:10], next run at: 2026-05-01 10:39:04 UTC)" (scheduled at 2026-05-01 10:38:54.723931+00:00)
2026-05-01 16:08:54 [INFO] garden_cron: [2026-05-01 16:08:54] Cronjob triggered
2026-05-01 16:08:54 [INFO] services.garden_processor: No garden updates with status='Ready to Process' found.
2026-05-01 16:08:54 [INFO] garden_cron: Cronjob complete — 0 garden(s) processed.
2026-05-01 16:08:54 [INFO] apscheduler.executors.default: Job "Garden AI Processing (trigger: interval[0:00:10], next run at: 2026-05-01 10:39:04 UTC)" executed successfully
2026-05-01 16:09:04 [INFO] apscheduler.executors.default: Running job "Garden AI Processing (trigger: interval[0:00:10], next run at: 2026-05-01 10:39:14 UTC)" (scheduled at 2026-05-01 10:39:04.723931+00:00)
2026-05-01 16:09:04 [INFO] garden_cron: [2026-05-01 16:09:04] Cronjob triggered
2026-05-01 16:09:04 [INFO] services.garden_processor: No garden updates with status='Ready to Process' found.
2026-05-01 16:09:04 [INFO] garden_cron: Cronjob complete — 0 garden(s) processed.
2026-05-01 16:09:04 [INFO] apscheduler.executors.default: Job "Garden AI Processing (trigger: interval[0:00:10], next run at: 2026-05-01 10:39:14 UTC)" executed successfully
2026-05-01 16:09:14 [INFO] apscheduler.executors.default: Running job "Garden AI Processing (trigger: interval[0:00:10], next run at: 2026-05-01 10:39:24 UTC)" (scheduled at 2026-05-01 10:39:14.723931+00:00)
2026-05-01 16:09:14 [INFO] garden_cron: [2026-05-01 16:09:14] Cronjob triggered
2026-05-01 16:09:14 [INFO] services.garden_processor: No garden updates with status='Ready to Process' found.
2026-05-01 16:09:14 [INFO] garden_cron: Cronjob complete — 0 garden(s) processed.
2026-05-01 16:09:14 [INFO] apscheduler.executors.default: Job "Garden AI Processing (trigger: interval[0:00:10], next run at: 2026-05-01 10:39:24 UTC)" executed successfully
2026-05-01 16:09:24 [INFO] apscheduler.executors.default: Running job "Garden AI Processing (trigger: interval[0:00:10], next run at: 2026-05-01 10:39:34 UTC)" (scheduled at 2026-05-01 10:39:24.723931+00:00)
2026-05-01 16:09:24 [INFO] garden_cron: [2026-05-01 16:09:24] Cronjob triggered
2026-05-01 16:09:24 [INFO] services.garden_processor: No garden updates with status='Ready to Process' found.
2026-05-01 16:09:24 [INFO] garden_cron: Cronjob complete — 0 garden(s) processed.
2026-05-01 16:09:24 [INFO] apscheduler.executors.default: Job "Garden AI Processing (trigger: interval[0:00:10], next run at: 2026-05-01 10:39:34 UTC)" executed successfully
2026-05-01 16:09:34 [INFO] apscheduler.executors.default: Running job "Garden AI Processing (trigger: interval[0:00:10], next run at: 2026-05-01 10:39:44 UTC)" (scheduled at 2026-05-01 10:39:34.723931+00:00)
2026-05-01 16:09:34 [INFO] garden_cron: [2026-05-01 16:09:34] Cronjob triggered
2026-05-01 16:09:34 [INFO] services.garden_processor: No garden updates with status='Ready to Process' found.
2026-05-01 16:09:34 [INFO] garden_cron: Cronjob complete — 0 garden(s) processed.
2026-05-01 16:09:34 [INFO] apscheduler.executors.default: Job "Garden AI Processing (trigger: interval[0:00:10], next run at: 2026-05-01 10:39:44 UTC)" executed successfully
2026-05-01 16:09:44 [INFO] apscheduler.executors.default: Running job "Garden AI Processing (trigger: interval[0:00:10], next run at: 2026-05-01 10:39:54 UTC)" (scheduled at 2026-05-01 10:39:44.723931+00:00)
2026-05-01 16:09:44 [INFO] garden_cron: [2026-05-01 16:09:44] Cronjob triggered
2026-05-01 16:09:44 [INFO] services.garden_processor: No garden updates with status='Ready to Process' found.
2026-05-01 16:09:44 [INFO] garden_cron: Cronjob complete — 0 garden(s) processed.
2026-05-01 16:09:44 [INFO] apscheduler.executors.default: Job "Garden AI Processing (trigger: interval[0:00:10], next run at: 2026-05-01 10:39:54 UTC)" executed successfully
2026-05-01 16:09:54 [INFO] apscheduler.executors.default: Running job "Garden AI Processing (trigger: interval[0:00:10], next run at: 2026-05-01 10:40:04 UTC)" (scheduled at 2026-05-01 10:39:54.723931+00:00)
2026-05-01 16:09:54 [INFO] garden_cron: [2026-05-01 16:09:54] Cronjob triggered
2026-05-01 16:09:54 [INFO] services.garden_processor: No garden updates with status='Ready to Process' found.
2026-05-01 16:09:54 [INFO] garden_cron: Cronjob complete — 0 garden(s) processed.
2026-05-01 16:09:54 [INFO] apscheduler.executors.default: Job "Garden AI Processing (trigger: interval[0:00:10], next run at: 2026-05-01 10:40:04 UTC)" executed successfully
2026-05-01 16:10:04 [INFO] apscheduler.executors.default: Running job "Garden AI Processing (trigger: interval[0:00:10], next run at: 2026-05-01 10:40:14 UTC)" (scheduled at 2026-05-01 10:40:04.723931+00:00)
2026-05-01 16:10:04 [INFO] garden_cron: [2026-05-01 16:10:04] Cronjob triggered
2026-05-01 16:10:04 [INFO] services.garden_processor: No garden updates with status='Ready to Process' found.
2026-05-01 16:10:04 [INFO] garden_cron: Cronjob complete — 0 garden(s) processed.
2026-05-01 16:10:04 [INFO] apscheduler.executors.default: Job "Garden AI Processing (trigger: interval[0:00:10], next run at: 2026-05-01 10:40:14 UTC)" executed successfully
2026-05-01 16:10:14 [INFO] apscheduler.executors.default: Running job "Garden AI Processing (trigger: interval[0:00:10], next run at: 2026-05-01 10:40:24 UTC)" (scheduled at 2026-05-01 10:40:14.723931+00:00)
2026-05-01 16:10:14 [INFO] garden_cron: [2026-05-01 16:10:14] Cronjob triggered
2026-05-01 16:10:14 [INFO] services.garden_processor: No garden updates with status='Ready to Process' found.
2026-05-01 16:10:14 [INFO] garden_cron: Cronjob complete — 0 garden(s) processed.
2026-05-01 16:10:14 [INFO] apscheduler.executors.default: Job "Garden AI Processing (trigger: interval[0:00:10], next run at: 2026-05-01 10:40:24 UTC)" executed successfully
2026-05-01 16:10:24 [INFO] apscheduler.executors.default: Running job "Garden AI Processing (trigger: interval[0:00:10], next run at: 2026-05-01 10:40:34 UTC)" (scheduled at 2026-05-01 10:40:24.723931+00:00)
2026-05-01 16:10:24 [INFO] garden_cron: [2026-05-01 16:10:24] Cronjob triggered
2026-05-01 16:10:24 [INFO] services.garden_processor: No garden updates with status='Ready to Process' found.
2026-05-01 16:10:24 [INFO] garden_cron: Cronjob complete — 0 garden(s) processed.
2026-05-01 16:10:24 [INFO] apscheduler.executors.default: Job "Garden AI Processing (trigger: interval[0:00:10], next run at: 2026-05-01 10:40:34 UTC)" executed successfully
2026-05-01 16:10:34 [INFO] apscheduler.executors.default: Running job "Garden AI Processing (trigger: interval[0:00:10], next run at: 2026-05-01 10:40:44 UTC)" (scheduled at 2026-05-01 10:40:34.723931+00:00)
2026-05-01 16:10:34 [INFO] garden_cron: [2026-05-01 16:10:34] Cronjob triggered
2026-05-01 16:10:34 [INFO] services.garden_processor: No garden updates with status='Ready to Process' found.
2026-05-01 16:10:34 [INFO] garden_cron: Cronjob complete — 0 garden(s) processed.
2026-05-01 16:10:34 [INFO] apscheduler.executors.default: Job "Garden AI Processing (trigger: interval[0:00:10], next run at: 2026-05-01 10:40:44 UTC)" executed successfully
2026-05-01 16:10:44 [INFO] apscheduler.executors.default: Running job "Garden AI Processing (trigger: interval[0:00:10], next run at: 2026-05-01 10:40:54 UTC)" (scheduled at 2026-05-01 10:40:44.723931+00:00)
2026-05-01 16:10:44 [INFO] garden_cron: [2026-05-01 16:10:44] Cronjob triggered
2026-05-01 16:10:44 [INFO] services.garden_processor: No garden updates with status='Ready to Process' found.
2026-05-01 16:10:44 [INFO] garden_cron: Cronjob complete — 0 garden(s) processed.
2026-05-01 16:10:44 [INFO] apscheduler.executors.default: Job "Garden AI Processing (trigger: interval[0:00:10], next run at: 2026-05-01 10:40:54 UTC)" executed successfully
2026-05-01 16:10:54 [INFO] apscheduler.executors.default: Running job "Garden AI Processing (trigger: interval[0:00:10], next run at: 2026-05-01 10:41:04 UTC)" (scheduled at 2026-05-01 10:40:54.723931+00:00)
2026-05-01 16:10:54 [INFO] garden_cron: [2026-05-01 16:10:54] Cronjob triggered
2026-05-01 16:10:54 [INFO] services.garden_processor: No garden updates with status='Ready to Process' found.
2026-05-01 16:10:54 [INFO] garden_cron: Cronjob complete — 0 garden(s) processed.
2026-05-01 16:10:54 [INFO] apscheduler.executors.default: Job "Garden AI Processing (trigger: interval[0:00:10], next run at: 2026-05-01 10:41:04 UTC)" executed successfully
2026-05-01 16:11:04 [INFO] apscheduler.executors.default: Running job "Garden AI Processing (trigger: interval[0:00:10], next run at: 2026-05-01 10:41:14 UTC)" (scheduled at 2026-05-01 10:41:04.723931+00:00)
2026-05-01 16:11:04 [INFO] garden_cron: [2026-05-01 16:11:04] Cronjob triggered
2026-05-01 16:11:04 [INFO] services.garden_processor: No garden updates with status='Ready to Process' found.
2026-05-01 16:11:04 [INFO] garden_cron: Cronjob complete — 0 garden(s) processed.
2026-05-01 16:11:04 [INFO] apscheduler.executors.default: Job "Garden AI Processing (trigger: interval[0:00:10], next run at: 2026-05-01 10:41:14 UTC)" executed successfully
2026-05-01 16:11:14 [INFO] apscheduler.executors.default: Running job "Garden AI Processing (trigger: interval[0:00:10], next run at: 2026-05-01 10:41:24 UTC)" (scheduled at 2026-05-01 10:41:14.723931+00:00)
2026-05-01 16:11:14 [INFO] garden_cron: [2026-05-01 16:11:14] Cronjob triggered
2026-05-01 16:11:14 [INFO] services.garden_processor: No garden updates with status='Ready to Process' found.
2026-05-01 16:11:14 [INFO] garden_cron: Cronjob complete — 0 garden(s) processed.
2026-05-01 16:11:14 [INFO] apscheduler.executors.default: Job "Garden AI Processing (trigger: interval[0:00:10], next run at: 2026-05-01 10:41:24 UTC)" executed successfully
2026-05-01 16:11:24 [INFO] apscheduler.executors.default: Running job "Garden AI Processing (trigger: interval[0:00:10], next run at: 2026-05-01 10:41:34 UTC)" (scheduled at 2026-05-01 10:41:24.723931+00:00)
2026-05-01 16:11:24 [INFO] garden_cron: [2026-05-01 16:11:24] Cronjob triggered
2026-05-01 16:11:24 [INFO] services.garden_processor: No garden updates with status='Ready to Process' found.
2026-05-01 16:11:24 [INFO] garden_cron: Cronjob complete — 0 garden(s) processed.
2026-05-01 16:11:24 [INFO] apscheduler.executors.default: Job "Garden AI Processing (trigger: interval[0:00:10], next run at: 2026-05-01 10:41:34 UTC)" executed successfully
2026-05-01 16:11:34 [INFO] apscheduler.executors.default: Running job "Garden AI Processing (trigger: interval[0:00:10], next run at: 2026-05-01 10:41:44 UTC)" (scheduled at 2026-05-01 10:41:34.723931+00:00)
2026-05-01 16:11:34 [INFO] garden_cron: [2026-05-01 16:11:34] Cronjob triggered
2026-05-01 16:11:34 [INFO] services.garden_processor: No garden updates with status='Ready to Process' found.
2026-05-01 16:11:34 [INFO] garden_cron: Cronjob complete — 0 garden(s) processed.
2026-05-01 16:11:34 [INFO] apscheduler.executors.default: Job "Garden AI Processing (trigger: interval[0:00:10], next run at: 2026-05-01 10:41:44 UTC)" executed successfully
2026-05-01 16:11:44 [INFO] apscheduler.executors.default: Running job "Garden AI Processing (trigger: interval[0:00:10], next run at: 2026-05-01 10:41:54 UTC)" (scheduled at 2026-05-01 10:41:44.723931+00:00)
2026-05-01 16:11:44 [INFO] garden_cron: [2026-05-01 16:11:44] Cronjob triggered
2026-05-01 16:11:44 [INFO] services.garden_processor: No garden updates with status='Ready to Process' found.
2026-05-01 16:11:44 [INFO] garden_cron: Cronjob complete — 0 garden(s) processed.
2026-05-01 16:11:44 [INFO] apscheduler.executors.default: Job "Garden AI Processing (trigger: interval[0:00:10], next run at: 2026-05-01 10:41:54 UTC)" executed successfully
2026-05-01 16:11:54 [INFO] apscheduler.executors.default: Running job "Garden AI Processing (trigger: interval[0:00:10], next run at: 2026-05-01 10:42:04 UTC)" (scheduled at 2026-05-01 10:41:54.723931+00:00)
2026-05-01 16:11:54 [INFO] garden_cron: [2026-05-01 16:11:54] Cronjob triggered
2026-05-01 16:11:54 [INFO] services.garden_processor: No garden updates with status='Ready to Process' found.
2026-05-01 16:11:54 [INFO] garden_cron: Cronjob complete — 0 garden(s) processed.
2026-05-01 16:11:54 [INFO] apscheduler.executors.default: Job "Garden AI Processing (trigger: interval[0:00:10], next run at: 2026-05-01 10:42:04 UTC)" executed successfully
2026-05-01 16:12:04 [INFO] apscheduler.executors.default: Running job "Garden AI Processing (trigger: interval[0:00:10], next run at: 2026-05-01 10:42:14 UTC)" (scheduled at 2026-05-01 10:42:04.723931+00:00)
2026-05-01 16:12:04 [INFO] garden_cron: [2026-05-01 16:12:04] Cronjob triggered
2026-05-01 16:12:04 [INFO] services.garden_processor: No garden updates with status='Ready to Process' found.
2026-05-01 16:12:04 [INFO] garden_cron: Cronjob complete — 0 garden(s) processed.
2026-05-01 16:12:04 [INFO] apscheduler.executors.default: Job "Garden AI Processing (trigger: interval[0:00:10], next run at: 2026-05-01 10:42:14 UTC)" executed successfully
2026-05-01 16:12:14 [INFO] apscheduler.executors.default: Running job "Garden AI Processing (trigger: interval[0:00:10], next run at: 2026-05-01 10:42:24 UTC)" (scheduled at 2026-05-01 10:42:14.723931+00:00)
2026-05-01 16:12:14 [INFO] garden_cron: [2026-05-01 16:12:14] Cronjob triggered
2026-05-01 16:12:14 [INFO] services.garden_processor: No garden updates with status='Ready to Process' found.
2026-05-01 16:12:14 [INFO] garden_cron: Cronjob complete — 0 garden(s) processed.
2026-05-01 16:12:14 [INFO] apscheduler.executors.default: Job "Garden AI Processing (trigger: interval[0:00:10], next run at: 2026-05-01 10:42:24 UTC)" executed successfully
2026-05-01 16:12:24 [INFO] apscheduler.executors.default: Running job "Garden AI Processing (trigger: interval[0:00:10], next run at: 2026-05-01 10:42:34 UTC)" (scheduled at 2026-05-01 10:42:24.723931+00:00)
2026-05-01 16:12:24 [INFO] garden_cron: [2026-05-01 16:12:24] Cronjob triggered
2026-05-01 16:12:24 [INFO] services.garden_processor: No garden updates with status='Ready to Process' found.
2026-05-01 16:12:24 [INFO] garden_cron: Cronjob complete — 0 garden(s) processed.
2026-05-01 16:12:24 [INFO] apscheduler.executors.default: Job "Garden AI Processing (trigger: interval[0:00:10], next run at: 2026-05-01 10:42:34 UTC)" executed successfully
2026-05-01 16:12:34 [INFO] apscheduler.executors.default: Running job "Garden AI Processing (trigger: interval[0:00:10], next run at: 2026-05-01 10:42:44 UTC)" (scheduled at 2026-05-01 10:42:34.723931+00:00)
2026-05-01 16:12:34 [INFO] garden_cron: [2026-05-01 16:12:34] Cronjob triggered
2026-05-01 16:12:34 [INFO] services.garden_processor: No garden updates with status='Ready to Process' found.
2026-05-01 16:12:34 [INFO] garden_cron: Cronjob complete — 0 garden(s) processed.
2026-05-01 16:12:34 [INFO] apscheduler.executors.default: Job "Garden AI Processing (trigger: interval[0:00:10], next run at: 2026-05-01 10:42:44 UTC)" executed successfully
2026-05-01 16:12:44 [INFO] apscheduler.executors.default: Running job "Garden AI Processing (trigger: interval[0:00:10], next run at: 2026-05-01 10:42:54 UTC)" (scheduled at 2026-05-01 10:42:44.723931+00:00)
2026-05-01 16:12:44 [INFO] garden_cron: [2026-05-01 16:12:44] Cronjob triggered
2026-05-01 16:12:44 [INFO] services.garden_processor: No garden updates with status='Ready to Process' found.
2026-05-01 16:12:44 [INFO] garden_cron: Cronjob complete — 0 garden(s) processed.
2026-05-01 16:12:44 [INFO] apscheduler.executors.default: Job "Garden AI Processing (trigger: interval[0:00:10], next run at: 2026-05-01 10:42:54 UTC)" executed successfully
2026-05-01 16:12:55 [INFO] apscheduler.executors.default: Running job "Garden AI Processing (trigger: interval[0:00:10], next run at: 2026-05-01 10:43:04 UTC)" (scheduled at 2026-05-01 10:42:54.723931+00:00)
2026-05-01 16:12:55 [INFO] garden_cron: [2026-05-01 16:12:55] Cronjob triggered
2026-05-01 16:12:55 [INFO] services.garden_processor: No garden updates with status='Ready to Process' found.
2026-05-01 16:12:55 [INFO] garden_cron: Cronjob complete — 0 garden(s) processed.
2026-05-01 16:12:55 [INFO] apscheduler.executors.default: Job "Garden AI Processing (trigger: interval[0:00:10], next run at: 2026-05-01 10:43:04 UTC)" executed successfully
2026-05-01 16:13:24 [WARNING] apscheduler.executors.default: Run time of job "Garden AI Processing (trigger: interval[0:00:10], next run at: 2026-05-01 10:43:24 UTC)" was missed by 0:00:09.913700
2026-05-01 16:13:24 [INFO] apscheduler.executors.default: Running job "Garden AI Processing (trigger: interval[0:00:10], next run at: 2026-05-01 10:43:34 UTC)" (scheduled at 2026-05-01 10:43:24.723931+00:00)
2026-05-01 16:13:24 [INFO] garden_cron: [2026-05-01 16:13:24] Cronjob triggered
2026-05-01 16:13:24 [INFO] services.garden_processor: No garden updates with status='Ready to Process' found.
2026-05-01 16:13:24 [INFO] garden_cron: Cronjob complete — 0 garden(s) processed.
2026-05-01 16:13:24 [INFO] apscheduler.executors.default: Job "Garden AI Processing (trigger: interval[0:00:10], next run at: 2026-05-01 10:43:34 UTC)" executed successfully
2026-05-01 16:13:34 [INFO] apscheduler.executors.default: Running job "Garden AI Processing (trigger: interval[0:00:10], next run at: 2026-05-01 10:43:44 UTC)" (scheduled at 2026-05-01 10:43:34.723931+00:00)
2026-05-01 16:13:34 [INFO] garden_cron: [2026-05-01 16:13:34] Cronjob triggered
2026-05-01 16:13:34 [INFO] services.garden_processor: No garden updates with status='Ready to Process' found.
2026-05-01 16:13:34 [INFO] garden_cron: Cronjob complete — 0 garden(s) processed.
2026-05-01 16:13:34 [INFO] apscheduler.executors.default: Job "Garden AI Processing (trigger: interval[0:00:10], next run at: 2026-05-01 10:43:44 UTC)" executed successfully
2026-05-01 16:22:59 [WARNING] apscheduler.executors.default: Run time of job "Garden AI Processing (trigger: interval[0:00:10], next run at: 2026-05-01 10:53:04 UTC)" was missed by 0:00:05.100913
2026-05-01 16:23:04 [INFO] apscheduler.executors.default: Running job "Garden AI Processing (trigger: interval[0:00:10], next run at: 2026-05-01 10:53:14 UTC)" (scheduled at 2026-05-01 10:53:04.723931+00:00)
2026-05-01 16:23:04 [INFO] garden_cron: [2026-05-01 16:23:04] Cronjob triggered
2026-05-01 16:23:04 [INFO] services.garden_processor: No garden updates with status='Ready to Process' found.
2026-05-01 16:23:04 [INFO] garden_cron: Cronjob complete — 0 garden(s) processed.
2026-05-01 16:23:04 [INFO] apscheduler.executors.default: Job "Garden AI Processing (trigger: interval[0:00:10], next run at: 2026-05-01 10:53:14 UTC)" executed successfully
2026-05-01 16:37:48 [WARNING] apscheduler.executors.default: Run time of job "Garden AI Processing (trigger: interval[0:00:10], next run at: 2026-05-01 11:07:54 UTC)" was missed by 0:00:03.657268
2026-05-01 16:37:55 [INFO] apscheduler.executors.default: Running job "Garden AI Processing (trigger: interval[0:00:10], next run at: 2026-05-01 11:08:04 UTC)" (scheduled at 2026-05-01 11:07:54.723931+00:00)
2026-05-01 16:37:55 [INFO] garden_cron: [2026-05-01 16:37:55] Cronjob triggered
2026-05-01 16:37:55 [INFO] services.garden_processor: No garden updates with status='Ready to Process' found.
2026-05-01 16:37:55 [INFO] garden_cron: Cronjob complete — 0 garden(s) processed.
2026-05-01 16:37:55 [INFO] apscheduler.executors.default: Job "Garden AI Processing (trigger: interval[0:00:10], next run at: 2026-05-01 11:08:04 UTC)" executed successfully
2026-05-01 16:38:04 [INFO] apscheduler.executors.default: Running job "Garden AI Processing (trigger: interval[0:00:10], next run at: 2026-05-01 11:08:14 UTC)" (scheduled at 2026-05-01 11:08:04.723931+00:00)
2026-05-01 16:38:04 [INFO] garden_cron: [2026-05-01 16:38:04] Cronjob triggered
2026-05-01 16:38:04 [INFO] services.garden_processor: No garden updates with status='Ready to Process' found.
2026-05-01 16:38:04 [INFO] garden_cron: Cronjob complete — 0 garden(s) processed.
2026-05-01 16:38:04 [INFO] apscheduler.executors.default: Job "Garden AI Processing (trigger: interval[0:00:10], next run at: 2026-05-01 11:08:14 UTC)" executed successfully
2026-05-01 16:38:14 [INFO] apscheduler.executors.default: Running job "Garden AI Processing (trigger: interval[0:00:10], next run at: 2026-05-01 11:08:24 UTC)" (scheduled at 2026-05-01 11:08:14.723931+00:00)
2026-05-01 16:38:14 [INFO] garden_cron: [2026-05-01 16:38:14] Cronjob triggered
2026-05-01 16:38:14 [INFO] services.garden_processor: No garden updates with status='Ready to Process' found.
2026-05-01 16:38:14 [INFO] garden_cron: Cronjob complete — 0 garden(s) processed.
2026-05-01 16:38:14 [INFO] apscheduler.executors.default: Job "Garden AI Processing (trigger: interval[0:00:10], next run at: 2026-05-01 11:08:24 UTC)" executed successfully
2026-05-01 16:38:24 [INFO] apscheduler.executors.default: Running job "Garden AI Processing (trigger: interval[0:00:10], next run at: 2026-05-01 11:08:34 UTC)" (scheduled at 2026-05-01 11:08:24.723931+00:00)
2026-05-01 16:38:24 [INFO] garden_cron: [2026-05-01 16:38:24] Cronjob triggered
2026-05-01 16:38:24 [INFO] services.garden_processor: No garden updates with status='Ready to Process' found.
2026-05-01 16:38:24 [INFO] garden_cron: Cronjob complete — 0 garden(s) processed.
2026-05-01 16:38:24 [INFO] apscheduler.executors.default: Job "Garden AI Processing (trigger: interval[0:00:10], next run at: 2026-05-01 11:08:34 UTC)" executed successfully
2026-05-01 16:39:06 [WARNING] apscheduler.executors.default: Run time of job "Garden AI Processing (trigger: interval[0:00:10], next run at: 2026-05-01 11:09:14 UTC)" was missed by 0:00:02.272012
2026-05-01 16:39:14 [INFO] apscheduler.executors.default: Running job "Garden AI Processing (trigger: interval[0:00:10], next run at: 2026-05-01 11:09:24 UTC)" (scheduled at 2026-05-01 11:09:14.723931+00:00)
2026-05-01 16:39:14 [INFO] garden_cron: [2026-05-01 16:39:14] Cronjob triggered
2026-05-01 16:39:14 [INFO] services.garden_processor: No garden updates with status='Ready to Process' found.
2026-05-01 16:39:14 [INFO] garden_cron: Cronjob complete — 0 garden(s) processed.
2026-05-01 16:39:14 [INFO] apscheduler.executors.default: Job "Garden AI Processing (trigger: interval[0:00:10], next run at: 2026-05-01 11:09:24 UTC)" executed successfully
2026-05-01 16:43:29 [WARNING] apscheduler.executors.default: Run time of job "Garden AI Processing (trigger: interval[0:00:10], next run at: 2026-05-01 11:13:34 UTC)" was missed by 0:00:04.425513
2026-05-01 16:43:34 [INFO] apscheduler.executors.default: Running job "Garden AI Processing (trigger: interval[0:00:10], next run at: 2026-05-01 11:13:44 UTC)" (scheduled at 2026-05-01 11:13:34.723931+00:00)
2026-05-01 16:43:34 [INFO] garden_cron: [2026-05-01 16:43:34] Cronjob triggered
2026-05-01 16:43:34 [INFO] services.garden_processor: No garden updates with status='Ready to Process' found.
2026-05-01 16:43:34 [INFO] garden_cron: Cronjob complete — 0 garden(s) processed.
2026-05-01 16:43:34 [INFO] apscheduler.executors.default: Job "Garden AI Processing (trigger: interval[0:00:10], next run at: 2026-05-01 11:13:44 UTC)" executed successfully
2026-05-01 17:17:28 [WARNING] apscheduler.executors.default: Run time of job "Garden AI Processing (trigger: interval[0:00:10], next run at: 2026-05-01 11:47:34 UTC)" was missed by 0:00:04.096568
2026-05-01 17:34:24 [WARNING] apscheduler.executors.default: Run time of job "Garden AI Processing (trigger: interval[0:00:10], next run at: 2026-05-01 12:04:24 UTC)" was missed by 0:00:09.651736
2026-05-01 17:34:24 [INFO] apscheduler.executors.default: Running job "Garden AI Processing (trigger: interval[0:00:10], next run at: 2026-05-01 12:04:34 UTC)" (scheduled at 2026-05-01 12:04:24.723931+00:00)
2026-05-01 17:34:24 [INFO] garden_cron: [2026-05-01 17:34:24] Cronjob triggered
2026-05-01 17:34:24 [INFO] services.garden_processor: No garden updates with status='Ready to Process' found.
2026-05-01 17:34:24 [INFO] garden_cron: Cronjob complete — 0 garden(s) processed.
2026-05-01 17:34:24 [INFO] apscheduler.executors.default: Job "Garden AI Processing (trigger: interval[0:00:10], next run at: 2026-05-01 12:04:34 UTC)" executed successfully
2026-05-01 17:43:41 [WARNING] apscheduler.executors.default: Run time of job "Garden AI Processing (trigger: interval[0:00:10], next run at: 2026-05-01 12:13:44 UTC)" was missed by 0:00:07.106856
2026-05-01 17:43:44 [INFO] apscheduler.executors.default: Running job "Garden AI Processing (trigger: interval[0:00:10], next run at: 2026-05-01 12:13:54 UTC)" (scheduled at 2026-05-01 12:13:44.723931+00:00)
2026-05-01 17:43:44 [INFO] garden_cron: [2026-05-01 17:43:44] Cronjob triggered
2026-05-01 17:43:44 [INFO] services.garden_processor: No garden updates with status='Ready to Process' found.
2026-05-01 17:43:44 [INFO] garden_cron: Cronjob complete — 0 garden(s) processed.
2026-05-01 17:43:44 [INFO] apscheduler.executors.default: Job "Garden AI Processing (trigger: interval[0:00:10], next run at: 2026-05-01 12:13:54 UTC)" executed successfully
2026-05-01 17:43:54 [INFO] apscheduler.executors.default: Running job "Garden AI Processing (trigger: interval[0:00:10], next run at: 2026-05-01 12:14:04 UTC)" (scheduled at 2026-05-01 12:13:54.723931+00:00)
2026-05-01 17:43:54 [INFO] garden_cron: [2026-05-01 17:43:54] Cronjob triggered
2026-05-01 17:43:54 [INFO] services.garden_processor: No garden updates with status='Ready to Process' found.
2026-05-01 17:43:54 [INFO] garden_cron: Cronjob complete — 0 garden(s) processed.
2026-05-01 17:43:54 [INFO] apscheduler.executors.default: Job "Garden AI Processing (trigger: interval[0:00:10], next run at: 2026-05-01 12:14:04 UTC)" executed successfully
2026-05-01 17:44:04 [INFO] apscheduler.executors.default: Running job "Garden AI Processing (trigger: interval[0:00:10], next run at: 2026-05-01 12:14:14 UTC)" (scheduled at 2026-05-01 12:14:04.723931+00:00)
2026-05-01 17:44:04 [INFO] garden_cron: [2026-05-01 17:44:04] Cronjob triggered
2026-05-01 17:44:04 [INFO] services.garden_processor: No garden updates with status='Ready to Process' found.
2026-05-01 17:44:04 [INFO] garden_cron: Cronjob complete — 0 garden(s) processed.
2026-05-01 17:44:04 [INFO] apscheduler.executors.default: Job "Garden AI Processing (trigger: interval[0:00:10], next run at: 2026-05-01 12:14:14 UTC)" executed successfully
2026-05-01 17:44:14 [INFO] apscheduler.executors.default: Running job "Garden AI Processing (trigger: interval[0:00:10], next run at: 2026-05-01 12:14:24 UTC)" (scheduled at 2026-05-01 12:14:14.723931+00:00)
2026-05-01 17:44:14 [INFO] garden_cron: [2026-05-01 17:44:14] Cronjob triggered
2026-05-01 17:44:14 [INFO] services.garden_processor: No garden updates with status='Ready to Process' found.
2026-05-01 17:44:14 [INFO] garden_cron: Cronjob complete — 0 garden(s) processed.
2026-05-01 17:44:14 [INFO] apscheduler.executors.default: Job "Garden AI Processing (trigger: interval[0:00:10], next run at: 2026-05-01 12:14:24 UTC)" executed successfully
2026-05-01 17:44:24 [INFO] apscheduler.executors.default: Running job "Garden AI Processing (trigger: interval[0:00:10], next run at: 2026-05-01 12:14:34 UTC)" (scheduled at 2026-05-01 12:14:24.723931+00:00)
2026-05-01 17:44:24 [INFO] garden_cron: [2026-05-01 17:44:24] Cronjob triggered
2026-05-01 17:44:24 [INFO] services.garden_processor: No garden updates with status='Ready to Process' found.
2026-05-01 17:44:24 [INFO] garden_cron: Cronjob complete — 0 garden(s) processed.
2026-05-01 17:44:24 [INFO] apscheduler.executors.default: Job "Garden AI Processing (trigger: interval[0:00:10], next run at: 2026-05-01 12:14:34 UTC)" executed successfully
2026-05-01 17:44:34 [INFO] apscheduler.executors.default: Running job "Garden AI Processing (trigger: interval[0:00:10], next run at: 2026-05-01 12:14:44 UTC)" (scheduled at 2026-05-01 12:14:34.723931+00:00)
2026-05-01 17:44:34 [INFO] garden_cron: [2026-05-01 17:44:34] Cronjob triggered
2026-05-01 17:44:34 [INFO] services.garden_processor: No garden updates with status='Ready to Process' found.
2026-05-01 17:44:34 [INFO] garden_cron: Cronjob complete — 0 garden(s) processed.
2026-05-01 17:44:34 [INFO] apscheduler.executors.default: Job "Garden AI Processing (trigger: interval[0:00:10], next run at: 2026-05-01 12:14:44 UTC)" executed successfully
2026-05-01 17:44:44 [INFO] apscheduler.executors.default: Running job "Garden AI Processing (trigger: interval[0:00:10], next run at: 2026-05-01 12:14:54 UTC)" (scheduled at 2026-05-01 12:14:44.723931+00:00)
2026-05-01 17:44:44 [INFO] garden_cron: [2026-05-01 17:44:44] Cronjob triggered
2026-05-01 17:44:44 [INFO] services.garden_processor: No garden updates with status='Ready to Process' found.
2026-05-01 17:44:44 [INFO] garden_cron: Cronjob complete — 0 garden(s) processed.
2026-05-01 17:44:44 [INFO] apscheduler.executors.default: Job "Garden AI Processing (trigger: interval[0:00:10], next run at: 2026-05-01 12:14:54 UTC)" executed successfully
2026-05-01 17:44:54 [INFO] apscheduler.executors.default: Running job "Garden AI Processing (trigger: interval[0:00:10], next run at: 2026-05-01 12:15:04 UTC)" (scheduled at 2026-05-01 12:14:54.723931+00:00)
2026-05-01 17:44:54 [INFO] garden_cron: [2026-05-01 17:44:54] Cronjob triggered
2026-05-01 17:44:54 [INFO] services.garden_processor: No garden updates with status='Ready to Process' found.
2026-05-01 17:44:54 [INFO] garden_cron: Cronjob complete — 0 garden(s) processed.
2026-05-01 17:44:54 [INFO] apscheduler.executors.default: Job "Garden AI Processing (trigger: interval[0:00:10], next run at: 2026-05-01 12:15:04 UTC)" executed successfully
2026-05-01 17:45:04 [INFO] apscheduler.executors.default: Running job "Garden AI Processing (trigger: interval[0:00:10], next run at: 2026-05-01 12:15:14 UTC)" (scheduled at 2026-05-01 12:15:04.723931+00:00)
2026-05-01 17:45:04 [INFO] garden_cron: [2026-05-01 17:45:04] Cronjob triggered
2026-05-01 17:45:04 [INFO] services.garden_processor: No garden updates with status='Ready to Process' found.
2026-05-01 17:45:04 [INFO] garden_cron: Cronjob complete — 0 garden(s) processed.
2026-05-01 17:45:04 [INFO] apscheduler.executors.default: Job "Garden AI Processing (trigger: interval[0:00:10], next run at: 2026-05-01 12:15:14 UTC)" executed successfully
2026-05-01 17:45:14 [INFO] apscheduler.executors.default: Running job "Garden AI Processing (trigger: interval[0:00:10], next run at: 2026-05-01 12:15:24 UTC)" (scheduled at 2026-05-01 12:15:14.723931+00:00)
2026-05-01 17:45:14 [INFO] garden_cron: [2026-05-01 17:45:14] Cronjob triggered
2026-05-01 17:45:14 [INFO] services.garden_processor: No garden updates with status='Ready to Process' found.
2026-05-01 17:45:14 [INFO] garden_cron: Cronjob complete — 0 garden(s) processed.
2026-05-01 17:45:14 [INFO] apscheduler.executors.default: Job "Garden AI Processing (trigger: interval[0:00:10], next run at: 2026-05-01 12:15:24 UTC)" executed successfully
2026-05-01 17:45:24 [INFO] apscheduler.executors.default: Running job "Garden AI Processing (trigger: interval[0:00:10], next run at: 2026-05-01 12:15:34 UTC)" (scheduled at 2026-05-01 12:15:24.723931+00:00)
2026-05-01 17:45:24 [INFO] garden_cron: [2026-05-01 17:45:24] Cronjob triggered
2026-05-01 17:45:24 [INFO] services.garden_processor: No garden updates with status='Ready to Process' found.
2026-05-01 17:45:24 [INFO] garden_cron: Cronjob complete — 0 garden(s) processed.
2026-05-01 17:45:24 [INFO] apscheduler.executors.default: Job "Garden AI Processing (trigger: interval[0:00:10], next run at: 2026-05-01 12:15:34 UTC)" executed successfully
2026-05-01 17:45:34 [INFO] apscheduler.executors.default: Running job "Garden AI Processing (trigger: interval[0:00:10], next run at: 2026-05-01 12:15:44 UTC)" (scheduled at 2026-05-01 12:15:34.723931+00:00)
2026-05-01 17:45:34 [INFO] garden_cron: [2026-05-01 17:45:34] Cronjob triggered
2026-05-01 17:45:34 [INFO] services.garden_processor: No garden updates with status='Ready to Process' found.
2026-05-01 17:45:34 [INFO] garden_cron: Cronjob complete — 0 garden(s) processed.
2026-05-01 17:45:34 [INFO] apscheduler.executors.default: Job "Garden AI Processing (trigger: interval[0:00:10], next run at: 2026-05-01 12:15:44 UTC)" executed successfully
2026-05-01 17:45:44 [INFO] apscheduler.executors.default: Running job "Garden AI Processing (trigger: interval[0:00:10], next run at: 2026-05-01 12:15:54 UTC)" (scheduled at 2026-05-01 12:15:44.723931+00:00)
2026-05-01 17:45:44 [INFO] garden_cron: [2026-05-01 17:45:44] Cronjob triggered
2026-05-01 17:45:44 [INFO] services.garden_processor: No garden updates with status='Ready to Process' found.
2026-05-01 17:45:44 [INFO] garden_cron: Cronjob complete — 0 garden(s) processed.
2026-05-01 17:45:44 [INFO] apscheduler.executors.default: Job "Garden AI Processing (trigger: interval[0:00:10], next run at: 2026-05-01 12:15:54 UTC)" executed successfully
2026-05-01 17:45:54 [INFO] apscheduler.executors.default: Running job "Garden AI Processing (trigger: interval[0:00:10], next run at: 2026-05-01 12:16:04 UTC)" (scheduled at 2026-05-01 12:15:54.723931+00:00)
2026-05-01 17:45:54 [INFO] garden_cron: [2026-05-01 17:45:54] Cronjob triggered
2026-05-01 17:45:54 [INFO] services.garden_processor: No garden updates with status='Ready to Process' found.
2026-05-01 17:45:54 [INFO] garden_cron: Cronjob complete — 0 garden(s) processed.
2026-05-01 17:45:54 [INFO] apscheduler.executors.default: Job "Garden AI Processing (trigger: interval[0:00:10], next run at: 2026-05-01 12:16:04 UTC)" executed successfully
2026-05-01 17:46:04 [INFO] apscheduler.executors.default: Running job "Garden AI Processing (trigger: interval[0:00:10], next run at: 2026-05-01 12:16:14 UTC)" (scheduled at 2026-05-01 12:16:04.723931+00:00)
2026-05-01 17:46:04 [INFO] garden_cron: [2026-05-01 17:46:04] Cronjob triggered
2026-05-01 17:46:04 [INFO] services.garden_processor: No garden updates with status='Ready to Process' found.
2026-05-01 17:46:04 [INFO] garden_cron: Cronjob complete — 0 garden(s) processed.
2026-05-01 17:46:04 [INFO] apscheduler.executors.default: Job "Garden AI Processing (trigger: interval[0:00:10], next run at: 2026-05-01 12:16:14 UTC)" executed successfully
2026-05-01 17:46:14 [INFO] apscheduler.executors.default: Running job "Garden AI Processing (trigger: interval[0:00:10], next run at: 2026-05-01 12:16:24 UTC)" (scheduled at 2026-05-01 12:16:14.723931+00:00)
2026-05-01 17:46:14 [INFO] garden_cron: [2026-05-01 17:46:14] Cronjob triggered
2026-05-01 17:46:14 [INFO] services.garden_processor: No garden updates with status='Ready to Process' found.
2026-05-01 17:46:14 [INFO] garden_cron: Cronjob complete — 0 garden(s) processed.
2026-05-01 17:46:14 [INFO] apscheduler.executors.default: Job "Garden AI Processing (trigger: interval[0:00:10], next run at: 2026-05-01 12:16:24 UTC)" executed successfully
2026-05-01 17:46:24 [INFO] apscheduler.executors.default: Running job "Garden AI Processing (trigger: interval[0:00:10], next run at: 2026-05-01 12:16:34 UTC)" (scheduled at 2026-05-01 12:16:24.723931+00:00)
2026-05-01 17:46:24 [INFO] garden_cron: [2026-05-01 17:46:24] Cronjob triggered
2026-05-01 17:46:24 [INFO] services.garden_processor: No garden updates with status='Ready to Process' found.
2026-05-01 17:46:24 [INFO] garden_cron: Cronjob complete — 0 garden(s) processed.
2026-05-01 17:46:24 [INFO] apscheduler.executors.default: Job "Garden AI Processing (trigger: interval[0:00:10], next run at: 2026-05-01 12:16:34 UTC)" executed successfully
2026-05-01 17:46:34 [INFO] apscheduler.executors.default: Running job "Garden AI Processing (trigger: interval[0:00:10], next run at: 2026-05-01 12:16:44 UTC)" (scheduled at 2026-05-01 12:16:34.723931+00:00)
2026-05-01 17:46:34 [INFO] garden_cron: [2026-05-01 17:46:34] Cronjob triggered
2026-05-01 17:46:34 [INFO] services.garden_processor: No garden updates with status='Ready to Process' found.
2026-05-01 17:46:34 [INFO] garden_cron: Cronjob complete — 0 garden(s) processed.
2026-05-01 17:46:34 [INFO] apscheduler.executors.default: Job "Garden AI Processing (trigger: interval[0:00:10], next run at: 2026-05-01 12:16:44 UTC)" executed successfully
2026-05-01 17:46:44 [INFO] apscheduler.executors.default: Running job "Garden AI Processing (trigger: interval[0:00:10], next run at: 2026-05-01 12:16:54 UTC)" (scheduled at 2026-05-01 12:16:44.723931+00:00)
2026-05-01 17:46:44 [INFO] garden_cron: [2026-05-01 17:46:44] Cronjob triggered
2026-05-01 17:46:44 [INFO] services.garden_processor: No garden updates with status='Ready to Process' found.
2026-05-01 17:46:44 [INFO] garden_cron: Cronjob complete — 0 garden(s) processed.
2026-05-01 17:46:44 [INFO] apscheduler.executors.default: Job "Garden AI Processing (trigger: interval[0:00:10], next run at: 2026-05-01 12:16:54 UTC)" executed successfully
2026-05-01 17:46:54 [INFO] apscheduler.executors.default: Running job "Garden AI Processing (trigger: interval[0:00:10], next run at: 2026-05-01 12:17:04 UTC)" (scheduled at 2026-05-01 12:16:54.723931+00:00)
2026-05-01 17:46:54 [INFO] garden_cron: [2026-05-01 17:46:54] Cronjob triggered
2026-05-01 17:46:54 [INFO] services.garden_processor: No garden updates with status='Ready to Process' found.
2026-05-01 17:46:54 [INFO] garden_cron: Cronjob complete — 0 garden(s) processed.
2026-05-01 17:46:54 [INFO] apscheduler.executors.default: Job "Garden AI Processing (trigger: interval[0:00:10], next run at: 2026-05-01 12:17:04 UTC)" executed successfully
2026-05-01 17:47:04 [INFO] apscheduler.executors.default: Running job "Garden AI Processing (trigger: interval[0:00:10], next run at: 2026-05-01 12:17:14 UTC)" (scheduled at 2026-05-01 12:17:04.723931+00:00)
2026-05-01 17:47:04 [INFO] garden_cron: [2026-05-01 17:47:04] Cronjob triggered
2026-05-01 17:47:04 [INFO] services.garden_processor: No garden updates with status='Ready to Process' found.
2026-05-01 17:47:04 [INFO] garden_cron: Cronjob complete — 0 garden(s) processed.
2026-05-01 17:47:04 [INFO] apscheduler.executors.default: Job "Garden AI Processing (trigger: interval[0:00:10], next run at: 2026-05-01 12:17:14 UTC)" executed successfully
2026-05-01 17:47:14 [INFO] apscheduler.executors.default: Running job "Garden AI Processing (trigger: interval[0:00:10], next run at: 2026-05-01 12:17:24 UTC)" (scheduled at 2026-05-01 12:17:14.723931+00:00)
2026-05-01 17:47:14 [INFO] garden_cron: [2026-05-01 17:47:14] Cronjob triggered
2026-05-01 17:47:14 [INFO] services.garden_processor: No garden updates with status='Ready to Process' found.
2026-05-01 17:47:14 [INFO] garden_cron: Cronjob complete — 0 garden(s) processed.
2026-05-01 17:47:14 [INFO] apscheduler.executors.default: Job "Garden AI Processing (trigger: interval[0:00:10], next run at: 2026-05-01 12:17:24 UTC)" executed successfully
2026-05-01 17:47:24 [INFO] apscheduler.executors.default: Running job "Garden AI Processing (trigger: interval[0:00:10], next run at: 2026-05-01 12:17:34 UTC)" (scheduled at 2026-05-01 12:17:24.723931+00:00)
2026-05-01 17:47:24 [INFO] garden_cron: [2026-05-01 17:47:24] Cronjob triggered
2026-05-01 17:47:24 [INFO] services.garden_processor: No garden updates with status='Ready to Process' found.
2026-05-01 17:47:24 [INFO] garden_cron: Cronjob complete — 0 garden(s) processed.
2026-05-01 17:47:24 [INFO] apscheduler.executors.default: Job "Garden AI Processing (trigger: interval[0:00:10], next run at: 2026-05-01 12:17:34 UTC)" executed successfully
2026-05-01 17:47:34 [INFO] apscheduler.executors.default: Running job "Garden AI Processing (trigger: interval[0:00:10], next run at: 2026-05-01 12:17:44 UTC)" (scheduled at 2026-05-01 12:17:34.723931+00:00)
2026-05-01 17:47:34 [INFO] garden_cron: [2026-05-01 17:47:34] Cronjob triggered
2026-05-01 17:47:34 [INFO] services.garden_processor: No garden updates with status='Ready to Process' found.
2026-05-01 17:47:34 [INFO] garden_cron: Cronjob complete — 0 garden(s) processed.
2026-05-01 17:47:34 [INFO] apscheduler.executors.default: Job "Garden AI Processing (trigger: interval[0:00:10], next run at: 2026-05-01 12:17:44 UTC)" executed successfully
2026-05-01 17:47:44 [INFO] apscheduler.executors.default: Running job "Garden AI Processing (trigger: interval[0:00:10], next run at: 2026-05-01 12:17:54 UTC)" (scheduled at 2026-05-01 12:17:44.723931+00:00)
2026-05-01 17:47:44 [INFO] garden_cron: [2026-05-01 17:47:44] Cronjob triggered
2026-05-01 17:47:44 [INFO] services.garden_processor: No garden updates with status='Ready to Process' found.
2026-05-01 17:47:44 [INFO] garden_cron: Cronjob complete — 0 garden(s) processed.
2026-05-01 17:47:44 [INFO] apscheduler.executors.default: Job "Garden AI Processing (trigger: interval[0:00:10], next run at: 2026-05-01 12:17:54 UTC)" executed successfully
2026-05-01 17:47:54 [INFO] apscheduler.executors.default: Running job "Garden AI Processing (trigger: interval[0:00:10], next run at: 2026-05-01 12:18:04 UTC)" (scheduled at 2026-05-01 12:17:54.723931+00:00)
2026-05-01 17:47:54 [INFO] garden_cron: [2026-05-01 17:47:54] Cronjob triggered
2026-05-01 17:47:54 [INFO] services.garden_processor: No garden updates with status='Ready to Process' found.
2026-05-01 17:47:54 [INFO] garden_cron: Cronjob complete — 0 garden(s) processed.
2026-05-01 17:47:54 [INFO] apscheduler.executors.default: Job "Garden AI Processing (trigger: interval[0:00:10], next run at: 2026-05-01 12:18:04 UTC)" executed successfully
2026-05-01 17:48:04 [INFO] apscheduler.executors.default: Running job "Garden AI Processing (trigger: interval[0:00:10], next run at: 2026-05-01 12:18:14 UTC)" (scheduled at 2026-05-01 12:18:04.723931+00:00)
2026-05-01 17:48:04 [INFO] garden_cron: [2026-05-01 17:48:04] Cronjob triggered
2026-05-01 17:48:04 [INFO] services.garden_processor: No garden updates with status='Ready to Process' found.
2026-05-01 17:48:04 [INFO] garden_cron: Cronjob complete — 0 garden(s) processed.
2026-05-01 17:48:04 [INFO] apscheduler.executors.default: Job "Garden AI Processing (trigger: interval[0:00:10], next run at: 2026-05-01 12:18:14 UTC)" executed successfully
2026-05-01 17:48:14 [INFO] apscheduler.executors.default: Running job "Garden AI Processing (trigger: interval[0:00:10], next run at: 2026-05-01 12:18:24 UTC)" (scheduled at 2026-05-01 12:18:14.723931+00:00)
2026-05-01 17:48:14 [INFO] garden_cron: [2026-05-01 17:48:14] Cronjob triggered
2026-05-01 17:48:14 [INFO] services.garden_processor: No garden updates with status='Ready to Process' found.
2026-05-01 17:48:14 [INFO] garden_cron: Cronjob complete — 0 garden(s) processed.
2026-05-01 17:48:14 [INFO] apscheduler.executors.default: Job "Garden AI Processing (trigger: interval[0:00:10], next run at: 2026-05-01 12:18:24 UTC)" executed successfully
2026-05-01 17:48:24 [INFO] apscheduler.executors.default: Running job "Garden AI Processing (trigger: interval[0:00:10], next run at: 2026-05-01 12:18:34 UTC)" (scheduled at 2026-05-01 12:18:24.723931+00:00)
2026-05-01 17:48:24 [INFO] garden_cron: [2026-05-01 17:48:24] Cronjob triggered
2026-05-01 17:48:24 [INFO] services.garden_processor: No garden updates with status='Ready to Process' found.
2026-05-01 17:48:24 [INFO] garden_cron: Cronjob complete — 0 garden(s) processed.
2026-05-01 17:48:24 [INFO] apscheduler.executors.default: Job "Garden AI Processing (trigger: interval[0:00:10], next run at: 2026-05-01 12:18:34 UTC)" executed successfully
2026-05-01 17:48:34 [INFO] apscheduler.executors.default: Running job "Garden AI Processing (trigger: interval[0:00:10], next run at: 2026-05-01 12:18:44 UTC)" (scheduled at 2026-05-01 12:18:34.723931+00:00)
2026-05-01 17:48:34 [INFO] garden_cron: [2026-05-01 17:48:34] Cronjob triggered
2026-05-01 17:48:34 [INFO] services.garden_processor: No garden updates with status='Ready to Process' found.
2026-05-01 17:48:34 [INFO] garden_cron: Cronjob complete — 0 garden(s) processed.
2026-05-01 17:48:34 [INFO] apscheduler.executors.default: Job "Garden AI Processing (trigger: interval[0:00:10], next run at: 2026-05-01 12:18:44 UTC)" executed successfully
2026-05-01 17:48:44 [INFO] apscheduler.executors.default: Running job "Garden AI Processing (trigger: interval[0:00:10], next run at: 2026-05-01 12:18:54 UTC)" (scheduled at 2026-05-01 12:18:44.723931+00:00)
2026-05-01 17:48:44 [INFO] garden_cron: [2026-05-01 17:48:44] Cronjob triggered
2026-05-01 17:48:44 [INFO] services.garden_processor: No garden updates with status='Ready to Process' found.
2026-05-01 17:48:44 [INFO] garden_cron: Cronjob complete — 0 garden(s) processed.
2026-05-01 17:48:44 [INFO] apscheduler.executors.default: Job "Garden AI Processing (trigger: interval[0:00:10], next run at: 2026-05-01 12:18:54 UTC)" executed successfully
2026-05-01 17:48:54 [INFO] apscheduler.executors.default: Running job "Garden AI Processing (trigger: interval[0:00:10], next run at: 2026-05-01 12:19:04 UTC)" (scheduled at 2026-05-01 12:18:54.723931+00:00)
2026-05-01 17:48:54 [INFO] garden_cron: [2026-05-01 17:48:54] Cronjob triggered
2026-05-01 17:48:54 [INFO] services.garden_processor: No garden updates with status='Ready to Process' found.
2026-05-01 17:48:54 [INFO] garden_cron: Cronjob complete — 0 garden(s) processed.
2026-05-01 17:48:54 [INFO] apscheduler.executors.default: Job "Garden AI Processing (trigger: interval[0:00:10], next run at: 2026-05-01 12:19:04 UTC)" executed successfully
2026-05-01 17:49:04 [INFO] apscheduler.executors.default: Running job "Garden AI Processing (trigger: interval[0:00:10], next run at: 2026-05-01 12:19:14 UTC)" (scheduled at 2026-05-01 12:19:04.723931+00:00)
2026-05-01 17:49:04 [INFO] garden_cron: [2026-05-01 17:49:04] Cronjob triggered
2026-05-01 17:49:04 [INFO] services.garden_processor: No garden updates with status='Ready to Process' found.
2026-05-01 17:49:04 [INFO] garden_cron: Cronjob complete — 0 garden(s) processed.
2026-05-01 17:49:04 [INFO] apscheduler.executors.default: Job "Garden AI Processing (trigger: interval[0:00:10], next run at: 2026-05-01 12:19:14 UTC)" executed successfully
2026-05-01 17:49:14 [INFO] apscheduler.executors.default: Running job "Garden AI Processing (trigger: interval[0:00:10], next run at: 2026-05-01 12:19:24 UTC)" (scheduled at 2026-05-01 12:19:14.723931+00:00)
2026-05-01 17:49:14 [INFO] garden_cron: [2026-05-01 17:49:14] Cronjob triggered
2026-05-01 17:49:14 [INFO] services.garden_processor: No garden updates with status='Ready to Process' found.
2026-05-01 17:49:14 [INFO] garden_cron: Cronjob complete — 0 garden(s) processed.
2026-05-01 17:49:14 [INFO] apscheduler.executors.default: Job "Garden AI Processing (trigger: interval[0:00:10], next run at: 2026-05-01 12:19:24 UTC)" executed successfully
2026-05-01 17:49:24 [INFO] apscheduler.executors.default: Running job "Garden AI Processing (trigger: interval[0:00:10], next run at: 2026-05-01 12:19:34 UTC)" (scheduled at 2026-05-01 12:19:24.723931+00:00)
2026-05-01 17:49:24 [INFO] garden_cron: [2026-05-01 17:49:24] Cronjob triggered
2026-05-01 17:49:24 [INFO] services.garden_processor: No garden updates with status='Ready to Process' found.
2026-05-01 17:49:24 [INFO] garden_cron: Cronjob complete — 0 garden(s) processed.
2026-05-01 17:49:24 [INFO] apscheduler.executors.default: Job "Garden AI Processing (trigger: interval[0:00:10], next run at: 2026-05-01 12:19:34 UTC)" executed successfully
2026-05-01 17:49:34 [INFO] apscheduler.executors.default: Running job "Garden AI Processing (trigger: interval[0:00:10], next run at: 2026-05-01 12:19:44 UTC)" (scheduled at 2026-05-01 12:19:34.723931+00:00)
2026-05-01 17:49:34 [INFO] garden_cron: [2026-05-01 17:49:34] Cronjob triggered
2026-05-01 17:49:34 [INFO] services.garden_processor: No garden updates with status='Ready to Process' found.
2026-05-01 17:49:34 [INFO] garden_cron: Cronjob complete — 0 garden(s) processed.
2026-05-01 17:49:34 [INFO] apscheduler.executors.default: Job "Garden AI Processing (trigger: interval[0:00:10], next run at: 2026-05-01 12:19:44 UTC)" executed successfully
2026-05-01 17:49:44 [INFO] apscheduler.executors.default: Running job "Garden AI Processing (trigger: interval[0:00:10], next run at: 2026-05-01 12:19:54 UTC)" (scheduled at 2026-05-01 12:19:44.723931+00:00)
2026-05-01 17:49:44 [INFO] garden_cron: [2026-05-01 17:49:44] Cronjob triggered
2026-05-01 17:49:44 [INFO] services.garden_processor: No garden updates with status='Ready to Process' found.
2026-05-01 17:49:44 [INFO] garden_cron: Cronjob complete — 0 garden(s) processed.
2026-05-01 17:49:44 [INFO] apscheduler.executors.default: Job "Garden AI Processing (trigger: interval[0:00:10], next run at: 2026-05-01 12:19:54 UTC)" executed successfully
2026-05-01 17:49:54 [INFO] apscheduler.executors.default: Running job "Garden AI Processing (trigger: interval[0:00:10], next run at: 2026-05-01 12:20:04 UTC)" (scheduled at 2026-05-01 12:19:54.723931+00:00)
2026-05-01 17:49:54 [INFO] garden_cron: [2026-05-01 17:49:54] Cronjob triggered
2026-05-01 17:49:54 [INFO] services.garden_processor: No garden updates with status='Ready to Process' found.
2026-05-01 17:49:54 [INFO] garden_cron: Cronjob complete — 0 garden(s) processed.
2026-05-01 17:49:54 [INFO] apscheduler.executors.default: Job "Garden AI Processing (trigger: interval[0:00:10], next run at: 2026-05-01 12:20:04 UTC)" executed successfully
2026-05-01 17:50:04 [INFO] apscheduler.executors.default: Running job "Garden AI Processing (trigger: interval[0:00:10], next run at: 2026-05-01 12:20:14 UTC)" (scheduled at 2026-05-01 12:20:04.723931+00:00)
2026-05-01 17:50:04 [INFO] garden_cron: [2026-05-01 17:50:04] Cronjob triggered
2026-05-01 17:50:04 [INFO] services.garden_processor: No garden updates with status='Ready to Process' found.
2026-05-01 17:50:04 [INFO] garden_cron: Cronjob complete — 0 garden(s) processed.
2026-05-01 17:50:04 [INFO] apscheduler.executors.default: Job "Garden AI Processing (trigger: interval[0:00:10], next run at: 2026-05-01 12:20:14 UTC)" executed successfully
2026-05-01 17:50:14 [INFO] apscheduler.executors.default: Running job "Garden AI Processing (trigger: interval[0:00:10], next run at: 2026-05-01 12:20:24 UTC)" (scheduled at 2026-05-01 12:20:14.723931+00:00)
2026-05-01 17:50:14 [INFO] garden_cron: [2026-05-01 17:50:14] Cronjob triggered
2026-05-01 17:50:14 [INFO] services.garden_processor: No garden updates with status='Ready to Process' found.
2026-05-01 17:50:14 [INFO] garden_cron: Cronjob complete — 0 garden(s) processed.
2026-05-01 17:50:14 [INFO] apscheduler.executors.default: Job "Garden AI Processing (trigger: interval[0:00:10], next run at: 2026-05-01 12:20:24 UTC)" executed successfully
2026-05-01 17:50:24 [INFO] apscheduler.executors.default: Running job "Garden AI Processing (trigger: interval[0:00:10], next run at: 2026-05-01 12:20:34 UTC)" (scheduled at 2026-05-01 12:20:24.723931+00:00)
2026-05-01 17:50:24 [INFO] garden_cron: [2026-05-01 17:50:24] Cronjob triggered
2026-05-01 17:50:24 [INFO] services.garden_processor: No garden updates with status='Ready to Process' found.
2026-05-01 17:50:24 [INFO] garden_cron: Cronjob complete — 0 garden(s) processed.
2026-05-01 17:50:24 [INFO] apscheduler.executors.default: Job "Garden AI Processing (trigger: interval[0:00:10], next run at: 2026-05-01 12:20:34 UTC)" executed successfully
2026-05-01 17:50:34 [INFO] apscheduler.executors.default: Running job "Garden AI Processing (trigger: interval[0:00:10], next run at: 2026-05-01 12:20:44 UTC)" (scheduled at 2026-05-01 12:20:34.723931+00:00)
2026-05-01 17:50:34 [INFO] garden_cron: [2026-05-01 17:50:34] Cronjob triggered
2026-05-01 17:50:34 [INFO] services.garden_processor: No garden updates with status='Ready to Process' found.
2026-05-01 17:50:34 [INFO] garden_cron: Cronjob complete — 0 garden(s) processed.
2026-05-01 17:50:34 [INFO] apscheduler.executors.default: Job "Garden AI Processing (trigger: interval[0:00:10], next run at: 2026-05-01 12:20:44 UTC)" executed successfully
2026-05-01 17:50:44 [INFO] apscheduler.executors.default: Running job "Garden AI Processing (trigger: interval[0:00:10], next run at: 2026-05-01 12:20:54 UTC)" (scheduled at 2026-05-01 12:20:44.723931+00:00)
2026-05-01 17:50:44 [INFO] garden_cron: [2026-05-01 17:50:44] Cronjob triggered
2026-05-01 17:50:44 [INFO] services.garden_processor: No garden updates with status='Ready to Process' found.
2026-05-01 17:50:44 [INFO] garden_cron: Cronjob complete — 0 garden(s) processed.
2026-05-01 17:50:44 [INFO] apscheduler.executors.default: Job "Garden AI Processing (trigger: interval[0:00:10], next run at: 2026-05-01 12:20:54 UTC)" executed successfully
2026-05-01 17:50:54 [INFO] apscheduler.executors.default: Running job "Garden AI Processing (trigger: interval[0:00:10], next run at: 2026-05-01 12:21:04 UTC)" (scheduled at 2026-05-01 12:20:54.723931+00:00)
2026-05-01 17:50:54 [INFO] garden_cron: [2026-05-01 17:50:54] Cronjob triggered
2026-05-01 17:50:54 [INFO] services.garden_processor: No garden updates with status='Ready to Process' found.
2026-05-01 17:50:54 [INFO] garden_cron: Cronjob complete — 0 garden(s) processed.
2026-05-01 17:50:54 [INFO] apscheduler.executors.default: Job "Garden AI Processing (trigger: interval[0:00:10], next run at: 2026-05-01 12:21:04 UTC)" executed successfully
2026-05-01 17:51:04 [INFO] apscheduler.executors.default: Running job "Garden AI Processing (trigger: interval[0:00:10], next run at: 2026-05-01 12:21:14 UTC)" (scheduled at 2026-05-01 12:21:04.723931+00:00)
2026-05-01 17:51:04 [INFO] garden_cron: [2026-05-01 17:51:04] Cronjob triggered
2026-05-01 17:51:04 [INFO] services.garden_processor: No garden updates with status='Ready to Process' found.
2026-05-01 17:51:04 [INFO] garden_cron: Cronjob complete — 0 garden(s) processed.
2026-05-01 17:51:04 [INFO] apscheduler.executors.default: Job "Garden AI Processing (trigger: interval[0:00:10], next run at: 2026-05-01 12:21:14 UTC)" executed successfully
2026-05-01 17:51:14 [INFO] apscheduler.executors.default: Running job "Garden AI Processing (trigger: interval[0:00:10], next run at: 2026-05-01 12:21:24 UTC)" (scheduled at 2026-05-01 12:21:14.723931+00:00)
2026-05-01 17:51:14 [INFO] garden_cron: [2026-05-01 17:51:14] Cronjob triggered
2026-05-01 17:51:14 [INFO] services.garden_processor: No garden updates with status='Ready to Process' found.
2026-05-01 17:51:14 [INFO] garden_cron: Cronjob complete — 0 garden(s) processed.
2026-05-01 17:51:14 [INFO] apscheduler.executors.default: Job "Garden AI Processing (trigger: interval[0:00:10], next run at: 2026-05-01 12:21:24 UTC)" executed successfully
2026-05-01 17:51:24 [INFO] apscheduler.executors.default: Running job "Garden AI Processing (trigger: interval[0:00:10], next run at: 2026-05-01 12:21:34 UTC)" (scheduled at 2026-05-01 12:21:24.723931+00:00)
2026-05-01 17:51:24 [INFO] garden_cron: [2026-05-01 17:51:24] Cronjob triggered
2026-05-01 17:51:24 [INFO] services.garden_processor: No garden updates with status='Ready to Process' found.
2026-05-01 17:51:24 [INFO] garden_cron: Cronjob complete — 0 garden(s) processed.
2026-05-01 17:51:24 [INFO] apscheduler.executors.default: Job "Garden AI Processing (trigger: interval[0:00:10], next run at: 2026-05-01 12:21:34 UTC)" executed successfully
2026-05-01 17:51:34 [INFO] apscheduler.executors.default: Running job "Garden AI Processing (trigger: interval[0:00:10], next run at: 2026-05-01 12:21:44 UTC)" (scheduled at 2026-05-01 12:21:34.723931+00:00)
2026-05-01 17:51:34 [INFO] garden_cron: [2026-05-01 17:51:34] Cronjob triggered
2026-05-01 17:51:34 [INFO] services.garden_processor: No garden updates with status='Ready to Process' found.
2026-05-01 17:51:34 [INFO] garden_cron: Cronjob complete — 0 garden(s) processed.
2026-05-01 17:51:34 [INFO] apscheduler.executors.default: Job "Garden AI Processing (trigger: interval[0:00:10], next run at: 2026-05-01 12:21:44 UTC)" executed successfully
2026-05-01 17:51:44 [INFO] apscheduler.executors.default: Running job "Garden AI Processing (trigger: interval[0:00:10], next run at: 2026-05-01 12:21:54 UTC)" (scheduled at 2026-05-01 12:21:44.723931+00:00)
2026-05-01 17:51:44 [INFO] garden_cron: [2026-05-01 17:51:44] Cronjob triggered
2026-05-01 17:51:44 [INFO] services.garden_processor: No garden updates with status='Ready to Process' found.
2026-05-01 17:51:44 [INFO] garden_cron: Cronjob complete — 0 garden(s) processed.
2026-05-01 17:51:44 [INFO] apscheduler.executors.default: Job "Garden AI Processing (trigger: interval[0:00:10], next run at: 2026-05-01 12:21:54 UTC)" executed successfully
2026-05-01 17:51:54 [INFO] apscheduler.executors.default: Running job "Garden AI Processing (trigger: interval[0:00:10], next run at: 2026-05-01 12:22:04 UTC)" (scheduled at 2026-05-01 12:21:54.723931+00:00)
2026-05-01 17:51:54 [INFO] garden_cron: [2026-05-01 17:51:54] Cronjob triggered
2026-05-01 17:51:54 [INFO] services.garden_processor: No garden updates with status='Ready to Process' found.
2026-05-01 17:51:54 [INFO] garden_cron: Cronjob complete — 0 garden(s) processed.
2026-05-01 17:51:54 [INFO] apscheduler.executors.default: Job "Garden AI Processing (trigger: interval[0:00:10], next run at: 2026-05-01 12:22:04 UTC)" executed successfully
2026-05-01 17:52:04 [INFO] apscheduler.executors.default: Running job "Garden AI Processing (trigger: interval[0:00:10], next run at: 2026-05-01 12:22:14 UTC)" (scheduled at 2026-05-01 12:22:04.723931+00:00)
2026-05-01 17:52:04 [INFO] garden_cron: [2026-05-01 17:52:04] Cronjob triggered
2026-05-01 17:52:04 [INFO] services.garden_processor: No garden updates with status='Ready to Process' found.
2026-05-01 17:52:04 [INFO] garden_cron: Cronjob complete — 0 garden(s) processed.
2026-05-01 17:52:04 [INFO] apscheduler.executors.default: Job "Garden AI Processing (trigger: interval[0:00:10], next run at: 2026-05-01 12:22:14 UTC)" executed successfully
2026-05-01 17:52:14 [INFO] apscheduler.executors.default: Running job "Garden AI Processing (trigger: interval[0:00:10], next run at: 2026-05-01 12:22:24 UTC)" (scheduled at 2026-05-01 12:22:14.723931+00:00)
2026-05-01 17:52:14 [INFO] garden_cron: [2026-05-01 17:52:14] Cronjob triggered
2026-05-01 17:52:14 [INFO] services.garden_processor: No garden updates with status='Ready to Process' found.
2026-05-01 17:52:14 [INFO] garden_cron: Cronjob complete — 0 garden(s) processed.
2026-05-01 17:52:14 [INFO] apscheduler.executors.default: Job "Garden AI Processing (trigger: interval[0:00:10], next run at: 2026-05-01 12:22:24 UTC)" executed successfully
2026-05-01 17:52:24 [INFO] apscheduler.executors.default: Running job "Garden AI Processing (trigger: interval[0:00:10], next run at: 2026-05-01 12:22:34 UTC)" (scheduled at 2026-05-01 12:22:24.723931+00:00)
2026-05-01 17:52:24 [INFO] garden_cron: [2026-05-01 17:52:24] Cronjob triggered
2026-05-01 17:52:24 [INFO] services.garden_processor: No garden updates with status='Ready to Process' found.
2026-05-01 17:52:24 [INFO] garden_cron: Cronjob complete — 0 garden(s) processed.
2026-05-01 17:52:24 [INFO] apscheduler.executors.default: Job "Garden AI Processing (trigger: interval[0:00:10], next run at: 2026-05-01 12:22:34 UTC)" executed successfully
2026-05-01 17:52:34 [INFO] apscheduler.executors.default: Running job "Garden AI Processing (trigger: interval[0:00:10], next run at: 2026-05-01 12:22:44 UTC)" (scheduled at 2026-05-01 12:22:34.723931+00:00)
2026-05-01 17:52:34 [INFO] garden_cron: [2026-05-01 17:52:34] Cronjob triggered
2026-05-01 17:52:34 [INFO] services.garden_processor: No garden updates with status='Ready to Process' found.
2026-05-01 17:52:34 [INFO] garden_cron: Cronjob complete — 0 garden(s) processed.
2026-05-01 17:52:34 [INFO] apscheduler.executors.default: Job "Garden AI Processing (trigger: interval[0:00:10], next run at: 2026-05-01 12:22:44 UTC)" executed successfully
2026-05-01 17:52:44 [INFO] apscheduler.executors.default: Running job "Garden AI Processing (trigger: interval[0:00:10], next run at: 2026-05-01 12:22:54 UTC)" (scheduled at 2026-05-01 12:22:44.723931+00:00)
2026-05-01 17:52:44 [INFO] garden_cron: [2026-05-01 17:52:44] Cronjob triggered
2026-05-01 17:52:44 [INFO] services.garden_processor: No garden updates with status='Ready to Process' found.
2026-05-01 17:52:44 [INFO] garden_cron: Cronjob complete — 0 garden(s) processed.
2026-05-01 17:52:44 [INFO] apscheduler.executors.default: Job "Garden AI Processing (trigger: interval[0:00:10], next run at: 2026-05-01 12:22:54 UTC)" executed successfully
2026-05-01 17:52:54 [INFO] apscheduler.executors.default: Running job "Garden AI Processing (trigger: interval[0:00:10], next run at: 2026-05-01 12:23:04 UTC)" (scheduled at 2026-05-01 12:22:54.723931+00:00)
2026-05-01 17:52:54 [INFO] garden_cron: [2026-05-01 17:52:54] Cronjob triggered
2026-05-01 17:52:54 [INFO] services.garden_processor: No garden updates with status='Ready to Process' found.
2026-05-01 17:52:54 [INFO] garden_cron: Cronjob complete — 0 garden(s) processed.
2026-05-01 17:52:54 [INFO] apscheduler.executors.default: Job "Garden AI Processing (trigger: interval[0:00:10], next run at: 2026-05-01 12:23:04 UTC)" executed successfully
2026-05-01 17:53:04 [INFO] apscheduler.executors.default: Running job "Garden AI Processing (trigger: interval[0:00:10], next run at: 2026-05-01 12:23:14 UTC)" (scheduled at 2026-05-01 12:23:04.723931+00:00)
2026-05-01 17:53:04 [INFO] garden_cron: [2026-05-01 17:53:04] Cronjob triggered
2026-05-01 17:53:04 [INFO] services.garden_processor: No garden updates with status='Ready to Process' found.
2026-05-01 17:53:04 [INFO] garden_cron: Cronjob complete — 0 garden(s) processed.
2026-05-01 17:53:04 [INFO] apscheduler.executors.default: Job "Garden AI Processing (trigger: interval[0:00:10], next run at: 2026-05-01 12:23:14 UTC)" executed successfully
2026-05-01 17:53:14 [INFO] apscheduler.executors.default: Running job "Garden AI Processing (trigger: interval[0:00:10], next run at: 2026-05-01 12:23:24 UTC)" (scheduled at 2026-05-01 12:23:14.723931+00:00)
2026-05-01 17:53:14 [INFO] garden_cron: [2026-05-01 17:53:14] Cronjob triggered
2026-05-01 17:53:14 [INFO] services.garden_processor: No garden updates with status='Ready to Process' found.
2026-05-01 17:53:14 [INFO] garden_cron: Cronjob complete — 0 garden(s) processed.
2026-05-01 17:53:14 [INFO] apscheduler.executors.default: Job "Garden AI Processing (trigger: interval[0:00:10], next run at: 2026-05-01 12:23:24 UTC)" executed successfully
2026-05-01 17:53:24 [INFO] apscheduler.executors.default: Running job "Garden AI Processing (trigger: interval[0:00:10], next run at: 2026-05-01 12:23:34 UTC)" (scheduled at 2026-05-01 12:23:24.723931+00:00)
2026-05-01 17:53:24 [INFO] garden_cron: [2026-05-01 17:53:24] Cronjob triggered
2026-05-01 17:53:24 [INFO] services.garden_processor: No garden updates with status='Ready to Process' found.
2026-05-01 17:53:24 [INFO] garden_cron: Cronjob complete — 0 garden(s) processed.
2026-05-01 17:53:24 [INFO] apscheduler.executors.default: Job "Garden AI Processing (trigger: interval[0:00:10], next run at: 2026-05-01 12:23:34 UTC)" executed successfully
2026-05-01 17:53:34 [INFO] apscheduler.executors.default: Running job "Garden AI Processing (trigger: interval[0:00:10], next run at: 2026-05-01 12:23:44 UTC)" (scheduled at 2026-05-01 12:23:34.723931+00:00)
2026-05-01 17:53:34 [INFO] garden_cron: [2026-05-01 17:53:34] Cronjob triggered
2026-05-01 17:53:34 [INFO] services.garden_processor: No garden updates with status='Ready to Process' found.
2026-05-01 17:53:34 [INFO] garden_cron: Cronjob complete — 0 garden(s) processed.
2026-05-01 17:53:34 [INFO] apscheduler.executors.default: Job "Garden AI Processing (trigger: interval[0:00:10], next run at: 2026-05-01 12:23:44 UTC)" executed successfully
2026-05-01 17:53:44 [INFO] apscheduler.executors.default: Running job "Garden AI Processing (trigger: interval[0:00:10], next run at: 2026-05-01 12:23:54 UTC)" (scheduled at 2026-05-01 12:23:44.723931+00:00)
2026-05-01 17:53:44 [INFO] garden_cron: [2026-05-01 17:53:44] Cronjob triggered
2026-05-01 17:53:44 [INFO] services.garden_processor: No garden updates with status='Ready to Process' found.
2026-05-01 17:53:44 [INFO] garden_cron: Cronjob complete — 0 garden(s) processed.
2026-05-01 17:53:44 [INFO] apscheduler.executors.default: Job "Garden AI Processing (trigger: interval[0:00:10], next run at: 2026-05-01 12:23:54 UTC)" executed successfully
2026-05-01 17:53:54 [INFO] apscheduler.executors.default: Running job "Garden AI Processing (trigger: interval[0:00:10], next run at: 2026-05-01 12:24:04 UTC)" (scheduled at 2026-05-01 12:23:54.723931+00:00)
2026-05-01 17:53:54 [INFO] garden_cron: [2026-05-01 17:53:54] Cronjob triggered
2026-05-01 17:53:54 [INFO] services.garden_processor: No garden updates with status='Ready to Process' found.
2026-05-01 17:53:54 [INFO] garden_cron: Cronjob complete — 0 garden(s) processed.
2026-05-01 17:53:54 [INFO] apscheduler.executors.default: Job "Garden AI Processing (trigger: interval[0:00:10], next run at: 2026-05-01 12:24:04 UTC)" executed successfully
2026-05-01 17:54:04 [INFO] apscheduler.executors.default: Running job "Garden AI Processing (trigger: interval[0:00:10], next run at: 2026-05-01 12:24:14 UTC)" (scheduled at 2026-05-01 12:24:04.723931+00:00)
2026-05-01 17:54:04 [INFO] garden_cron: [2026-05-01 17:54:04] Cronjob triggered
2026-05-01 17:54:04 [INFO] services.garden_processor: No garden updates with status='Ready to Process' found.
2026-05-01 17:54:04 [INFO] garden_cron: Cronjob complete — 0 garden(s) processed.
2026-05-01 17:54:04 [INFO] apscheduler.executors.default: Job "Garden AI Processing (trigger: interval[0:00:10], next run at: 2026-05-01 12:24:14 UTC)" executed successfully
2026-05-01 17:54:14 [INFO] apscheduler.executors.default: Running job "Garden AI Processing (trigger: interval[0:00:10], next run at: 2026-05-01 12:24:24 UTC)" (scheduled at 2026-05-01 12:24:14.723931+00:00)
2026-05-01 17:54:14 [INFO] garden_cron: [2026-05-01 17:54:14] Cronjob triggered
2026-05-01 17:54:14 [INFO] services.garden_processor: No garden updates with status='Ready to Process' found.
2026-05-01 17:54:14 [INFO] garden_cron: Cronjob complete — 0 garden(s) processed.
2026-05-01 17:54:14 [INFO] apscheduler.executors.default: Job "Garden AI Processing (trigger: interval[0:00:10], next run at: 2026-05-01 12:24:24 UTC)" executed successfully
2026-05-01 17:54:24 [INFO] apscheduler.executors.default: Running job "Garden AI Processing (trigger: interval[0:00:10], next run at: 2026-05-01 12:24:34 UTC)" (scheduled at 2026-05-01 12:24:24.723931+00:00)
2026-05-01 17:54:24 [INFO] garden_cron: [2026-05-01 17:54:24] Cronjob triggered
2026-05-01 17:54:24 [INFO] services.garden_processor: No garden updates with status='Ready to Process' found.
2026-05-01 17:54:24 [INFO] garden_cron: Cronjob complete — 0 garden(s) processed.
2026-05-01 17:54:24 [INFO] apscheduler.executors.default: Job "Garden AI Processing (trigger: interval[0:00:10], next run at: 2026-05-01 12:24:34 UTC)" executed successfully
2026-05-01 17:54:34 [INFO] apscheduler.executors.default: Running job "Garden AI Processing (trigger: interval[0:00:10], next run at: 2026-05-01 12:24:44 UTC)" (scheduled at 2026-05-01 12:24:34.723931+00:00)
2026-05-01 17:54:34 [INFO] garden_cron: [2026-05-01 17:54:34] Cronjob triggered
2026-05-01 17:54:34 [INFO] services.garden_processor: No garden updates with status='Ready to Process' found.
2026-05-01 17:54:34 [INFO] garden_cron: Cronjob complete — 0 garden(s) processed.
2026-05-01 17:54:34 [INFO] apscheduler.executors.default: Job "Garden AI Processing (trigger: interval[0:00:10], next run at: 2026-05-01 12:24:44 UTC)" executed successfully
2026-05-01 17:54:44 [INFO] apscheduler.executors.default: Running job "Garden AI Processing (trigger: interval[0:00:10], next run at: 2026-05-01 12:24:54 UTC)" (scheduled at 2026-05-01 12:24:44.723931+00:00)
2026-05-01 17:54:44 [INFO] garden_cron: [2026-05-01 17:54:44] Cronjob triggered
2026-05-01 17:54:44 [INFO] services.garden_processor: No garden updates with status='Ready to Process' found.
2026-05-01 17:54:44 [INFO] garden_cron: Cronjob complete — 0 garden(s) processed.
2026-05-01 17:54:44 [INFO] apscheduler.executors.default: Job "Garden AI Processing (trigger: interval[0:00:10], next run at: 2026-05-01 12:24:54 UTC)" executed successfully
2026-05-01 17:54:54 [INFO] apscheduler.executors.default: Running job "Garden AI Processing (trigger: interval[0:00:10], next run at: 2026-05-01 12:25:04 UTC)" (scheduled at 2026-05-01 12:24:54.723931+00:00)
2026-05-01 17:54:54 [INFO] garden_cron: [2026-05-01 17:54:54] Cronjob triggered
2026-05-01 17:54:54 [INFO] services.garden_processor: No garden updates with status='Ready to Process' found.
2026-05-01 17:54:54 [INFO] garden_cron: Cronjob complete — 0 garden(s) processed.
2026-05-01 17:54:54 [INFO] apscheduler.executors.default: Job "Garden AI Processing (trigger: interval[0:00:10], next run at: 2026-05-01 12:25:04 UTC)" executed successfully
2026-05-01 17:55:04 [INFO] apscheduler.executors.default: Running job "Garden AI Processing (trigger: interval[0:00:10], next run at: 2026-05-01 12:25:14 UTC)" (scheduled at 2026-05-01 12:25:04.723931+00:00)
2026-05-01 17:55:04 [INFO] garden_cron: [2026-05-01 17:55:04] Cronjob triggered
2026-05-01 17:55:04 [INFO] services.garden_processor: No garden updates with status='Ready to Process' found.
2026-05-01 17:55:04 [INFO] garden_cron: Cronjob complete — 0 garden(s) processed.
2026-05-01 17:55:04 [INFO] apscheduler.executors.default: Job "Garden AI Processing (trigger: interval[0:00:10], next run at: 2026-05-01 12:25:14 UTC)" executed successfully
2026-05-01 17:55:14 [INFO] apscheduler.executors.default: Running job "Garden AI Processing (trigger: interval[0:00:10], next run at: 2026-05-01 12:25:24 UTC)" (scheduled at 2026-05-01 12:25:14.723931+00:00)
2026-05-01 17:55:14 [INFO] garden_cron: [2026-05-01 17:55:14] Cronjob triggered
2026-05-01 17:55:14 [INFO] services.garden_processor: No garden updates with status='Ready to Process' found.
2026-05-01 17:55:14 [INFO] garden_cron: Cronjob complete — 0 garden(s) processed.
2026-05-01 17:55:14 [INFO] apscheduler.executors.default: Job "Garden AI Processing (trigger: interval[0:00:10], next run at: 2026-05-01 12:25:24 UTC)" executed successfully
2026-05-01 17:55:24 [INFO] apscheduler.executors.default: Running job "Garden AI Processing (trigger: interval[0:00:10], next run at: 2026-05-01 12:25:34 UTC)" (scheduled at 2026-05-01 12:25:24.723931+00:00)
2026-05-01 17:55:24 [INFO] garden_cron: [2026-05-01 17:55:24] Cronjob triggered
2026-05-01 17:55:24 [INFO] services.garden_processor: No garden updates with status='Ready to Process' found.
2026-05-01 17:55:24 [INFO] garden_cron: Cronjob complete — 0 garden(s) processed.
2026-05-01 17:55:24 [INFO] apscheduler.executors.default: Job "Garden AI Processing (trigger: interval[0:00:10], next run at: 2026-05-01 12:25:34 UTC)" executed successfully
2026-05-01 17:55:34 [INFO] apscheduler.executors.default: Running job "Garden AI Processing (trigger: interval[0:00:10], next run at: 2026-05-01 12:25:44 UTC)" (scheduled at 2026-05-01 12:25:34.723931+00:00)
2026-05-01 17:55:34 [INFO] garden_cron: [2026-05-01 17:55:34] Cronjob triggered
2026-05-01 17:55:34 [INFO] services.garden_processor: No garden updates with status='Ready to Process' found.
2026-05-01 17:55:34 [INFO] garden_cron: Cronjob complete — 0 garden(s) processed.
2026-05-01 17:55:34 [INFO] apscheduler.executors.default: Job "Garden AI Processing (trigger: interval[0:00:10], next run at: 2026-05-01 12:25:44 UTC)" executed successfully
2026-05-01 17:55:44 [INFO] apscheduler.executors.default: Running job "Garden AI Processing (trigger: interval[0:00:10], next run at: 2026-05-01 12:25:54 UTC)" (scheduled at 2026-05-01 12:25:44.723931+00:00)
2026-05-01 17:55:44 [INFO] garden_cron: [2026-05-01 17:55:44] Cronjob triggered
2026-05-01 17:55:44 [INFO] services.garden_processor: No garden updates with status='Ready to Process' found.
2026-05-01 17:55:44 [INFO] garden_cron: Cronjob complete — 0 garden(s) processed.
2026-05-01 17:55:44 [INFO] apscheduler.executors.default: Job "Garden AI Processing (trigger: interval[0:00:10], next run at: 2026-05-01 12:25:54 UTC)" executed successfully
2026-05-01 17:55:54 [INFO] apscheduler.executors.default: Running job "Garden AI Processing (trigger: interval[0:00:10], next run at: 2026-05-01 12:26:04 UTC)" (scheduled at 2026-05-01 12:25:54.723931+00:00)
2026-05-01 17:55:54 [INFO] garden_cron: [2026-05-01 17:55:54] Cronjob triggered
2026-05-01 17:55:54 [INFO] services.garden_processor: No garden updates with status='Ready to Process' found.
2026-05-01 17:55:54 [INFO] garden_cron: Cronjob complete — 0 garden(s) processed.
2026-05-01 17:55:54 [INFO] apscheduler.executors.default: Job "Garden AI Processing (trigger: interval[0:00:10], next run at: 2026-05-01 12:26:04 UTC)" executed successfully
2026-05-01 17:56:04 [INFO] apscheduler.executors.default: Running job "Garden AI Processing (trigger: interval[0:00:10], next run at: 2026-05-01 12:26:14 UTC)" (scheduled at 2026-05-01 12:26:04.723931+00:00)
2026-05-01 17:56:04 [INFO] garden_cron: [2026-05-01 17:56:04] Cronjob triggered
2026-05-01 17:56:04 [INFO] services.garden_processor: No garden updates with status='Ready to Process' found.
2026-05-01 17:56:04 [INFO] garden_cron: Cronjob complete — 0 garden(s) processed.
2026-05-01 17:56:04 [INFO] apscheduler.executors.default: Job "Garden AI Processing (trigger: interval[0:00:10], next run at: 2026-05-01 12:26:14 UTC)" executed successfully
2026-05-01 17:56:14 [INFO] apscheduler.executors.default: Running job "Garden AI Processing (trigger: interval[0:00:10], next run at: 2026-05-01 12:26:24 UTC)" (scheduled at 2026-05-01 12:26:14.723931+00:00)
2026-05-01 17:56:14 [INFO] garden_cron: [2026-05-01 17:56:14] Cronjob triggered
2026-05-01 17:56:14 [INFO] services.garden_processor: No garden updates with status='Ready to Process' found.
2026-05-01 17:56:14 [INFO] garden_cron: Cronjob complete — 0 garden(s) processed.
2026-05-01 17:56:14 [INFO] apscheduler.executors.default: Job "Garden AI Processing (trigger: interval[0:00:10], next run at: 2026-05-01 12:26:24 UTC)" executed successfully
2026-05-01 17:56:24 [INFO] apscheduler.executors.default: Running job "Garden AI Processing (trigger: interval[0:00:10], next run at: 2026-05-01 12:26:34 UTC)" (scheduled at 2026-05-01 12:26:24.723931+00:00)
2026-05-01 17:56:24 [INFO] garden_cron: [2026-05-01 17:56:24] Cronjob triggered
2026-05-01 17:56:24 [INFO] services.garden_processor: No garden updates with status='Ready to Process' found.
2026-05-01 17:56:24 [INFO] garden_cron: Cronjob complete — 0 garden(s) processed.
2026-05-01 17:56:24 [INFO] apscheduler.executors.default: Job "Garden AI Processing (trigger: interval[0:00:10], next run at: 2026-05-01 12:26:34 UTC)" executed successfully
2026-05-01 17:56:34 [INFO] apscheduler.executors.default: Running job "Garden AI Processing (trigger: interval[0:00:10], next run at: 2026-05-01 12:26:44 UTC)" (scheduled at 2026-05-01 12:26:34.723931+00:00)
2026-05-01 17:56:34 [INFO] garden_cron: [2026-05-01 17:56:34] Cronjob triggered
2026-05-01 17:56:34 [INFO] services.garden_processor: No garden updates with status='Ready to Process' found.
2026-05-01 17:56:34 [INFO] garden_cron: Cronjob complete — 0 garden(s) processed.
2026-05-01 17:56:34 [INFO] apscheduler.executors.default: Job "Garden AI Processing (trigger: interval[0:00:10], next run at: 2026-05-01 12:26:44 UTC)" executed successfully
2026-05-01 17:56:44 [INFO] apscheduler.executors.default: Running job "Garden AI Processing (trigger: interval[0:00:10], next run at: 2026-05-01 12:26:54 UTC)" (scheduled at 2026-05-01 12:26:44.723931+00:00)
2026-05-01 17:56:44 [INFO] garden_cron: [2026-05-01 17:56:44] Cronjob triggered
2026-05-01 17:56:44 [INFO] services.garden_processor: No garden updates with status='Ready to Process' found.
2026-05-01 17:56:44 [INFO] garden_cron: Cronjob complete — 0 garden(s) processed.
2026-05-01 17:56:44 [INFO] apscheduler.executors.default: Job "Garden AI Processing (trigger: interval[0:00:10], next run at: 2026-05-01 12:26:54 UTC)" executed successfully
2026-05-01 17:56:54 [INFO] apscheduler.executors.default: Running job "Garden AI Processing (trigger: interval[0:00:10], next run at: 2026-05-01 12:27:04 UTC)" (scheduled at 2026-05-01 12:26:54.723931+00:00)
2026-05-01 17:56:54 [INFO] garden_cron: [2026-05-01 17:56:54] Cronjob triggered
2026-05-01 17:56:54 [INFO] services.garden_processor: No garden updates with status='Ready to Process' found.
2026-05-01 17:56:54 [INFO] garden_cron: Cronjob complete — 0 garden(s) processed.
2026-05-01 17:56:54 [INFO] apscheduler.executors.default: Job "Garden AI Processing (trigger: interval[0:00:10], next run at: 2026-05-01 12:27:04 UTC)" executed successfully
2026-05-01 17:57:04 [INFO] apscheduler.executors.default: Running job "Garden AI Processing (trigger: interval[0:00:10], next run at: 2026-05-01 12:27:14 UTC)" (scheduled at 2026-05-01 12:27:04.723931+00:00)
2026-05-01 17:57:04 [INFO] garden_cron: [2026-05-01 17:57:04] Cronjob triggered
2026-05-01 17:57:04 [INFO] services.garden_processor: No garden updates with status='Ready to Process' found.
2026-05-01 17:57:04 [INFO] garden_cron: Cronjob complete — 0 garden(s) processed.
2026-05-01 17:57:04 [INFO] apscheduler.executors.default: Job "Garden AI Processing (trigger: interval[0:00:10], next run at: 2026-05-01 12:27:14 UTC)" executed successfully
2026-05-01 17:57:14 [INFO] apscheduler.executors.default: Running job "Garden AI Processing (trigger: interval[0:00:10], next run at: 2026-05-01 12:27:24 UTC)" (scheduled at 2026-05-01 12:27:14.723931+00:00)
2026-05-01 17:57:14 [INFO] garden_cron: [2026-05-01 17:57:14] Cronjob triggered
2026-05-01 17:57:14 [INFO] services.garden_processor: No garden updates with status='Ready to Process' found.
2026-05-01 17:57:14 [INFO] garden_cron: Cronjob complete — 0 garden(s) processed.
2026-05-01 17:57:14 [INFO] apscheduler.executors.default: Job "Garden AI Processing (trigger: interval[0:00:10], next run at: 2026-05-01 12:27:24 UTC)" executed successfully
2026-05-01 17:57:24 [INFO] apscheduler.executors.default: Running job "Garden AI Processing (trigger: interval[0:00:10], next run at: 2026-05-01 12:27:34 UTC)" (scheduled at 2026-05-01 12:27:24.723931+00:00)
2026-05-01 17:57:24 [INFO] garden_cron: [2026-05-01 17:57:24] Cronjob triggered
2026-05-01 17:57:24 [INFO] services.garden_processor: No garden updates with status='Ready to Process' found.
2026-05-01 17:57:24 [INFO] garden_cron: Cronjob complete — 0 garden(s) processed.
2026-05-01 17:57:24 [INFO] apscheduler.executors.default: Job "Garden AI Processing (trigger: interval[0:00:10], next run at: 2026-05-01 12:27:34 UTC)" executed successfully
2026-05-01 17:57:34 [INFO] apscheduler.executors.default: Running job "Garden AI Processing (trigger: interval[0:00:10], next run at: 2026-05-01 12:27:44 UTC)" (scheduled at 2026-05-01 12:27:34.723931+00:00)
2026-05-01 17:57:34 [INFO] garden_cron: [2026-05-01 17:57:34] Cronjob triggered
2026-05-01 17:57:34 [INFO] services.garden_processor: No garden updates with status='Ready to Process' found.
2026-05-01 17:57:34 [INFO] garden_cron: Cronjob complete — 0 garden(s) processed.
2026-05-01 17:57:34 [INFO] apscheduler.executors.default: Job "Garden AI Processing (trigger: interval[0:00:10], next run at: 2026-05-01 12:27:44 UTC)" executed successfully
2026-05-01 17:57:44 [INFO] apscheduler.executors.default: Running job "Garden AI Processing (trigger: interval[0:00:10], next run at: 2026-05-01 12:27:54 UTC)" (scheduled at 2026-05-01 12:27:44.723931+00:00)
2026-05-01 17:57:44 [INFO] garden_cron: [2026-05-01 17:57:44] Cronjob triggered
2026-05-01 17:57:44 [INFO] services.garden_processor: No garden updates with status='Ready to Process' found.
2026-05-01 17:57:44 [INFO] garden_cron: Cronjob complete — 0 garden(s) processed.
2026-05-01 17:57:44 [INFO] apscheduler.executors.default: Job "Garden AI Processing (trigger: interval[0:00:10], next run at: 2026-05-01 12:27:54 UTC)" executed successfully
2026-05-01 17:57:54 [INFO] apscheduler.executors.default: Running job "Garden AI Processing (trigger: interval[0:00:10], next run at: 2026-05-01 12:28:04 UTC)" (scheduled at 2026-05-01 12:27:54.723931+00:00)
2026-05-01 17:57:54 [INFO] garden_cron: [2026-05-01 17:57:54] Cronjob triggered
2026-05-01 17:57:54 [INFO] services.garden_processor: No garden updates with status='Ready to Process' found.
2026-05-01 17:57:54 [INFO] garden_cron: Cronjob complete — 0 garden(s) processed.
2026-05-01 17:57:54 [INFO] apscheduler.executors.default: Job "Garden AI Processing (trigger: interval[0:00:10], next run at: 2026-05-01 12:28:04 UTC)" executed successfully
2026-05-01 17:58:04 [INFO] apscheduler.executors.default: Running job "Garden AI Processing (trigger: interval[0:00:10], next run at: 2026-05-01 12:28:14 UTC)" (scheduled at 2026-05-01 12:28:04.723931+00:00)
2026-05-01 17:58:04 [INFO] garden_cron: [2026-05-01 17:58:04] Cronjob triggered
2026-05-01 17:58:04 [INFO] services.garden_processor: No garden updates with status='Ready to Process' found.
2026-05-01 17:58:04 [INFO] garden_cron: Cronjob complete — 0 garden(s) processed.
2026-05-01 17:58:04 [INFO] apscheduler.executors.default: Job "Garden AI Processing (trigger: interval[0:00:10], next run at: 2026-05-01 12:28:14 UTC)" executed successfully
2026-05-01 17:58:14 [INFO] apscheduler.executors.default: Running job "Garden AI Processing (trigger: interval[0:00:10], next run at: 2026-05-01 12:28:24 UTC)" (scheduled at 2026-05-01 12:28:14.723931+00:00)
2026-05-01 17:58:14 [INFO] garden_cron: [2026-05-01 17:58:14] Cronjob triggered
2026-05-01 17:58:14 [INFO] services.garden_processor: No garden updates with status='Ready to Process' found.
2026-05-01 17:58:14 [INFO] garden_cron: Cronjob complete — 0 garden(s) processed.
2026-05-01 17:58:14 [INFO] apscheduler.executors.default: Job "Garden AI Processing (trigger: interval[0:00:10], next run at: 2026-05-01 12:28:24 UTC)" executed successfully
2026-05-01 17:58:24 [INFO] apscheduler.executors.default: Running job "Garden AI Processing (trigger: interval[0:00:10], next run at: 2026-05-01 12:28:34 UTC)" (scheduled at 2026-05-01 12:28:24.723931+00:00)
2026-05-01 17:58:24 [INFO] garden_cron: [2026-05-01 17:58:24] Cronjob triggered
2026-05-01 17:58:24 [INFO] services.garden_processor: No garden updates with status='Ready to Process' found.
2026-05-01 17:58:24 [INFO] garden_cron: Cronjob complete — 0 garden(s) processed.
2026-05-01 17:58:24 [INFO] apscheduler.executors.default: Job "Garden AI Processing (trigger: interval[0:00:10], next run at: 2026-05-01 12:28:34 UTC)" executed successfully
2026-05-01 17:58:34 [INFO] apscheduler.executors.default: Running job "Garden AI Processing (trigger: interval[0:00:10], next run at: 2026-05-01 12:28:44 UTC)" (scheduled at 2026-05-01 12:28:34.723931+00:00)
2026-05-01 17:58:34 [INFO] garden_cron: [2026-05-01 17:58:34] Cronjob triggered
2026-05-01 17:58:34 [INFO] services.garden_processor: No garden updates with status='Ready to Process' found.
2026-05-01 17:58:34 [INFO] garden_cron: Cronjob complete — 0 garden(s) processed.
2026-05-01 17:58:34 [INFO] apscheduler.executors.default: Job "Garden AI Processing (trigger: interval[0:00:10], next run at: 2026-05-01 12:28:44 UTC)" executed successfully
2026-05-01 17:58:44 [INFO] apscheduler.executors.default: Running job "Garden AI Processing (trigger: interval[0:00:10], next run at: 2026-05-01 12:28:54 UTC)" (scheduled at 2026-05-01 12:28:44.723931+00:00)
2026-05-01 17:58:44 [INFO] garden_cron: [2026-05-01 17:58:44] Cronjob triggered
2026-05-01 17:58:44 [INFO] services.garden_processor: No garden updates with status='Ready to Process' found.
2026-05-01 17:58:44 [INFO] garden_cron: Cronjob complete — 0 garden(s) processed.
2026-05-01 17:58:44 [INFO] apscheduler.executors.default: Job "Garden AI Processing (trigger: interval[0:00:10], next run at: 2026-05-01 12:28:54 UTC)" executed successfully
2026-05-01 17:58:54 [INFO] apscheduler.executors.default: Running job "Garden AI Processing (trigger: interval[0:00:10], next run at: 2026-05-01 12:29:04 UTC)" (scheduled at 2026-05-01 12:28:54.723931+00:00)
2026-05-01 17:58:54 [INFO] garden_cron: [2026-05-01 17:58:54] Cronjob triggered
2026-05-01 17:58:54 [INFO] services.garden_processor: No garden updates with status='Ready to Process' found.
2026-05-01 17:58:54 [INFO] garden_cron: Cronjob complete — 0 garden(s) processed.
2026-05-01 17:58:54 [INFO] apscheduler.executors.default: Job "Garden AI Processing (trigger: interval[0:00:10], next run at: 2026-05-01 12:29:04 UTC)" executed successfully
2026-05-01 17:59:04 [INFO] apscheduler.executors.default: Running job "Garden AI Processing (trigger: interval[0:00:10], next run at: 2026-05-01 12:29:14 UTC)" (scheduled at 2026-05-01 12:29:04.723931+00:00)
2026-05-01 17:59:04 [INFO] garden_cron: [2026-05-01 17:59:04] Cronjob triggered
2026-05-01 17:59:04 [INFO] services.garden_processor: No garden updates with status='Ready to Process' found.
2026-05-01 17:59:04 [INFO] garden_cron: Cronjob complete — 0 garden(s) processed.
2026-05-01 17:59:04 [INFO] apscheduler.executors.default: Job "Garden AI Processing (trigger: interval[0:00:10], next run at: 2026-05-01 12:29:14 UTC)" executed successfully
2026-05-01 17:59:14 [INFO] apscheduler.executors.default: Running job "Garden AI Processing (trigger: interval[0:00:10], next run at: 2026-05-01 12:29:24 UTC)" (scheduled at 2026-05-01 12:29:14.723931+00:00)
2026-05-01 17:59:14 [INFO] garden_cron: [2026-05-01 17:59:14] Cronjob triggered
2026-05-01 17:59:14 [INFO] services.garden_processor: No garden updates with status='Ready to Process' found.
2026-05-01 17:59:14 [INFO] garden_cron: Cronjob complete — 0 garden(s) processed.
2026-05-01 17:59:14 [INFO] apscheduler.executors.default: Job "Garden AI Processing (trigger: interval[0:00:10], next run at: 2026-05-01 12:29:24 UTC)" executed successfully
2026-05-01 17:59:24 [INFO] apscheduler.executors.default: Running job "Garden AI Processing (trigger: interval[0:00:10], next run at: 2026-05-01 12:29:34 UTC)" (scheduled at 2026-05-01 12:29:24.723931+00:00)
2026-05-01 17:59:24 [INFO] garden_cron: [2026-05-01 17:59:24] Cronjob triggered
2026-05-01 17:59:24 [INFO] services.garden_processor: No garden updates with status='Ready to Process' found.
2026-05-01 17:59:24 [INFO] garden_cron: Cronjob complete — 0 garden(s) processed.
2026-05-01 17:59:24 [INFO] apscheduler.executors.default: Job "Garden AI Processing (trigger: interval[0:00:10], next run at: 2026-05-01 12:29:34 UTC)" executed successfully
2026-05-01 17:59:34 [INFO] apscheduler.executors.default: Running job "Garden AI Processing (trigger: interval[0:00:10], next run at: 2026-05-01 12:29:44 UTC)" (scheduled at 2026-05-01 12:29:34.723931+00:00)
2026-05-01 17:59:34 [INFO] garden_cron: [2026-05-01 17:59:34] Cronjob triggered
2026-05-01 17:59:34 [INFO] services.garden_processor: No garden updates with status='Ready to Process' found.
2026-05-01 17:59:34 [INFO] garden_cron: Cronjob complete — 0 garden(s) processed.
2026-05-01 17:59:34 [INFO] apscheduler.executors.default: Job "Garden AI Processing (trigger: interval[0:00:10], next run at: 2026-05-01 12:29:44 UTC)" executed successfully
2026-05-01 17:59:44 [INFO] apscheduler.executors.default: Running job "Garden AI Processing (trigger: interval[0:00:10], next run at: 2026-05-01 12:29:54 UTC)" (scheduled at 2026-05-01 12:29:44.723931+00:00)
2026-05-01 17:59:44 [INFO] garden_cron: [2026-05-01 17:59:44] Cronjob triggered
2026-05-01 17:59:44 [INFO] services.garden_processor: No garden updates with status='Ready to Process' found.
2026-05-01 17:59:44 [INFO] garden_cron: Cronjob complete — 0 garden(s) processed.
2026-05-01 17:59:44 [INFO] apscheduler.executors.default: Job "Garden AI Processing (trigger: interval[0:00:10], next run at: 2026-05-01 12:29:54 UTC)" executed successfully
2026-05-01 17:59:54 [INFO] apscheduler.executors.default: Running job "Garden AI Processing (trigger: interval[0:00:10], next run at: 2026-05-01 12:30:04 UTC)" (scheduled at 2026-05-01 12:29:54.723931+00:00)
2026-05-01 17:59:54 [INFO] garden_cron: [2026-05-01 17:59:54] Cronjob triggered
2026-05-01 17:59:54 [INFO] services.garden_processor: No garden updates with status='Ready to Process' found.
2026-05-01 17:59:54 [INFO] garden_cron: Cronjob complete — 0 garden(s) processed.
2026-05-01 17:59:54 [INFO] apscheduler.executors.default: Job "Garden AI Processing (trigger: interval[0:00:10], next run at: 2026-05-01 12:30:04 UTC)" executed successfully
2026-05-01 18:00:04 [INFO] apscheduler.executors.default: Running job "Garden AI Processing (trigger: interval[0:00:10], next run at: 2026-05-01 12:30:14 UTC)" (scheduled at 2026-05-01 12:30:04.723931+00:00)
2026-05-01 18:00:04 [INFO] garden_cron: [2026-05-01 18:00:04] Cronjob triggered
2026-05-01 18:00:04 [INFO] services.garden_processor: No garden updates with status='Ready to Process' found.
2026-05-01 18:00:04 [INFO] garden_cron: Cronjob complete — 0 garden(s) processed.
2026-05-01 18:00:04 [INFO] apscheduler.executors.default: Job "Garden AI Processing (trigger: interval[0:00:10], next run at: 2026-05-01 12:30:14 UTC)" executed successfully
2026-05-01 18:00:14 [INFO] apscheduler.executors.default: Running job "Garden AI Processing (trigger: interval[0:00:10], next run at: 2026-05-01 12:30:24 UTC)" (scheduled at 2026-05-01 12:30:14.723931+00:00)
2026-05-01 18:00:14 [INFO] garden_cron: [2026-05-01 18:00:14] Cronjob triggered
2026-05-01 18:00:14 [INFO] services.garden_processor: No garden updates with status='Ready to Process' found.
2026-05-01 18:00:14 [INFO] garden_cron: Cronjob complete — 0 garden(s) processed.
2026-05-01 18:00:14 [INFO] apscheduler.executors.default: Job "Garden AI Processing (trigger: interval[0:00:10], next run at: 2026-05-01 12:30:24 UTC)" executed successfully
2026-05-01 18:00:24 [INFO] apscheduler.executors.default: Running job "Garden AI Processing (trigger: interval[0:00:10], next run at: 2026-05-01 12:30:34 UTC)" (scheduled at 2026-05-01 12:30:24.723931+00:00)
2026-05-01 18:00:24 [INFO] garden_cron: [2026-05-01 18:00:24] Cronjob triggered
2026-05-01 18:00:24 [INFO] services.garden_processor: No garden updates with status='Ready to Process' found.
2026-05-01 18:00:24 [INFO] garden_cron: Cronjob complete — 0 garden(s) processed.
2026-05-01 18:00:24 [INFO] apscheduler.executors.default: Job "Garden AI Processing (trigger: interval[0:00:10], next run at: 2026-05-01 12:30:34 UTC)" executed successfully
2026-05-01 18:00:34 [INFO] apscheduler.executors.default: Running job "Garden AI Processing (trigger: interval[0:00:10], next run at: 2026-05-01 12:30:44 UTC)" (scheduled at 2026-05-01 12:30:34.723931+00:00)
2026-05-01 18:00:34 [INFO] garden_cron: [2026-05-01 18:00:34] Cronjob triggered
2026-05-01 18:00:34 [INFO] services.garden_processor: No garden updates with status='Ready to Process' found.
2026-05-01 18:00:34 [INFO] garden_cron: Cronjob complete — 0 garden(s) processed.
2026-05-01 18:00:34 [INFO] apscheduler.executors.default: Job "Garden AI Processing (trigger: interval[0:00:10], next run at: 2026-05-01 12:30:44 UTC)" executed successfully
2026-05-01 18:00:44 [INFO] apscheduler.executors.default: Running job "Garden AI Processing (trigger: interval[0:00:10], next run at: 2026-05-01 12:30:54 UTC)" (scheduled at 2026-05-01 12:30:44.723931+00:00)
2026-05-01 18:00:44 [INFO] garden_cron: [2026-05-01 18:00:44] Cronjob triggered
2026-05-01 18:00:44 [INFO] services.garden_processor: No garden updates with status='Ready to Process' found.
2026-05-01 18:00:44 [INFO] garden_cron: Cronjob complete — 0 garden(s) processed.
2026-05-01 18:00:44 [INFO] apscheduler.executors.default: Job "Garden AI Processing (trigger: interval[0:00:10], next run at: 2026-05-01 12:30:54 UTC)" executed successfully
2026-05-01 18:00:54 [INFO] apscheduler.executors.default: Running job "Garden AI Processing (trigger: interval[0:00:10], next run at: 2026-05-01 12:31:04 UTC)" (scheduled at 2026-05-01 12:30:54.723931+00:00)
2026-05-01 18:00:54 [INFO] garden_cron: [2026-05-01 18:00:54] Cronjob triggered
2026-05-01 18:00:54 [INFO] services.garden_processor: No garden updates with status='Ready to Process' found.
2026-05-01 18:00:54 [INFO] garden_cron: Cronjob complete — 0 garden(s) processed.
2026-05-01 18:00:54 [INFO] apscheduler.executors.default: Job "Garden AI Processing (trigger: interval[0:00:10], next run at: 2026-05-01 12:31:04 UTC)" executed successfully
2026-05-01 18:01:04 [INFO] apscheduler.executors.default: Running job "Garden AI Processing (trigger: interval[0:00:10], next run at: 2026-05-01 12:31:14 UTC)" (scheduled at 2026-05-01 12:31:04.723931+00:00)
2026-05-01 18:01:04 [INFO] garden_cron: [2026-05-01 18:01:04] Cronjob triggered
2026-05-01 18:01:04 [INFO] services.garden_processor: No garden updates with status='Ready to Process' found.
2026-05-01 18:01:04 [INFO] garden_cron: Cronjob complete — 0 garden(s) processed.
2026-05-01 18:01:04 [INFO] apscheduler.executors.default: Job "Garden AI Processing (trigger: interval[0:00:10], next run at: 2026-05-01 12:31:14 UTC)" executed successfully
2026-05-01 18:01:14 [INFO] apscheduler.executors.default: Running job "Garden AI Processing (trigger: interval[0:00:10], next run at: 2026-05-01 12:31:24 UTC)" (scheduled at 2026-05-01 12:31:14.723931+00:00)
2026-05-01 18:01:14 [INFO] garden_cron: [2026-05-01 18:01:14] Cronjob triggered
2026-05-01 18:01:14 [INFO] services.garden_processor: No garden updates with status='Ready to Process' found.
2026-05-01 18:01:14 [INFO] garden_cron: Cronjob complete — 0 garden(s) processed.
2026-05-01 18:01:14 [INFO] apscheduler.executors.default: Job "Garden AI Processing (trigger: interval[0:00:10], next run at: 2026-05-01 12:31:24 UTC)" executed successfully
2026-05-01 18:01:24 [INFO] apscheduler.executors.default: Running job "Garden AI Processing (trigger: interval[0:00:10], next run at: 2026-05-01 12:31:34 UTC)" (scheduled at 2026-05-01 12:31:24.723931+00:00)
2026-05-01 18:01:24 [INFO] garden_cron: [2026-05-01 18:01:24] Cronjob triggered
2026-05-01 18:01:24 [INFO] services.garden_processor: No garden updates with status='Ready to Process' found.
2026-05-01 18:01:24 [INFO] garden_cron: Cronjob complete — 0 garden(s) processed.
2026-05-01 18:01:24 [INFO] apscheduler.executors.default: Job "Garden AI Processing (trigger: interval[0:00:10], next run at: 2026-05-01 12:31:34 UTC)" executed successfully
2026-05-01 18:01:34 [INFO] apscheduler.executors.default: Running job "Garden AI Processing (trigger: interval[0:00:10], next run at: 2026-05-01 12:31:44 UTC)" (scheduled at 2026-05-01 12:31:34.723931+00:00)
2026-05-01 18:01:34 [INFO] garden_cron: [2026-05-01 18:01:34] Cronjob triggered
2026-05-01 18:01:34 [INFO] services.garden_processor: No garden updates with status='Ready to Process' found.
2026-05-01 18:01:34 [INFO] garden_cron: Cronjob complete — 0 garden(s) processed.
2026-05-01 18:01:34 [INFO] apscheduler.executors.default: Job "Garden AI Processing (trigger: interval[0:00:10], next run at: 2026-05-01 12:31:44 UTC)" executed successfully
2026-05-01 18:01:44 [INFO] apscheduler.executors.default: Running job "Garden AI Processing (trigger: interval[0:00:10], next run at: 2026-05-01 12:31:54 UTC)" (scheduled at 2026-05-01 12:31:44.723931+00:00)
2026-05-01 18:01:44 [INFO] garden_cron: [2026-05-01 18:01:44] Cronjob triggered
2026-05-01 18:01:44 [INFO] services.garden_processor: No garden updates with status='Ready to Process' found.
2026-05-01 18:01:44 [INFO] garden_cron: Cronjob complete — 0 garden(s) processed.
2026-05-01 18:01:44 [INFO] apscheduler.executors.default: Job "Garden AI Processing (trigger: interval[0:00:10], next run at: 2026-05-01 12:31:54 UTC)" executed successfully
2026-05-01 18:01:54 [INFO] apscheduler.executors.default: Running job "Garden AI Processing (trigger: interval[0:00:10], next run at: 2026-05-01 12:32:04 UTC)" (scheduled at 2026-05-01 12:31:54.723931+00:00)
2026-05-01 18:01:54 [INFO] garden_cron: [2026-05-01 18:01:54] Cronjob triggered
2026-05-01 18:01:54 [INFO] services.garden_processor: No garden updates with status='Ready to Process' found.
2026-05-01 18:01:54 [INFO] garden_cron: Cronjob complete — 0 garden(s) processed.
2026-05-01 18:01:54 [INFO] apscheduler.executors.default: Job "Garden AI Processing (trigger: interval[0:00:10], next run at: 2026-05-01 12:32:04 UTC)" executed successfully
2026-05-01 18:02:04 [INFO] apscheduler.executors.default: Running job "Garden AI Processing (trigger: interval[0:00:10], next run at: 2026-05-01 12:32:14 UTC)" (scheduled at 2026-05-01 12:32:04.723931+00:00)
2026-05-01 18:02:04 [INFO] garden_cron: [2026-05-01 18:02:04] Cronjob triggered
2026-05-01 18:02:04 [INFO] services.garden_processor: No garden updates with status='Ready to Process' found.
2026-05-01 18:02:04 [INFO] garden_cron: Cronjob complete — 0 garden(s) processed.
2026-05-01 18:02:04 [INFO] apscheduler.executors.default: Job "Garden AI Processing (trigger: interval[0:00:10], next run at: 2026-05-01 12:32:14 UTC)" executed successfully
2026-05-01 18:02:14 [INFO] apscheduler.executors.default: Running job "Garden AI Processing (trigger: interval[0:00:10], next run at: 2026-05-01 12:32:24 UTC)" (scheduled at 2026-05-01 12:32:14.723931+00:00)
2026-05-01 18:02:14 [INFO] garden_cron: [2026-05-01 18:02:14] Cronjob triggered
2026-05-01 18:02:14 [INFO] services.garden_processor: No garden updates with status='Ready to Process' found.
2026-05-01 18:02:14 [INFO] garden_cron: Cronjob complete — 0 garden(s) processed.
2026-05-01 18:02:14 [INFO] apscheduler.executors.default: Job "Garden AI Processing (trigger: interval[0:00:10], next run at: 2026-05-01 12:32:24 UTC)" executed successfully
2026-05-01 18:02:24 [INFO] apscheduler.executors.default: Running job "Garden AI Processing (trigger: interval[0:00:10], next run at: 2026-05-01 12:32:34 UTC)" (scheduled at 2026-05-01 12:32:24.723931+00:00)
2026-05-01 18:02:24 [INFO] garden_cron: [2026-05-01 18:02:24] Cronjob triggered
2026-05-01 18:02:24 [INFO] services.garden_processor: No garden updates with status='Ready to Process' found.
2026-05-01 18:02:24 [INFO] garden_cron: Cronjob complete — 0 garden(s) processed.
2026-05-01 18:02:24 [INFO] apscheduler.executors.default: Job "Garden AI Processing (trigger: interval[0:00:10], next run at: 2026-05-01 12:32:34 UTC)" executed successfully
2026-05-01 18:02:34 [INFO] apscheduler.executors.default: Running job "Garden AI Processing (trigger: interval[0:00:10], next run at: 2026-05-01 12:32:44 UTC)" (scheduled at 2026-05-01 12:32:34.723931+00:00)
2026-05-01 18:02:34 [INFO] garden_cron: [2026-05-01 18:02:34] Cronjob triggered
2026-05-01 18:02:34 [INFO] services.garden_processor: No garden updates with status='Ready to Process' found.
2026-05-01 18:02:34 [INFO] garden_cron: Cronjob complete — 0 garden(s) processed.
2026-05-01 18:02:34 [INFO] apscheduler.executors.default: Job "Garden AI Processing (trigger: interval[0:00:10], next run at: 2026-05-01 12:32:44 UTC)" executed successfully
2026-05-01 18:02:44 [INFO] apscheduler.executors.default: Running job "Garden AI Processing (trigger: interval[0:00:10], next run at: 2026-05-01 12:32:54 UTC)" (scheduled at 2026-05-01 12:32:44.723931+00:00)
2026-05-01 18:02:44 [INFO] garden_cron: [2026-05-01 18:02:44] Cronjob triggered
2026-05-01 18:02:44 [INFO] services.garden_processor: No garden updates with status='Ready to Process' found.
2026-05-01 18:02:44 [INFO] garden_cron: Cronjob complete — 0 garden(s) processed.
2026-05-01 18:02:44 [INFO] apscheduler.executors.default: Job "Garden AI Processing (trigger: interval[0:00:10], next run at: 2026-05-01 12:32:54 UTC)" executed successfully
2026-05-01 18:02:54 [INFO] apscheduler.executors.default: Running job "Garden AI Processing (trigger: interval[0:00:10], next run at: 2026-05-01 12:33:04 UTC)" (scheduled at 2026-05-01 12:32:54.723931+00:00)
2026-05-01 18:02:54 [INFO] garden_cron: [2026-05-01 18:02:54] Cronjob triggered
2026-05-01 18:02:54 [INFO] services.garden_processor: No garden updates with status='Ready to Process' found.
2026-05-01 18:02:54 [INFO] garden_cron: Cronjob complete — 0 garden(s) processed.
2026-05-01 18:02:54 [INFO] apscheduler.executors.default: Job "Garden AI Processing (trigger: interval[0:00:10], next run at: 2026-05-01 12:33:04 UTC)" executed successfully
2026-05-01 18:03:04 [INFO] apscheduler.executors.default: Running job "Garden AI Processing (trigger: interval[0:00:10], next run at: 2026-05-01 12:33:14 UTC)" (scheduled at 2026-05-01 12:33:04.723931+00:00)
2026-05-01 18:03:04 [INFO] garden_cron: [2026-05-01 18:03:04] Cronjob triggered
2026-05-01 18:03:04 [INFO] services.garden_processor: No garden updates with status='Ready to Process' found.
2026-05-01 18:03:04 [INFO] garden_cron: Cronjob complete — 0 garden(s) processed.
2026-05-01 18:03:04 [INFO] apscheduler.executors.default: Job "Garden AI Processing (trigger: interval[0:00:10], next run at: 2026-05-01 12:33:14 UTC)" executed successfully
2026-05-01 18:03:14 [INFO] apscheduler.executors.default: Running job "Garden AI Processing (trigger: interval[0:00:10], next run at: 2026-05-01 12:33:24 UTC)" (scheduled at 2026-05-01 12:33:14.723931+00:00)
2026-05-01 18:03:14 [INFO] garden_cron: [2026-05-01 18:03:14] Cronjob triggered
2026-05-01 18:03:14 [INFO] services.garden_processor: No garden updates with status='Ready to Process' found.
2026-05-01 18:03:14 [INFO] garden_cron: Cronjob complete — 0 garden(s) processed.
2026-05-01 18:03:14 [INFO] apscheduler.executors.default: Job "Garden AI Processing (trigger: interval[0:00:10], next run at: 2026-05-01 12:33:24 UTC)" executed successfully
2026-05-01 18:03:24 [INFO] apscheduler.executors.default: Running job "Garden AI Processing (trigger: interval[0:00:10], next run at: 2026-05-01 12:33:34 UTC)" (scheduled at 2026-05-01 12:33:24.723931+00:00)
2026-05-01 18:03:24 [INFO] garden_cron: [2026-05-01 18:03:24] Cronjob triggered
2026-05-01 18:03:24 [INFO] services.garden_processor: No garden updates with status='Ready to Process' found.
2026-05-01 18:03:24 [INFO] garden_cron: Cronjob complete — 0 garden(s) processed.
2026-05-01 18:03:24 [INFO] apscheduler.executors.default: Job "Garden AI Processing (trigger: interval[0:00:10], next run at: 2026-05-01 12:33:34 UTC)" executed successfully
2026-05-01 18:03:34 [INFO] apscheduler.executors.default: Running job "Garden AI Processing (trigger: interval[0:00:10], next run at: 2026-05-01 12:33:44 UTC)" (scheduled at 2026-05-01 12:33:34.723931+00:00)
2026-05-01 18:03:34 [INFO] garden_cron: [2026-05-01 18:03:34] Cronjob triggered
2026-05-01 18:03:34 [INFO] services.garden_processor: No garden updates with status='Ready to Process' found.
2026-05-01 18:03:34 [INFO] garden_cron: Cronjob complete — 0 garden(s) processed.
2026-05-01 18:03:34 [INFO] apscheduler.executors.default: Job "Garden AI Processing (trigger: interval[0:00:10], next run at: 2026-05-01 12:33:44 UTC)" executed successfully
2026-05-01 18:03:44 [INFO] apscheduler.executors.default: Running job "Garden AI Processing (trigger: interval[0:00:10], next run at: 2026-05-01 12:33:54 UTC)" (scheduled at 2026-05-01 12:33:44.723931+00:00)
2026-05-01 18:03:44 [INFO] garden_cron: [2026-05-01 18:03:44] Cronjob triggered
2026-05-01 18:03:44 [INFO] services.garden_processor: No garden updates with status='Ready to Process' found.
2026-05-01 18:03:44 [INFO] garden_cron: Cronjob complete — 0 garden(s) processed.
2026-05-01 18:03:44 [INFO] apscheduler.executors.default: Job "Garden AI Processing (trigger: interval[0:00:10], next run at: 2026-05-01 12:33:54 UTC)" executed successfully
2026-05-01 18:03:54 [INFO] apscheduler.executors.default: Running job "Garden AI Processing (trigger: interval[0:00:10], next run at: 2026-05-01 12:34:04 UTC)" (scheduled at 2026-05-01 12:33:54.723931+00:00)
2026-05-01 18:03:54 [INFO] garden_cron: [2026-05-01 18:03:54] Cronjob triggered
2026-05-01 18:03:54 [INFO] services.garden_processor: No garden updates with status='Ready to Process' found.
2026-05-01 18:03:54 [INFO] garden_cron: Cronjob complete — 0 garden(s) processed.
2026-05-01 18:03:54 [INFO] apscheduler.executors.default: Job "Garden AI Processing (trigger: interval[0:00:10], next run at: 2026-05-01 12:34:04 UTC)" executed successfully
2026-05-01 18:04:04 [INFO] apscheduler.executors.default: Running job "Garden AI Processing (trigger: interval[0:00:10], next run at: 2026-05-01 12:34:14 UTC)" (scheduled at 2026-05-01 12:34:04.723931+00:00)
2026-05-01 18:04:04 [INFO] garden_cron: [2026-05-01 18:04:04] Cronjob triggered
2026-05-01 18:04:04 [INFO] services.garden_processor: No garden updates with status='Ready to Process' found.
2026-05-01 18:04:04 [INFO] garden_cron: Cronjob complete — 0 garden(s) processed.
2026-05-01 18:04:04 [INFO] apscheduler.executors.default: Job "Garden AI Processing (trigger: interval[0:00:10], next run at: 2026-05-01 12:34:14 UTC)" executed successfully
2026-05-01 18:04:14 [INFO] apscheduler.executors.default: Running job "Garden AI Processing (trigger: interval[0:00:10], next run at: 2026-05-01 12:34:24 UTC)" (scheduled at 2026-05-01 12:34:14.723931+00:00)
2026-05-01 18:04:14 [INFO] garden_cron: [2026-05-01 18:04:14] Cronjob triggered
2026-05-01 18:04:14 [INFO] services.garden_processor: No garden updates with status='Ready to Process' found.
2026-05-01 18:04:14 [INFO] garden_cron: Cronjob complete — 0 garden(s) processed.
2026-05-01 18:04:14 [INFO] apscheduler.executors.default: Job "Garden AI Processing (trigger: interval[0:00:10], next run at: 2026-05-01 12:34:24 UTC)" executed successfully
2026-05-01 18:04:24 [INFO] apscheduler.executors.default: Running job "Garden AI Processing (trigger: interval[0:00:10], next run at: 2026-05-01 12:34:34 UTC)" (scheduled at 2026-05-01 12:34:24.723931+00:00)
2026-05-01 18:04:24 [INFO] garden_cron: [2026-05-01 18:04:24] Cronjob triggered
2026-05-01 18:04:24 [INFO] services.garden_processor: No garden updates with status='Ready to Process' found.
2026-05-01 18:04:24 [INFO] garden_cron: Cronjob complete — 0 garden(s) processed.
2026-05-01 18:04:24 [INFO] apscheduler.executors.default: Job "Garden AI Processing (trigger: interval[0:00:10], next run at: 2026-05-01 12:34:34 UTC)" executed successfully
2026-05-01 18:04:34 [INFO] apscheduler.executors.default: Running job "Garden AI Processing (trigger: interval[0:00:10], next run at: 2026-05-01 12:34:44 UTC)" (scheduled at 2026-05-01 12:34:34.723931+00:00)
2026-05-01 18:04:34 [INFO] garden_cron: [2026-05-01 18:04:34] Cronjob triggered
2026-05-01 18:04:34 [INFO] services.garden_processor: No garden updates with status='Ready to Process' found.
2026-05-01 18:04:34 [INFO] garden_cron: Cronjob complete — 0 garden(s) processed.
2026-05-01 18:04:34 [INFO] apscheduler.executors.default: Job "Garden AI Processing (trigger: interval[0:00:10], next run at: 2026-05-01 12:34:44 UTC)" executed successfully
2026-05-01 18:04:44 [INFO] apscheduler.executors.default: Running job "Garden AI Processing (trigger: interval[0:00:10], next run at: 2026-05-01 12:34:54 UTC)" (scheduled at 2026-05-01 12:34:44.723931+00:00)
2026-05-01 18:04:44 [INFO] garden_cron: [2026-05-01 18:04:44] Cronjob triggered
2026-05-01 18:04:44 [INFO] services.garden_processor: No garden updates with status='Ready to Process' found.
2026-05-01 18:04:44 [INFO] garden_cron: Cronjob complete — 0 garden(s) processed.
2026-05-01 18:04:44 [INFO] apscheduler.executors.default: Job "Garden AI Processing (trigger: interval[0:00:10], next run at: 2026-05-01 12:34:54 UTC)" executed successfully
2026-05-01 18:04:54 [INFO] apscheduler.executors.default: Running job "Garden AI Processing (trigger: interval[0:00:10], next run at: 2026-05-01 12:35:04 UTC)" (scheduled at 2026-05-01 12:34:54.723931+00:00)
2026-05-01 18:04:54 [INFO] garden_cron: [2026-05-01 18:04:54] Cronjob triggered
2026-05-01 18:04:54 [INFO] services.garden_processor: No garden updates with status='Ready to Process' found.
2026-05-01 18:04:54 [INFO] garden_cron: Cronjob complete — 0 garden(s) processed.
2026-05-01 18:04:54 [INFO] apscheduler.executors.default: Job "Garden AI Processing (trigger: interval[0:00:10], next run at: 2026-05-01 12:35:04 UTC)" executed successfully
2026-05-01 18:05:04 [INFO] apscheduler.executors.default: Running job "Garden AI Processing (trigger: interval[0:00:10], next run at: 2026-05-01 12:35:14 UTC)" (scheduled at 2026-05-01 12:35:04.723931+00:00)
2026-05-01 18:05:04 [INFO] garden_cron: [2026-05-01 18:05:04] Cronjob triggered
2026-05-01 18:05:04 [INFO] services.garden_processor: No garden updates with status='Ready to Process' found.
2026-05-01 18:05:04 [INFO] garden_cron: Cronjob complete — 0 garden(s) processed.
2026-05-01 18:05:04 [INFO] apscheduler.executors.default: Job "Garden AI Processing (trigger: interval[0:00:10], next run at: 2026-05-01 12:35:14 UTC)" executed successfully
2026-05-01 18:05:14 [INFO] apscheduler.executors.default: Running job "Garden AI Processing (trigger: interval[0:00:10], next run at: 2026-05-01 12:35:24 UTC)" (scheduled at 2026-05-01 12:35:14.723931+00:00)
2026-05-01 18:05:14 [INFO] garden_cron: [2026-05-01 18:05:14] Cronjob triggered
2026-05-01 18:05:14 [INFO] services.garden_processor: No garden updates with status='Ready to Process' found.
2026-05-01 18:05:14 [INFO] garden_cron: Cronjob complete — 0 garden(s) processed.
2026-05-01 18:05:14 [INFO] apscheduler.executors.default: Job "Garden AI Processing (trigger: interval[0:00:10], next run at: 2026-05-01 12:35:24 UTC)" executed successfully
2026-05-01 18:05:24 [INFO] apscheduler.executors.default: Running job "Garden AI Processing (trigger: interval[0:00:10], next run at: 2026-05-01 12:35:34 UTC)" (scheduled at 2026-05-01 12:35:24.723931+00:00)
2026-05-01 18:05:24 [INFO] garden_cron: [2026-05-01 18:05:24] Cronjob triggered
2026-05-01 18:05:24 [INFO] services.garden_processor: No garden updates with status='Ready to Process' found.
2026-05-01 18:05:24 [INFO] garden_cron: Cronjob complete — 0 garden(s) processed.
2026-05-01 18:05:24 [INFO] apscheduler.executors.default: Job "Garden AI Processing (trigger: interval[0:00:10], next run at: 2026-05-01 12:35:34 UTC)" executed successfully
2026-05-01 18:05:34 [INFO] apscheduler.executors.default: Running job "Garden AI Processing (trigger: interval[0:00:10], next run at: 2026-05-01 12:35:44 UTC)" (scheduled at 2026-05-01 12:35:34.723931+00:00)
2026-05-01 18:05:34 [INFO] garden_cron: [2026-05-01 18:05:34] Cronjob triggered
2026-05-01 18:05:34 [INFO] services.garden_processor: No garden updates with status='Ready to Process' found.
2026-05-01 18:05:34 [INFO] garden_cron: Cronjob complete — 0 garden(s) processed.
2026-05-01 18:05:34 [INFO] apscheduler.executors.default: Job "Garden AI Processing (trigger: interval[0:00:10], next run at: 2026-05-01 12:35:44 UTC)" executed successfully
2026-05-01 18:05:44 [INFO] apscheduler.executors.default: Running job "Garden AI Processing (trigger: interval[0:00:10], next run at: 2026-05-01 12:35:54 UTC)" (scheduled at 2026-05-01 12:35:44.723931+00:00)
2026-05-01 18:05:44 [INFO] garden_cron: [2026-05-01 18:05:44] Cronjob triggered
2026-05-01 18:05:44 [INFO] services.garden_processor: No garden updates with status='Ready to Process' found.
2026-05-01 18:05:44 [INFO] garden_cron: Cronjob complete — 0 garden(s) processed.
2026-05-01 18:05:44 [INFO] apscheduler.executors.default: Job "Garden AI Processing (trigger: interval[0:00:10], next run at: 2026-05-01 12:35:54 UTC)" executed successfully
2026-05-01 18:05:54 [INFO] apscheduler.executors.default: Running job "Garden AI Processing (trigger: interval[0:00:10], next run at: 2026-05-01 12:36:04 UTC)" (scheduled at 2026-05-01 12:35:54.723931+00:00)
2026-05-01 18:05:54 [INFO] garden_cron: [2026-05-01 18:05:54] Cronjob triggered
2026-05-01 18:05:54 [INFO] services.garden_processor: No garden updates with status='Ready to Process' found.
2026-05-01 18:05:54 [INFO] garden_cron: Cronjob complete — 0 garden(s) processed.
2026-05-01 18:05:54 [INFO] apscheduler.executors.default: Job "Garden AI Processing (trigger: interval[0:00:10], next run at: 2026-05-01 12:36:04 UTC)" executed successfully
2026-05-01 18:06:04 [INFO] apscheduler.executors.default: Running job "Garden AI Processing (trigger: interval[0:00:10], next run at: 2026-05-01 12:36:14 UTC)" (scheduled at 2026-05-01 12:36:04.723931+00:00)
2026-05-01 18:06:04 [INFO] garden_cron: [2026-05-01 18:06:04] Cronjob triggered
2026-05-01 18:06:04 [INFO] services.garden_processor: No garden updates with status='Ready to Process' found.
2026-05-01 18:06:04 [INFO] garden_cron: Cronjob complete — 0 garden(s) processed.
2026-05-01 18:06:04 [INFO] apscheduler.executors.default: Job "Garden AI Processing (trigger: interval[0:00:10], next run at: 2026-05-01 12:36:14 UTC)" executed successfully
2026-05-01 18:06:14 [INFO] apscheduler.executors.default: Running job "Garden AI Processing (trigger: interval[0:00:10], next run at: 2026-05-01 12:36:24 UTC)" (scheduled at 2026-05-01 12:36:14.723931+00:00)
2026-05-01 18:06:14 [INFO] garden_cron: [2026-05-01 18:06:14] Cronjob triggered
2026-05-01 18:06:14 [INFO] services.garden_processor: No garden updates with status='Ready to Process' found.
2026-05-01 18:06:14 [INFO] garden_cron: Cronjob complete — 0 garden(s) processed.
2026-05-01 18:06:14 [INFO] apscheduler.executors.default: Job "Garden AI Processing (trigger: interval[0:00:10], next run at: 2026-05-01 12:36:24 UTC)" executed successfully
2026-05-01 18:06:24 [INFO] apscheduler.executors.default: Running job "Garden AI Processing (trigger: interval[0:00:10], next run at: 2026-05-01 12:36:34 UTC)" (scheduled at 2026-05-01 12:36:24.723931+00:00)
2026-05-01 18:06:24 [INFO] garden_cron: [2026-05-01 18:06:24] Cronjob triggered
2026-05-01 18:06:24 [INFO] services.garden_processor: No garden updates with status='Ready to Process' found.
2026-05-01 18:06:24 [INFO] garden_cron: Cronjob complete — 0 garden(s) processed.
2026-05-01 18:06:24 [INFO] apscheduler.executors.default: Job "Garden AI Processing (trigger: interval[0:00:10], next run at: 2026-05-01 12:36:34 UTC)" executed successfully
2026-05-01 18:06:34 [INFO] apscheduler.executors.default: Running job "Garden AI Processing (trigger: interval[0:00:10], next run at: 2026-05-01 12:36:44 UTC)" (scheduled at 2026-05-01 12:36:34.723931+00:00)
2026-05-01 18:06:34 [INFO] garden_cron: [2026-05-01 18:06:34] Cronjob triggered
2026-05-01 18:06:34 [INFO] services.garden_processor: No garden updates with status='Ready to Process' found.
2026-05-01 18:06:34 [INFO] garden_cron: Cronjob complete — 0 garden(s) processed.
2026-05-01 18:06:34 [INFO] apscheduler.executors.default: Job "Garden AI Processing (trigger: interval[0:00:10], next run at: 2026-05-01 12:36:44 UTC)" executed successfully
2026-05-01 18:06:44 [INFO] apscheduler.executors.default: Running job "Garden AI Processing (trigger: interval[0:00:10], next run at: 2026-05-01 12:36:54 UTC)" (scheduled at 2026-05-01 12:36:44.723931+00:00)
2026-05-01 18:06:44 [INFO] garden_cron: [2026-05-01 18:06:44] Cronjob triggered
2026-05-01 18:06:44 [INFO] services.garden_processor: No garden updates with status='Ready to Process' found.
2026-05-01 18:06:44 [INFO] garden_cron: Cronjob complete — 0 garden(s) processed.
2026-05-01 18:06:44 [INFO] apscheduler.executors.default: Job "Garden AI Processing (trigger: interval[0:00:10], next run at: 2026-05-01 12:36:54 UTC)" executed successfully
2026-05-01 18:06:54 [INFO] apscheduler.executors.default: Running job "Garden AI Processing (trigger: interval[0:00:10], next run at: 2026-05-01 12:37:04 UTC)" (scheduled at 2026-05-01 12:36:54.723931+00:00)
2026-05-01 18:06:54 [INFO] garden_cron: [2026-05-01 18:06:54] Cronjob triggered
2026-05-01 18:06:54 [INFO] services.garden_processor: No garden updates with status='Ready to Process' found.
2026-05-01 18:06:54 [INFO] garden_cron: Cronjob complete — 0 garden(s) processed.
2026-05-01 18:06:54 [INFO] apscheduler.executors.default: Job "Garden AI Processing (trigger: interval[0:00:10], next run at: 2026-05-01 12:37:04 UTC)" executed successfully
2026-05-01 18:07:04 [INFO] apscheduler.executors.default: Running job "Garden AI Processing (trigger: interval[0:00:10], next run at: 2026-05-01 12:37:14 UTC)" (scheduled at 2026-05-01 12:37:04.723931+00:00)
2026-05-01 18:07:04 [INFO] garden_cron: [2026-05-01 18:07:04] Cronjob triggered
2026-05-01 18:07:04 [INFO] services.garden_processor: No garden updates with status='Ready to Process' found.
2026-05-01 18:07:04 [INFO] garden_cron: Cronjob complete — 0 garden(s) processed.
2026-05-01 18:07:04 [INFO] apscheduler.executors.default: Job "Garden AI Processing (trigger: interval[0:00:10], next run at: 2026-05-01 12:37:14 UTC)" executed successfully
2026-05-01 18:07:14 [INFO] apscheduler.executors.default: Running job "Garden AI Processing (trigger: interval[0:00:10], next run at: 2026-05-01 12:37:24 UTC)" (scheduled at 2026-05-01 12:37:14.723931+00:00)
2026-05-01 18:07:14 [INFO] garden_cron: [2026-05-01 18:07:14] Cronjob triggered
2026-05-01 18:07:14 [INFO] services.garden_processor: No garden updates with status='Ready to Process' found.
2026-05-01 18:07:14 [INFO] garden_cron: Cronjob complete — 0 garden(s) processed.
2026-05-01 18:07:14 [INFO] apscheduler.executors.default: Job "Garden AI Processing (trigger: interval[0:00:10], next run at: 2026-05-01 12:37:24 UTC)" executed successfully
2026-05-01 18:07:24 [INFO] apscheduler.executors.default: Running job "Garden AI Processing (trigger: interval[0:00:10], next run at: 2026-05-01 12:37:34 UTC)" (scheduled at 2026-05-01 12:37:24.723931+00:00)
2026-05-01 18:07:24 [INFO] garden_cron: [2026-05-01 18:07:24] Cronjob triggered
2026-05-01 18:07:24 [INFO] services.garden_processor: No garden updates with status='Ready to Process' found.
2026-05-01 18:07:24 [INFO] garden_cron: Cronjob complete — 0 garden(s) processed.
2026-05-01 18:07:24 [INFO] apscheduler.executors.default: Job "Garden AI Processing (trigger: interval[0:00:10], next run at: 2026-05-01 12:37:34 UTC)" executed successfully
2026-05-01 18:07:34 [INFO] apscheduler.executors.default: Running job "Garden AI Processing (trigger: interval[0:00:10], next run at: 2026-05-01 12:37:44 UTC)" (scheduled at 2026-05-01 12:37:34.723931+00:00)
2026-05-01 18:07:34 [INFO] garden_cron: [2026-05-01 18:07:34] Cronjob triggered
2026-05-01 18:07:34 [INFO] services.garden_processor: No garden updates with status='Ready to Process' found.
2026-05-01 18:07:34 [INFO] garden_cron: Cronjob complete — 0 garden(s) processed.
2026-05-01 18:07:34 [INFO] apscheduler.executors.default: Job "Garden AI Processing (trigger: interval[0:00:10], next run at: 2026-05-01 12:37:44 UTC)" executed successfully
2026-05-01 18:07:44 [INFO] apscheduler.executors.default: Running job "Garden AI Processing (trigger: interval[0:00:10], next run at: 2026-05-01 12:37:54 UTC)" (scheduled at 2026-05-01 12:37:44.723931+00:00)
2026-05-01 18:07:44 [INFO] garden_cron: [2026-05-01 18:07:44] Cronjob triggered
2026-05-01 18:07:44 [INFO] services.garden_processor: No garden updates with status='Ready to Process' found.
2026-05-01 18:07:44 [INFO] garden_cron: Cronjob complete — 0 garden(s) processed.
2026-05-01 18:07:44 [INFO] apscheduler.executors.default: Job "Garden AI Processing (trigger: interval[0:00:10], next run at: 2026-05-01 12:37:54 UTC)" executed successfully
2026-05-01 18:07:54 [INFO] apscheduler.executors.default: Running job "Garden AI Processing (trigger: interval[0:00:10], next run at: 2026-05-01 12:38:04 UTC)" (scheduled at 2026-05-01 12:37:54.723931+00:00)
2026-05-01 18:07:54 [INFO] garden_cron: [2026-05-01 18:07:54] Cronjob triggered
2026-05-01 18:07:54 [INFO] services.garden_processor: No garden updates with status='Ready to Process' found.
2026-05-01 18:07:54 [INFO] garden_cron: Cronjob complete — 0 garden(s) processed.
2026-05-01 18:07:54 [INFO] apscheduler.executors.default: Job "Garden AI Processing (trigger: interval[0:00:10], next run at: 2026-05-01 12:38:04 UTC)" executed successfully
2026-05-01 18:08:04 [INFO] apscheduler.executors.default: Running job "Garden AI Processing (trigger: interval[0:00:10], next run at: 2026-05-01 12:38:14 UTC)" (scheduled at 2026-05-01 12:38:04.723931+00:00)
2026-05-01 18:08:04 [INFO] garden_cron: [2026-05-01 18:08:04] Cronjob triggered
2026-05-01 18:08:04 [INFO] services.garden_processor: No garden updates with status='Ready to Process' found.
2026-05-01 18:08:04 [INFO] garden_cron: Cronjob complete — 0 garden(s) processed.
2026-05-01 18:08:04 [INFO] apscheduler.executors.default: Job "Garden AI Processing (trigger: interval[0:00:10], next run at: 2026-05-01 12:38:14 UTC)" executed successfully
2026-05-01 18:08:14 [INFO] apscheduler.executors.default: Running job "Garden AI Processing (trigger: interval[0:00:10], next run at: 2026-05-01 12:38:24 UTC)" (scheduled at 2026-05-01 12:38:14.723931+00:00)
2026-05-01 18:08:14 [INFO] garden_cron: [2026-05-01 18:08:14] Cronjob triggered
2026-05-01 18:08:14 [INFO] services.garden_processor: No garden updates with status='Ready to Process' found.
2026-05-01 18:08:14 [INFO] garden_cron: Cronjob complete — 0 garden(s) processed.
2026-05-01 18:08:14 [INFO] apscheduler.executors.default: Job "Garden AI Processing (trigger: interval[0:00:10], next run at: 2026-05-01 12:38:24 UTC)" executed successfully
2026-05-01 18:08:24 [INFO] apscheduler.executors.default: Running job "Garden AI Processing (trigger: interval[0:00:10], next run at: 2026-05-01 12:38:34 UTC)" (scheduled at 2026-05-01 12:38:24.723931+00:00)
2026-05-01 18:08:24 [INFO] garden_cron: [2026-05-01 18:08:24] Cronjob triggered
2026-05-01 18:08:24 [INFO] services.garden_processor: No garden updates with status='Ready to Process' found.
2026-05-01 18:08:24 [INFO] garden_cron: Cronjob complete — 0 garden(s) processed.
2026-05-01 18:08:24 [INFO] apscheduler.executors.default: Job "Garden AI Processing (trigger: interval[0:00:10], next run at: 2026-05-01 12:38:34 UTC)" executed successfully
2026-05-01 18:08:34 [INFO] apscheduler.executors.default: Running job "Garden AI Processing (trigger: interval[0:00:10], next run at: 2026-05-01 12:38:44 UTC)" (scheduled at 2026-05-01 12:38:34.723931+00:00)
2026-05-01 18:08:34 [INFO] garden_cron: [2026-05-01 18:08:34] Cronjob triggered
2026-05-01 18:08:34 [INFO] services.garden_processor: No garden updates with status='Ready to Process' found.
2026-05-01 18:08:34 [INFO] garden_cron: Cronjob complete — 0 garden(s) processed.
2026-05-01 18:08:34 [INFO] apscheduler.executors.default: Job "Garden AI Processing (trigger: interval[0:00:10], next run at: 2026-05-01 12:38:44 UTC)" executed successfully
2026-05-01 18:08:44 [INFO] apscheduler.executors.default: Running job "Garden AI Processing (trigger: interval[0:00:10], next run at: 2026-05-01 12:38:54 UTC)" (scheduled at 2026-05-01 12:38:44.723931+00:00)
2026-05-01 18:08:44 [INFO] garden_cron: [2026-05-01 18:08:44] Cronjob triggered
2026-05-01 18:08:44 [INFO] services.garden_processor: No garden updates with status='Ready to Process' found.
2026-05-01 18:08:44 [INFO] garden_cron: Cronjob complete — 0 garden(s) processed.
2026-05-01 18:08:44 [INFO] apscheduler.executors.default: Job "Garden AI Processing (trigger: interval[0:00:10], next run at: 2026-05-01 12:38:54 UTC)" executed successfully
2026-05-01 18:08:54 [INFO] apscheduler.executors.default: Running job "Garden AI Processing (trigger: interval[0:00:10], next run at: 2026-05-01 12:39:04 UTC)" (scheduled at 2026-05-01 12:38:54.723931+00:00)
2026-05-01 18:08:54 [INFO] garden_cron: [2026-05-01 18:08:54] Cronjob triggered
2026-05-01 18:08:54 [INFO] services.garden_processor: No garden updates with status='Ready to Process' found.
2026-05-01 18:08:54 [INFO] garden_cron: Cronjob complete — 0 garden(s) processed.
2026-05-01 18:08:54 [INFO] apscheduler.executors.default: Job "Garden AI Processing (trigger: interval[0:00:10], next run at: 2026-05-01 12:39:04 UTC)" executed successfully
2026-05-01 18:09:04 [INFO] apscheduler.executors.default: Running job "Garden AI Processing (trigger: interval[0:00:10], next run at: 2026-05-01 12:39:14 UTC)" (scheduled at 2026-05-01 12:39:04.723931+00:00)
2026-05-01 18:09:04 [INFO] garden_cron: [2026-05-01 18:09:04] Cronjob triggered
2026-05-01 18:09:04 [INFO] services.garden_processor: No garden updates with status='Ready to Process' found.
2026-05-01 18:09:04 [INFO] garden_cron: Cronjob complete — 0 garden(s) processed.
2026-05-01 18:09:04 [INFO] apscheduler.executors.default: Job "Garden AI Processing (trigger: interval[0:00:10], next run at: 2026-05-01 12:39:14 UTC)" executed successfully
2026-05-01 18:09:14 [INFO] apscheduler.executors.default: Running job "Garden AI Processing (trigger: interval[0:00:10], next run at: 2026-05-01 12:39:24 UTC)" (scheduled at 2026-05-01 12:39:14.723931+00:00)
2026-05-01 18:09:14 [INFO] garden_cron: [2026-05-01 18:09:14] Cronjob triggered
2026-05-01 18:09:14 [INFO] services.garden_processor: No garden updates with status='Ready to Process' found.
2026-05-01 18:09:14 [INFO] garden_cron: Cronjob complete — 0 garden(s) processed.
2026-05-01 18:09:14 [INFO] apscheduler.executors.default: Job "Garden AI Processing (trigger: interval[0:00:10], next run at: 2026-05-01 12:39:24 UTC)" executed successfully
2026-05-01 18:09:24 [INFO] apscheduler.executors.default: Running job "Garden AI Processing (trigger: interval[0:00:10], next run at: 2026-05-01 12:39:34 UTC)" (scheduled at 2026-05-01 12:39:24.723931+00:00)
2026-05-01 18:09:24 [INFO] garden_cron: [2026-05-01 18:09:24] Cronjob triggered
2026-05-01 18:09:24 [INFO] services.garden_processor: No garden updates with status='Ready to Process' found.
2026-05-01 18:09:24 [INFO] garden_cron: Cronjob complete — 0 garden(s) processed.
2026-05-01 18:09:24 [INFO] apscheduler.executors.default: Job "Garden AI Processing (trigger: interval[0:00:10], next run at: 2026-05-01 12:39:34 UTC)" executed successfully
2026-05-01 18:09:34 [INFO] apscheduler.executors.default: Running job "Garden AI Processing (trigger: interval[0:00:10], next run at: 2026-05-01 12:39:44 UTC)" (scheduled at 2026-05-01 12:39:34.723931+00:00)
2026-05-01 18:09:34 [INFO] garden_cron: [2026-05-01 18:09:34] Cronjob triggered
2026-05-01 18:09:34 [INFO] services.garden_processor: No garden updates with status='Ready to Process' found.
2026-05-01 18:09:34 [INFO] garden_cron: Cronjob complete — 0 garden(s) processed.
2026-05-01 18:09:34 [INFO] apscheduler.executors.default: Job "Garden AI Processing (trigger: interval[0:00:10], next run at: 2026-05-01 12:39:44 UTC)" executed successfully
2026-05-01 18:09:44 [INFO] apscheduler.executors.default: Running job "Garden AI Processing (trigger: interval[0:00:10], next run at: 2026-05-01 12:39:54 UTC)" (scheduled at 2026-05-01 12:39:44.723931+00:00)
2026-05-01 18:09:44 [INFO] garden_cron: [2026-05-01 18:09:44] Cronjob triggered
2026-05-01 18:09:44 [INFO] services.garden_processor: No garden updates with status='Ready to Process' found.
2026-05-01 18:09:44 [INFO] garden_cron: Cronjob complete — 0 garden(s) processed.
2026-05-01 18:09:44 [INFO] apscheduler.executors.default: Job "Garden AI Processing (trigger: interval[0:00:10], next run at: 2026-05-01 12:39:54 UTC)" executed successfully
2026-05-01 18:09:54 [INFO] apscheduler.executors.default: Running job "Garden AI Processing (trigger: interval[0:00:10], next run at: 2026-05-01 12:40:04 UTC)" (scheduled at 2026-05-01 12:39:54.723931+00:00)
2026-05-01 18:09:54 [INFO] garden_cron: [2026-05-01 18:09:54] Cronjob triggered
2026-05-01 18:09:54 [INFO] services.garden_processor: No garden updates with status='Ready to Process' found.
2026-05-01 18:09:54 [INFO] garden_cron: Cronjob complete — 0 garden(s) processed.
2026-05-01 18:09:54 [INFO] apscheduler.executors.default: Job "Garden AI Processing (trigger: interval[0:00:10], next run at: 2026-05-01 12:40:04 UTC)" executed successfully
2026-05-01 18:10:04 [INFO] apscheduler.executors.default: Running job "Garden AI Processing (trigger: interval[0:00:10], next run at: 2026-05-01 12:40:14 UTC)" (scheduled at 2026-05-01 12:40:04.723931+00:00)
2026-05-01 18:10:04 [INFO] garden_cron: [2026-05-01 18:10:04] Cronjob triggered
2026-05-01 18:10:04 [INFO] services.garden_processor: No garden updates with status='Ready to Process' found.
2026-05-01 18:10:04 [INFO] garden_cron: Cronjob complete — 0 garden(s) processed.
2026-05-01 18:10:04 [INFO] apscheduler.executors.default: Job "Garden AI Processing (trigger: interval[0:00:10], next run at: 2026-05-01 12:40:14 UTC)" executed successfully
2026-05-01 18:10:14 [INFO] apscheduler.executors.default: Running job "Garden AI Processing (trigger: interval[0:00:10], next run at: 2026-05-01 12:40:24 UTC)" (scheduled at 2026-05-01 12:40:14.723931+00:00)
2026-05-01 18:10:14 [INFO] garden_cron: [2026-05-01 18:10:14] Cronjob triggered
2026-05-01 18:10:14 [INFO] services.garden_processor: No garden updates with status='Ready to Process' found.
2026-05-01 18:10:14 [INFO] garden_cron: Cronjob complete — 0 garden(s) processed.
2026-05-01 18:10:14 [INFO] apscheduler.executors.default: Job "Garden AI Processing (trigger: interval[0:00:10], next run at: 2026-05-01 12:40:24 UTC)" executed successfully
2026-05-01 18:10:24 [INFO] apscheduler.executors.default: Running job "Garden AI Processing (trigger: interval[0:00:10], next run at: 2026-05-01 12:40:34 UTC)" (scheduled at 2026-05-01 12:40:24.723931+00:00)
2026-05-01 18:10:24 [INFO] garden_cron: [2026-05-01 18:10:24] Cronjob triggered
2026-05-01 18:10:24 [INFO] services.garden_processor: No garden updates with status='Ready to Process' found.
2026-05-01 18:10:24 [INFO] garden_cron: Cronjob complete — 0 garden(s) processed.
2026-05-01 18:10:24 [INFO] apscheduler.executors.default: Job "Garden AI Processing (trigger: interval[0:00:10], next run at: 2026-05-01 12:40:34 UTC)" executed successfully
2026-05-01 18:10:34 [INFO] apscheduler.executors.default: Running job "Garden AI Processing (trigger: interval[0:00:10], next run at: 2026-05-01 12:40:44 UTC)" (scheduled at 2026-05-01 12:40:34.723931+00:00)
2026-05-01 18:10:34 [INFO] garden_cron: [2026-05-01 18:10:34] Cronjob triggered
2026-05-01 18:10:34 [INFO] services.garden_processor: No garden updates with status='Ready to Process' found.
2026-05-01 18:10:34 [INFO] garden_cron: Cronjob complete — 0 garden(s) processed.
2026-05-01 18:10:34 [INFO] apscheduler.executors.default: Job "Garden AI Processing (trigger: interval[0:00:10], next run at: 2026-05-01 12:40:44 UTC)" executed successfully
2026-05-01 18:10:44 [INFO] apscheduler.executors.default: Running job "Garden AI Processing (trigger: interval[0:00:10], next run at: 2026-05-01 12:40:54 UTC)" (scheduled at 2026-05-01 12:40:44.723931+00:00)
2026-05-01 18:10:44 [INFO] garden_cron: [2026-05-01 18:10:44] Cronjob triggered
2026-05-01 18:10:44 [INFO] services.garden_processor: No garden updates with status='Ready to Process' found.
2026-05-01 18:10:44 [INFO] garden_cron: Cronjob complete — 0 garden(s) processed.
2026-05-01 18:10:44 [INFO] apscheduler.executors.default: Job "Garden AI Processing (trigger: interval[0:00:10], next run at: 2026-05-01 12:40:54 UTC)" executed successfully
2026-05-01 18:10:54 [INFO] apscheduler.executors.default: Running job "Garden AI Processing (trigger: interval[0:00:10], next run at: 2026-05-01 12:41:04 UTC)" (scheduled at 2026-05-01 12:40:54.723931+00:00)
2026-05-01 18:10:54 [INFO] garden_cron: [2026-05-01 18:10:54] Cronjob triggered
2026-05-01 18:10:54 [INFO] services.garden_processor: No garden updates with status='Ready to Process' found.
2026-05-01 18:10:54 [INFO] garden_cron: Cronjob complete — 0 garden(s) processed.
2026-05-01 18:10:54 [INFO] apscheduler.executors.default: Job "Garden AI Processing (trigger: interval[0:00:10], next run at: 2026-05-01 12:41:04 UTC)" executed successfully
2026-05-01 18:11:04 [INFO] apscheduler.executors.default: Running job "Garden AI Processing (trigger: interval[0:00:10], next run at: 2026-05-01 12:41:14 UTC)" (scheduled at 2026-05-01 12:41:04.723931+00:00)
2026-05-01 18:11:04 [INFO] garden_cron: [2026-05-01 18:11:04] Cronjob triggered
2026-05-01 18:11:04 [INFO] services.garden_processor: No garden updates with status='Ready to Process' found.
2026-05-01 18:11:04 [INFO] garden_cron: Cronjob complete — 0 garden(s) processed.
2026-05-01 18:11:04 [INFO] apscheduler.executors.default: Job "Garden AI Processing (trigger: interval[0:00:10], next run at: 2026-05-01 12:41:14 UTC)" executed successfully
2026-05-01 18:11:14 [INFO] apscheduler.executors.default: Running job "Garden AI Processing (trigger: interval[0:00:10], next run at: 2026-05-01 12:41:24 UTC)" (scheduled at 2026-05-01 12:41:14.723931+00:00)
2026-05-01 18:11:14 [INFO] garden_cron: [2026-05-01 18:11:14] Cronjob triggered
2026-05-01 18:11:14 [INFO] services.garden_processor: No garden updates with status='Ready to Process' found.
2026-05-01 18:11:14 [INFO] garden_cron: Cronjob complete — 0 garden(s) processed.
2026-05-01 18:11:14 [INFO] apscheduler.executors.default: Job "Garden AI Processing (trigger: interval[0:00:10], next run at: 2026-05-01 12:41:24 UTC)" executed successfully
2026-05-01 18:11:24 [INFO] apscheduler.executors.default: Running job "Garden AI Processing (trigger: interval[0:00:10], next run at: 2026-05-01 12:41:34 UTC)" (scheduled at 2026-05-01 12:41:24.723931+00:00)
2026-05-01 18:11:24 [INFO] garden_cron: [2026-05-01 18:11:24] Cronjob triggered
2026-05-01 18:11:24 [INFO] services.garden_processor: No garden updates with status='Ready to Process' found.
2026-05-01 18:11:24 [INFO] garden_cron: Cronjob complete — 0 garden(s) processed.
2026-05-01 18:11:24 [INFO] apscheduler.executors.default: Job "Garden AI Processing (trigger: interval[0:00:10], next run at: 2026-05-01 12:41:34 UTC)" executed successfully
2026-05-01 18:11:34 [INFO] apscheduler.executors.default: Running job "Garden AI Processing (trigger: interval[0:00:10], next run at: 2026-05-01 12:41:44 UTC)" (scheduled at 2026-05-01 12:41:34.723931+00:00)
2026-05-01 18:11:34 [INFO] garden_cron: [2026-05-01 18:11:34] Cronjob triggered
2026-05-01 18:11:34 [INFO] services.garden_processor: No garden updates with status='Ready to Process' found.
2026-05-01 18:11:34 [INFO] garden_cron: Cronjob complete — 0 garden(s) processed.
2026-05-01 18:11:34 [INFO] apscheduler.executors.default: Job "Garden AI Processing (trigger: interval[0:00:10], next run at: 2026-05-01 12:41:44 UTC)" executed successfully
2026-05-01 18:11:44 [INFO] apscheduler.executors.default: Running job "Garden AI Processing (trigger: interval[0:00:10], next run at: 2026-05-01 12:41:54 UTC)" (scheduled at 2026-05-01 12:41:44.723931+00:00)
2026-05-01 18:11:44 [INFO] garden_cron: [2026-05-01 18:11:44] Cronjob triggered
2026-05-01 18:11:44 [INFO] services.garden_processor: No garden updates with status='Ready to Process' found.
2026-05-01 18:11:44 [INFO] garden_cron: Cronjob complete — 0 garden(s) processed.
2026-05-01 18:11:44 [INFO] apscheduler.executors.default: Job "Garden AI Processing (trigger: interval[0:00:10], next run at: 2026-05-01 12:41:54 UTC)" executed successfully
2026-05-01 18:11:54 [INFO] apscheduler.executors.default: Running job "Garden AI Processing (trigger: interval[0:00:10], next run at: 2026-05-01 12:42:04 UTC)" (scheduled at 2026-05-01 12:41:54.723931+00:00)
2026-05-01 18:11:54 [INFO] garden_cron: [2026-05-01 18:11:54] Cronjob triggered
2026-05-01 18:11:54 [INFO] services.garden_processor: No garden updates with status='Ready to Process' found.
2026-05-01 18:11:54 [INFO] garden_cron: Cronjob complete — 0 garden(s) processed.
2026-05-01 18:11:54 [INFO] apscheduler.executors.default: Job "Garden AI Processing (trigger: interval[0:00:10], next run at: 2026-05-01 12:42:04 UTC)" executed successfully
2026-05-01 18:12:04 [INFO] apscheduler.executors.default: Running job "Garden AI Processing (trigger: interval[0:00:10], next run at: 2026-05-01 12:42:14 UTC)" (scheduled at 2026-05-01 12:42:04.723931+00:00)
2026-05-01 18:12:04 [INFO] garden_cron: [2026-05-01 18:12:04] Cronjob triggered
2026-05-01 18:12:04 [INFO] services.garden_processor: No garden updates with status='Ready to Process' found.
2026-05-01 18:12:04 [INFO] garden_cron: Cronjob complete — 0 garden(s) processed.
2026-05-01 18:12:04 [INFO] apscheduler.executors.default: Job "Garden AI Processing (trigger: interval[0:00:10], next run at: 2026-05-01 12:42:14 UTC)" executed successfully
2026-05-01 18:12:14 [INFO] apscheduler.executors.default: Running job "Garden AI Processing (trigger: interval[0:00:10], next run at: 2026-05-01 12:42:24 UTC)" (scheduled at 2026-05-01 12:42:14.723931+00:00)
2026-05-01 18:12:14 [INFO] garden_cron: [2026-05-01 18:12:14] Cronjob triggered
2026-05-01 18:12:14 [INFO] services.garden_processor: No garden updates with status='Ready to Process' found.
2026-05-01 18:12:14 [INFO] garden_cron: Cronjob complete — 0 garden(s) processed.
2026-05-01 18:12:14 [INFO] apscheduler.executors.default: Job "Garden AI Processing (trigger: interval[0:00:10], next run at: 2026-05-01 12:42:24 UTC)" executed successfully
2026-05-01 18:12:24 [INFO] apscheduler.executors.default: Running job "Garden AI Processing (trigger: interval[0:00:10], next run at: 2026-05-01 12:42:34 UTC)" (scheduled at 2026-05-01 12:42:24.723931+00:00)
2026-05-01 18:12:24 [INFO] garden_cron: [2026-05-01 18:12:24] Cronjob triggered
2026-05-01 18:12:24 [INFO] services.garden_processor: No garden updates with status='Ready to Process' found.
2026-05-01 18:12:24 [INFO] garden_cron: Cronjob complete — 0 garden(s) processed.
2026-05-01 18:12:24 [INFO] apscheduler.executors.default: Job "Garden AI Processing (trigger: interval[0:00:10], next run at: 2026-05-01 12:42:34 UTC)" executed successfully
2026-05-01 18:12:34 [INFO] apscheduler.executors.default: Running job "Garden AI Processing (trigger: interval[0:00:10], next run at: 2026-05-01 12:42:44 UTC)" (scheduled at 2026-05-01 12:42:34.723931+00:00)
2026-05-01 18:12:34 [INFO] garden_cron: [2026-05-01 18:12:34] Cronjob triggered
2026-05-01 18:12:34 [INFO] services.garden_processor: No garden updates with status='Ready to Process' found.
2026-05-01 18:12:34 [INFO] garden_cron: Cronjob complete — 0 garden(s) processed.
2026-05-01 18:12:34 [INFO] apscheduler.executors.default: Job "Garden AI Processing (trigger: interval[0:00:10], next run at: 2026-05-01 12:42:44 UTC)" executed successfully
2026-05-01 18:12:44 [INFO] apscheduler.executors.default: Running job "Garden AI Processing (trigger: interval[0:00:10], next run at: 2026-05-01 12:42:54 UTC)" (scheduled at 2026-05-01 12:42:44.723931+00:00)
2026-05-01 18:12:44 [INFO] garden_cron: [2026-05-01 18:12:44] Cronjob triggered
2026-05-01 18:12:44 [INFO] services.garden_processor: No garden updates with status='Ready to Process' found.
2026-05-01 18:12:44 [INFO] garden_cron: Cronjob complete — 0 garden(s) processed.
2026-05-01 18:12:44 [INFO] apscheduler.executors.default: Job "Garden AI Processing (trigger: interval[0:00:10], next run at: 2026-05-01 12:42:54 UTC)" executed successfully
2026-05-01 18:12:54 [INFO] apscheduler.executors.default: Running job "Garden AI Processing (trigger: interval[0:00:10], next run at: 2026-05-01 12:43:04 UTC)" (scheduled at 2026-05-01 12:42:54.723931+00:00)
2026-05-01 18:12:54 [INFO] garden_cron: [2026-05-01 18:12:54] Cronjob triggered
2026-05-01 18:12:54 [INFO] services.garden_processor: No garden updates with status='Ready to Process' found.
2026-05-01 18:12:54 [INFO] garden_cron: Cronjob complete — 0 garden(s) processed.
2026-05-01 18:12:54 [INFO] apscheduler.executors.default: Job "Garden AI Processing (trigger: interval[0:00:10], next run at: 2026-05-01 12:43:04 UTC)" executed successfully
2026-05-01 18:13:04 [INFO] apscheduler.executors.default: Running job "Garden AI Processing (trigger: interval[0:00:10], next run at: 2026-05-01 12:43:14 UTC)" (scheduled at 2026-05-01 12:43:04.723931+00:00)
2026-05-01 18:13:04 [INFO] garden_cron: [2026-05-01 18:13:04] Cronjob triggered
2026-05-01 18:13:04 [INFO] services.garden_processor: No garden updates with status='Ready to Process' found.
2026-05-01 18:13:04 [INFO] garden_cron: Cronjob complete — 0 garden(s) processed.
2026-05-01 18:13:04 [INFO] apscheduler.executors.default: Job "Garden AI Processing (trigger: interval[0:00:10], next run at: 2026-05-01 12:43:14 UTC)" executed successfully
2026-05-01 18:13:14 [INFO] apscheduler.executors.default: Running job "Garden AI Processing (trigger: interval[0:00:10], next run at: 2026-05-01 12:43:24 UTC)" (scheduled at 2026-05-01 12:43:14.723931+00:00)
2026-05-01 18:13:14 [INFO] garden_cron: [2026-05-01 18:13:14] Cronjob triggered
2026-05-01 18:13:14 [INFO] services.garden_processor: No garden updates with status='Ready to Process' found.
2026-05-01 18:13:14 [INFO] garden_cron: Cronjob complete — 0 garden(s) processed.
2026-05-01 18:13:14 [INFO] apscheduler.executors.default: Job "Garden AI Processing (trigger: interval[0:00:10], next run at: 2026-05-01 12:43:24 UTC)" executed successfully
2026-05-01 18:13:24 [INFO] apscheduler.executors.default: Running job "Garden AI Processing (trigger: interval[0:00:10], next run at: 2026-05-01 12:43:34 UTC)" (scheduled at 2026-05-01 12:43:24.723931+00:00)
2026-05-01 18:13:24 [INFO] garden_cron: [2026-05-01 18:13:24] Cronjob triggered
2026-05-01 18:13:24 [INFO] services.garden_processor: No garden updates with status='Ready to Process' found.
2026-05-01 18:13:24 [INFO] garden_cron: Cronjob complete — 0 garden(s) processed.
2026-05-01 18:13:24 [INFO] apscheduler.executors.default: Job "Garden AI Processing (trigger: interval[0:00:10], next run at: 2026-05-01 12:43:34 UTC)" executed successfully
2026-05-01 18:13:34 [INFO] apscheduler.executors.default: Running job "Garden AI Processing (trigger: interval[0:00:10], next run at: 2026-05-01 12:43:44 UTC)" (scheduled at 2026-05-01 12:43:34.723931+00:00)
2026-05-01 18:13:34 [INFO] garden_cron: [2026-05-01 18:13:34] Cronjob triggered
2026-05-01 18:13:34 [INFO] services.garden_processor: No garden updates with status='Ready to Process' found.
2026-05-01 18:13:34 [INFO] garden_cron: Cronjob complete — 0 garden(s) processed.
2026-05-01 18:13:34 [INFO] apscheduler.executors.default: Job "Garden AI Processing (trigger: interval[0:00:10], next run at: 2026-05-01 12:43:44 UTC)" executed successfully
2026-05-01 18:13:44 [INFO] apscheduler.executors.default: Running job "Garden AI Processing (trigger: interval[0:00:10], next run at: 2026-05-01 12:43:54 UTC)" (scheduled at 2026-05-01 12:43:44.723931+00:00)
2026-05-01 18:13:44 [INFO] garden_cron: [2026-05-01 18:13:44] Cronjob triggered
2026-05-01 18:13:44 [INFO] services.garden_processor: No garden updates with status='Ready to Process' found.
2026-05-01 18:13:44 [INFO] garden_cron: Cronjob complete — 0 garden(s) processed.
2026-05-01 18:13:44 [INFO] apscheduler.executors.default: Job "Garden AI Processing (trigger: interval[0:00:10], next run at: 2026-05-01 12:43:54 UTC)" executed successfully
2026-05-01 18:13:54 [INFO] apscheduler.executors.default: Running job "Garden AI Processing (trigger: interval[0:00:10], next run at: 2026-05-01 12:44:04 UTC)" (scheduled at 2026-05-01 12:43:54.723931+00:00)
2026-05-01 18:13:54 [INFO] garden_cron: [2026-05-01 18:13:54] Cronjob triggered
2026-05-01 18:13:54 [INFO] services.garden_processor: No garden updates with status='Ready to Process' found.
2026-05-01 18:13:54 [INFO] garden_cron: Cronjob complete — 0 garden(s) processed.
2026-05-01 18:13:54 [INFO] apscheduler.executors.default: Job "Garden AI Processing (trigger: interval[0:00:10], next run at: 2026-05-01 12:44:04 UTC)" executed successfully
2026-05-01 18:14:04 [INFO] apscheduler.executors.default: Running job "Garden AI Processing (trigger: interval[0:00:10], next run at: 2026-05-01 12:44:14 UTC)" (scheduled at 2026-05-01 12:44:04.723931+00:00)
2026-05-01 18:14:04 [INFO] garden_cron: [2026-05-01 18:14:04] Cronjob triggered
2026-05-01 18:14:04 [INFO] services.garden_processor: No garden updates with status='Ready to Process' found.
2026-05-01 18:14:04 [INFO] garden_cron: Cronjob complete — 0 garden(s) processed.
2026-05-01 18:14:04 [INFO] apscheduler.executors.default: Job "Garden AI Processing (trigger: interval[0:00:10], next run at: 2026-05-01 12:44:14 UTC)" executed successfully
2026-05-01 18:14:14 [INFO] apscheduler.executors.default: Running job "Garden AI Processing (trigger: interval[0:00:10], next run at: 2026-05-01 12:44:24 UTC)" (scheduled at 2026-05-01 12:44:14.723931+00:00)
2026-05-01 18:14:14 [INFO] garden_cron: [2026-05-01 18:14:14] Cronjob triggered
2026-05-01 18:14:14 [INFO] services.garden_processor: No garden updates with status='Ready to Process' found.
2026-05-01 18:14:14 [INFO] garden_cron: Cronjob complete — 0 garden(s) processed.
2026-05-01 18:14:14 [INFO] apscheduler.executors.default: Job "Garden AI Processing (trigger: interval[0:00:10], next run at: 2026-05-01 12:44:24 UTC)" executed successfully
2026-05-01 18:14:24 [INFO] apscheduler.executors.default: Running job "Garden AI Processing (trigger: interval[0:00:10], next run at: 2026-05-01 12:44:34 UTC)" (scheduled at 2026-05-01 12:44:24.723931+00:00)
2026-05-01 18:14:24 [INFO] garden_cron: [2026-05-01 18:14:24] Cronjob triggered
2026-05-01 18:14:24 [INFO] services.garden_processor: No garden updates with status='Ready to Process' found.
2026-05-01 18:14:24 [INFO] garden_cron: Cronjob complete — 0 garden(s) processed.
2026-05-01 18:14:24 [INFO] apscheduler.executors.default: Job "Garden AI Processing (trigger: interval[0:00:10], next run at: 2026-05-01 12:44:34 UTC)" executed successfully
2026-05-01 18:14:34 [INFO] apscheduler.executors.default: Running job "Garden AI Processing (trigger: interval[0:00:10], next run at: 2026-05-01 12:44:44 UTC)" (scheduled at 2026-05-01 12:44:34.723931+00:00)
2026-05-01 18:14:34 [INFO] garden_cron: [2026-05-01 18:14:34] Cronjob triggered
2026-05-01 18:14:34 [INFO] services.garden_processor: No garden updates with status='Ready to Process' found.
2026-05-01 18:14:34 [INFO] garden_cron: Cronjob complete — 0 garden(s) processed.
2026-05-01 18:14:34 [INFO] apscheduler.executors.default: Job "Garden AI Processing (trigger: interval[0:00:10], next run at: 2026-05-01 12:44:44 UTC)" executed successfully
2026-05-01 18:14:44 [INFO] apscheduler.executors.default: Running job "Garden AI Processing (trigger: interval[0:00:10], next run at: 2026-05-01 12:44:54 UTC)" (scheduled at 2026-05-01 12:44:44.723931+00:00)
2026-05-01 18:14:44 [INFO] garden_cron: [2026-05-01 18:14:44] Cronjob triggered
2026-05-01 18:14:44 [INFO] services.garden_processor: No garden updates with status='Ready to Process' found.
2026-05-01 18:14:44 [INFO] garden_cron: Cronjob complete — 0 garden(s) processed.
2026-05-01 18:14:44 [INFO] apscheduler.executors.default: Job "Garden AI Processing (trigger: interval[0:00:10], next run at: 2026-05-01 12:44:54 UTC)" executed successfully
2026-05-01 18:14:54 [INFO] apscheduler.executors.default: Running job "Garden AI Processing (trigger: interval[0:00:10], next run at: 2026-05-01 12:45:04 UTC)" (scheduled at 2026-05-01 12:44:54.723931+00:00)
2026-05-01 18:14:54 [INFO] garden_cron: [2026-05-01 18:14:54] Cronjob triggered
2026-05-01 18:14:54 [INFO] services.garden_processor: No garden updates with status='Ready to Process' found.
2026-05-01 18:14:54 [INFO] garden_cron: Cronjob complete — 0 garden(s) processed.
2026-05-01 18:14:54 [INFO] apscheduler.executors.default: Job "Garden AI Processing (trigger: interval[0:00:10], next run at: 2026-05-01 12:45:04 UTC)" executed successfully
2026-05-01 18:15:04 [INFO] apscheduler.executors.default: Running job "Garden AI Processing (trigger: interval[0:00:10], next run at: 2026-05-01 12:45:14 UTC)" (scheduled at 2026-05-01 12:45:04.723931+00:00)
2026-05-01 18:15:04 [INFO] garden_cron: [2026-05-01 18:15:04] Cronjob triggered
2026-05-01 18:15:04 [INFO] services.garden_processor: No garden updates with status='Ready to Process' found.
2026-05-01 18:15:04 [INFO] garden_cron: Cronjob complete — 0 garden(s) processed.
2026-05-01 18:15:04 [INFO] apscheduler.executors.default: Job "Garden AI Processing (trigger: interval[0:00:10], next run at: 2026-05-01 12:45:14 UTC)" executed successfully
2026-05-01 18:15:14 [INFO] apscheduler.executors.default: Running job "Garden AI Processing (trigger: interval[0:00:10], next run at: 2026-05-01 12:45:24 UTC)" (scheduled at 2026-05-01 12:45:14.723931+00:00)
2026-05-01 18:15:14 [INFO] garden_cron: [2026-05-01 18:15:14] Cronjob triggered
2026-05-01 18:15:14 [INFO] services.garden_processor: No garden updates with status='Ready to Process' found.
2026-05-01 18:15:14 [INFO] garden_cron: Cronjob complete — 0 garden(s) processed.
2026-05-01 18:15:14 [INFO] apscheduler.executors.default: Job "Garden AI Processing (trigger: interval[0:00:10], next run at: 2026-05-01 12:45:24 UTC)" executed successfully
2026-05-01 18:15:24 [INFO] apscheduler.executors.default: Running job "Garden AI Processing (trigger: interval[0:00:10], next run at: 2026-05-01 12:45:34 UTC)" (scheduled at 2026-05-01 12:45:24.723931+00:00)
2026-05-01 18:15:24 [INFO] garden_cron: [2026-05-01 18:15:24] Cronjob triggered
2026-05-01 18:15:24 [INFO] services.garden_processor: No garden updates with status='Ready to Process' found.
2026-05-01 18:15:24 [INFO] garden_cron: Cronjob complete — 0 garden(s) processed.
2026-05-01 18:15:24 [INFO] apscheduler.executors.default: Job "Garden AI Processing (trigger: interval[0:00:10], next run at: 2026-05-01 12:45:34 UTC)" executed successfully
2026-05-01 18:15:34 [INFO] apscheduler.executors.default: Running job "Garden AI Processing (trigger: interval[0:00:10], next run at: 2026-05-01 12:45:44 UTC)" (scheduled at 2026-05-01 12:45:34.723931+00:00)
2026-05-01 18:15:34 [INFO] garden_cron: [2026-05-01 18:15:34] Cronjob triggered
2026-05-01 18:15:34 [INFO] services.garden_processor: No garden updates with status='Ready to Process' found.
2026-05-01 18:15:34 [INFO] garden_cron: Cronjob complete — 0 garden(s) processed.
2026-05-01 18:15:34 [INFO] apscheduler.executors.default: Job "Garden AI Processing (trigger: interval[0:00:10], next run at: 2026-05-01 12:45:44 UTC)" executed successfully
2026-05-01 18:15:44 [INFO] apscheduler.executors.default: Running job "Garden AI Processing (trigger: interval[0:00:10], next run at: 2026-05-01 12:45:54 UTC)" (scheduled at 2026-05-01 12:45:44.723931+00:00)
2026-05-01 18:15:44 [INFO] garden_cron: [2026-05-01 18:15:44] Cronjob triggered
2026-05-01 18:15:44 [INFO] services.garden_processor: No garden updates with status='Ready to Process' found.
2026-05-01 18:15:44 [INFO] garden_cron: Cronjob complete — 0 garden(s) processed.
2026-05-01 18:15:44 [INFO] apscheduler.executors.default: Job "Garden AI Processing (trigger: interval[0:00:10], next run at: 2026-05-01 12:45:54 UTC)" executed successfully
2026-05-01 18:15:54 [INFO] apscheduler.executors.default: Running job "Garden AI Processing (trigger: interval[0:00:10], next run at: 2026-05-01 12:46:04 UTC)" (scheduled at 2026-05-01 12:45:54.723931+00:00)
2026-05-01 18:15:54 [INFO] garden_cron: [2026-05-01 18:15:54] Cronjob triggered
2026-05-01 18:15:54 [INFO] services.garden_processor: No garden updates with status='Ready to Process' found.
2026-05-01 18:15:54 [INFO] garden_cron: Cronjob complete — 0 garden(s) processed.
2026-05-01 18:15:54 [INFO] apscheduler.executors.default: Job "Garden AI Processing (trigger: interval[0:00:10], next run at: 2026-05-01 12:46:04 UTC)" executed successfully
2026-05-01 18:16:04 [INFO] apscheduler.executors.default: Running job "Garden AI Processing (trigger: interval[0:00:10], next run at: 2026-05-01 12:46:14 UTC)" (scheduled at 2026-05-01 12:46:04.723931+00:00)
2026-05-01 18:16:04 [INFO] garden_cron: [2026-05-01 18:16:04] Cronjob triggered
2026-05-01 18:16:04 [INFO] services.garden_processor: No garden updates with status='Ready to Process' found.
2026-05-01 18:16:04 [INFO] garden_cron: Cronjob complete — 0 garden(s) processed.
2026-05-01 18:16:04 [INFO] apscheduler.executors.default: Job "Garden AI Processing (trigger: interval[0:00:10], next run at: 2026-05-01 12:46:14 UTC)" executed successfully
2026-05-01 18:16:14 [INFO] apscheduler.executors.default: Running job "Garden AI Processing (trigger: interval[0:00:10], next run at: 2026-05-01 12:46:24 UTC)" (scheduled at 2026-05-01 12:46:14.723931+00:00)
2026-05-01 18:16:14 [INFO] garden_cron: [2026-05-01 18:16:14] Cronjob triggered
2026-05-01 18:16:14 [INFO] services.garden_processor: No garden updates with status='Ready to Process' found.
2026-05-01 18:16:14 [INFO] garden_cron: Cronjob complete — 0 garden(s) processed.
2026-05-01 18:16:14 [INFO] apscheduler.executors.default: Job "Garden AI Processing (trigger: interval[0:00:10], next run at: 2026-05-01 12:46:24 UTC)" executed successfully
2026-05-01 18:16:24 [INFO] apscheduler.executors.default: Running job "Garden AI Processing (trigger: interval[0:00:10], next run at: 2026-05-01 12:46:34 UTC)" (scheduled at 2026-05-01 12:46:24.723931+00:00)
2026-05-01 18:16:24 [INFO] garden_cron: [2026-05-01 18:16:24] Cronjob triggered
2026-05-01 18:16:24 [INFO] services.garden_processor: No garden updates with status='Ready to Process' found.
2026-05-01 18:16:24 [INFO] garden_cron: Cronjob complete — 0 garden(s) processed.
2026-05-01 18:16:24 [INFO] apscheduler.executors.default: Job "Garden AI Processing (trigger: interval[0:00:10], next run at: 2026-05-01 12:46:34 UTC)" executed successfully
2026-05-01 18:16:34 [INFO] apscheduler.executors.default: Running job "Garden AI Processing (trigger: interval[0:00:10], next run at: 2026-05-01 12:46:44 UTC)" (scheduled at 2026-05-01 12:46:34.723931+00:00)
2026-05-01 18:16:34 [INFO] garden_cron: [2026-05-01 18:16:34] Cronjob triggered
2026-05-01 18:16:34 [INFO] services.garden_processor: No garden updates with status='Ready to Process' found.
2026-05-01 18:16:34 [INFO] garden_cron: Cronjob complete — 0 garden(s) processed.
2026-05-01 18:16:34 [INFO] apscheduler.executors.default: Job "Garden AI Processing (trigger: interval[0:00:10], next run at: 2026-05-01 12:46:44 UTC)" executed successfully
2026-05-01 18:16:44 [INFO] apscheduler.executors.default: Running job "Garden AI Processing (trigger: interval[0:00:10], next run at: 2026-05-01 12:46:54 UTC)" (scheduled at 2026-05-01 12:46:44.723931+00:00)
2026-05-01 18:16:44 [INFO] garden_cron: [2026-05-01 18:16:44] Cronjob triggered
2026-05-01 18:16:44 [INFO] services.garden_processor: No garden updates with status='Ready to Process' found.
2026-05-01 18:16:44 [INFO] garden_cron: Cronjob complete — 0 garden(s) processed.
2026-05-01 18:16:44 [INFO] apscheduler.executors.default: Job "Garden AI Processing (trigger: interval[0:00:10], next run at: 2026-05-01 12:46:54 UTC)" executed successfully
2026-05-01 18:16:54 [INFO] apscheduler.executors.default: Running job "Garden AI Processing (trigger: interval[0:00:10], next run at: 2026-05-01 12:47:04 UTC)" (scheduled at 2026-05-01 12:46:54.723931+00:00)
2026-05-01 18:16:54 [INFO] garden_cron: [2026-05-01 18:16:54] Cronjob triggered
2026-05-01 18:16:54 [INFO] services.garden_processor: No garden updates with status='Ready to Process' found.
2026-05-01 18:16:54 [INFO] garden_cron: Cronjob complete — 0 garden(s) processed.
2026-05-01 18:16:54 [INFO] apscheduler.executors.default: Job "Garden AI Processing (trigger: interval[0:00:10], next run at: 2026-05-01 12:47:04 UTC)" executed successfully
2026-05-01 18:17:04 [INFO] apscheduler.executors.default: Running job "Garden AI Processing (trigger: interval[0:00:10], next run at: 2026-05-01 12:47:14 UTC)" (scheduled at 2026-05-01 12:47:04.723931+00:00)
2026-05-01 18:17:04 [INFO] garden_cron: [2026-05-01 18:17:04] Cronjob triggered
2026-05-01 18:17:04 [INFO] services.garden_processor: No garden updates with status='Ready to Process' found.
2026-05-01 18:17:04 [INFO] garden_cron: Cronjob complete — 0 garden(s) processed.
2026-05-01 18:17:04 [INFO] apscheduler.executors.default: Job "Garden AI Processing (trigger: interval[0:00:10], next run at: 2026-05-01 12:47:14 UTC)" executed successfully
2026-05-01 18:17:14 [INFO] apscheduler.executors.default: Running job "Garden AI Processing (trigger: interval[0:00:10], next run at: 2026-05-01 12:47:24 UTC)" (scheduled at 2026-05-01 12:47:14.723931+00:00)
2026-05-01 18:17:14 [INFO] garden_cron: [2026-05-01 18:17:14] Cronjob triggered
2026-05-01 18:17:14 [INFO] services.garden_processor: No garden updates with status='Ready to Process' found.
2026-05-01 18:17:14 [INFO] garden_cron: Cronjob complete — 0 garden(s) processed.
2026-05-01 18:17:14 [INFO] apscheduler.executors.default: Job "Garden AI Processing (trigger: interval[0:00:10], next run at: 2026-05-01 12:47:24 UTC)" executed successfully
2026-05-01 18:17:24 [INFO] apscheduler.executors.default: Running job "Garden AI Processing (trigger: interval[0:00:10], next run at: 2026-05-01 12:47:34 UTC)" (scheduled at 2026-05-01 12:47:24.723931+00:00)
2026-05-01 18:17:24 [INFO] garden_cron: [2026-05-01 18:17:24] Cronjob triggered
2026-05-01 18:17:24 [INFO] services.garden_processor: No garden updates with status='Ready to Process' found.
2026-05-01 18:17:24 [INFO] garden_cron: Cronjob complete — 0 garden(s) processed.
2026-05-01 18:17:24 [INFO] apscheduler.executors.default: Job "Garden AI Processing (trigger: interval[0:00:10], next run at: 2026-05-01 12:47:34 UTC)" executed successfully
2026-05-01 18:17:34 [INFO] apscheduler.executors.default: Running job "Garden AI Processing (trigger: interval[0:00:10], next run at: 2026-05-01 12:47:44 UTC)" (scheduled at 2026-05-01 12:47:34.723931+00:00)
2026-05-01 18:17:34 [INFO] garden_cron: [2026-05-01 18:17:34] Cronjob triggered
2026-05-01 18:17:34 [INFO] services.garden_processor: No garden updates with status='Ready to Process' found.
2026-05-01 18:17:34 [INFO] garden_cron: Cronjob complete — 0 garden(s) processed.
2026-05-01 18:17:34 [INFO] apscheduler.executors.default: Job "Garden AI Processing (trigger: interval[0:00:10], next run at: 2026-05-01 12:47:44 UTC)" executed successfully
2026-05-01 18:17:44 [INFO] apscheduler.executors.default: Running job "Garden AI Processing (trigger: interval[0:00:10], next run at: 2026-05-01 12:47:54 UTC)" (scheduled at 2026-05-01 12:47:44.723931+00:00)
2026-05-01 18:17:44 [INFO] garden_cron: [2026-05-01 18:17:44] Cronjob triggered
2026-05-01 18:17:44 [INFO] services.garden_processor: No garden updates with status='Ready to Process' found.
2026-05-01 18:17:44 [INFO] garden_cron: Cronjob complete — 0 garden(s) processed.
2026-05-01 18:17:44 [INFO] apscheduler.executors.default: Job "Garden AI Processing (trigger: interval[0:00:10], next run at: 2026-05-01 12:47:54 UTC)" executed successfully
2026-05-01 18:17:54 [INFO] apscheduler.executors.default: Running job "Garden AI Processing (trigger: interval[0:00:10], next run at: 2026-05-01 12:48:04 UTC)" (scheduled at 2026-05-01 12:47:54.723931+00:00)
2026-05-01 18:17:54 [INFO] garden_cron: [2026-05-01 18:17:54] Cronjob triggered
2026-05-01 18:17:54 [INFO] services.garden_processor: No garden updates with status='Ready to Process' found.
2026-05-01 18:17:54 [INFO] garden_cron: Cronjob complete — 0 garden(s) processed.
2026-05-01 18:17:54 [INFO] apscheduler.executors.default: Job "Garden AI Processing (trigger: interval[0:00:10], next run at: 2026-05-01 12:48:04 UTC)" executed successfully
2026-05-01 18:18:04 [INFO] apscheduler.executors.default: Running job "Garden AI Processing (trigger: interval[0:00:10], next run at: 2026-05-01 12:48:14 UTC)" (scheduled at 2026-05-01 12:48:04.723931+00:00)
2026-05-01 18:18:04 [INFO] garden_cron: [2026-05-01 18:18:04] Cronjob triggered
2026-05-01 18:18:04 [INFO] services.garden_processor: No garden updates with status='Ready to Process' found.
2026-05-01 18:18:04 [INFO] garden_cron: Cronjob complete — 0 garden(s) processed.
2026-05-01 18:18:04 [INFO] apscheduler.executors.default: Job "Garden AI Processing (trigger: interval[0:00:10], next run at: 2026-05-01 12:48:14 UTC)" executed successfully
2026-05-01 18:18:14 [INFO] apscheduler.executors.default: Running job "Garden AI Processing (trigger: interval[0:00:10], next run at: 2026-05-01 12:48:24 UTC)" (scheduled at 2026-05-01 12:48:14.723931+00:00)
2026-05-01 18:18:14 [INFO] garden_cron: [2026-05-01 18:18:14] Cronjob triggered
2026-05-01 18:18:14 [INFO] services.garden_processor: No garden updates with status='Ready to Process' found.
2026-05-01 18:18:14 [INFO] garden_cron: Cronjob complete — 0 garden(s) processed.
2026-05-01 18:18:14 [INFO] apscheduler.executors.default: Job "Garden AI Processing (trigger: interval[0:00:10], next run at: 2026-05-01 12:48:24 UTC)" executed successfully
2026-05-01 18:18:24 [INFO] apscheduler.executors.default: Running job "Garden AI Processing (trigger: interval[0:00:10], next run at: 2026-05-01 12:48:34 UTC)" (scheduled at 2026-05-01 12:48:24.723931+00:00)
2026-05-01 18:18:24 [INFO] garden_cron: [2026-05-01 18:18:24] Cronjob triggered
2026-05-01 18:18:24 [INFO] services.garden_processor: No garden updates with status='Ready to Process' found.
2026-05-01 18:18:24 [INFO] garden_cron: Cronjob complete — 0 garden(s) processed.
2026-05-01 18:18:24 [INFO] apscheduler.executors.default: Job "Garden AI Processing (trigger: interval[0:00:10], next run at: 2026-05-01 12:48:34 UTC)" executed successfully
2026-05-01 18:18:34 [INFO] apscheduler.executors.default: Running job "Garden AI Processing (trigger: interval[0:00:10], next run at: 2026-05-01 12:48:44 UTC)" (scheduled at 2026-05-01 12:48:34.723931+00:00)
2026-05-01 18:18:34 [INFO] garden_cron: [2026-05-01 18:18:34] Cronjob triggered
2026-05-01 18:18:34 [INFO] services.garden_processor: No garden updates with status='Ready to Process' found.
2026-05-01 18:18:34 [INFO] garden_cron: Cronjob complete — 0 garden(s) processed.
2026-05-01 18:18:34 [INFO] apscheduler.executors.default: Job "Garden AI Processing (trigger: interval[0:00:10], next run at: 2026-05-01 12:48:44 UTC)" executed successfully
2026-05-01 18:18:44 [INFO] apscheduler.executors.default: Running job "Garden AI Processing (trigger: interval[0:00:10], next run at: 2026-05-01 12:48:54 UTC)" (scheduled at 2026-05-01 12:48:44.723931+00:00)
2026-05-01 18:18:44 [INFO] garden_cron: [2026-05-01 18:18:44] Cronjob triggered
2026-05-01 18:18:44 [INFO] services.garden_processor: No garden updates with status='Ready to Process' found.
2026-05-01 18:18:44 [INFO] garden_cron: Cronjob complete — 0 garden(s) processed.
2026-05-01 18:18:44 [INFO] apscheduler.executors.default: Job "Garden AI Processing (trigger: interval[0:00:10], next run at: 2026-05-01 12:48:54 UTC)" executed successfully
2026-05-01 18:18:54 [INFO] apscheduler.executors.default: Running job "Garden AI Processing (trigger: interval[0:00:10], next run at: 2026-05-01 12:49:04 UTC)" (scheduled at 2026-05-01 12:48:54.723931+00:00)
2026-05-01 18:18:54 [INFO] garden_cron: [2026-05-01 18:18:54] Cronjob triggered
2026-05-01 18:18:54 [INFO] services.garden_processor: No garden updates with status='Ready to Process' found.
2026-05-01 18:18:54 [INFO] garden_cron: Cronjob complete — 0 garden(s) processed.
2026-05-01 18:18:54 [INFO] apscheduler.executors.default: Job "Garden AI Processing (trigger: interval[0:00:10], next run at: 2026-05-01 12:49:04 UTC)" executed successfully
2026-05-01 18:19:04 [INFO] apscheduler.executors.default: Running job "Garden AI Processing (trigger: interval[0:00:10], next run at: 2026-05-01 12:49:14 UTC)" (scheduled at 2026-05-01 12:49:04.723931+00:00)
2026-05-01 18:19:04 [INFO] garden_cron: [2026-05-01 18:19:04] Cronjob triggered
2026-05-01 18:19:04 [INFO] services.garden_processor: No garden updates with status='Ready to Process' found.
2026-05-01 18:19:04 [INFO] garden_cron: Cronjob complete — 0 garden(s) processed.
2026-05-01 18:19:04 [INFO] apscheduler.executors.default: Job "Garden AI Processing (trigger: interval[0:00:10], next run at: 2026-05-01 12:49:14 UTC)" executed successfully
2026-05-01 18:19:14 [INFO] apscheduler.executors.default: Running job "Garden AI Processing (trigger: interval[0:00:10], next run at: 2026-05-01 12:49:24 UTC)" (scheduled at 2026-05-01 12:49:14.723931+00:00)
2026-05-01 18:19:14 [INFO] garden_cron: [2026-05-01 18:19:14] Cronjob triggered
2026-05-01 18:19:14 [INFO] services.garden_processor: No garden updates with status='Ready to Process' found.
2026-05-01 18:19:14 [INFO] garden_cron: Cronjob complete — 0 garden(s) processed.
2026-05-01 18:19:14 [INFO] apscheduler.executors.default: Job "Garden AI Processing (trigger: interval[0:00:10], next run at: 2026-05-01 12:49:24 UTC)" executed successfully
2026-05-01 18:19:24 [INFO] apscheduler.executors.default: Running job "Garden AI Processing (trigger: interval[0:00:10], next run at: 2026-05-01 12:49:34 UTC)" (scheduled at 2026-05-01 12:49:24.723931+00:00)
2026-05-01 18:19:24 [INFO] garden_cron: [2026-05-01 18:19:24] Cronjob triggered
2026-05-01 18:19:24 [INFO] services.garden_processor: No garden updates with status='Ready to Process' found.
2026-05-01 18:19:24 [INFO] garden_cron: Cronjob complete — 0 garden(s) processed.
2026-05-01 18:19:24 [INFO] apscheduler.executors.default: Job "Garden AI Processing (trigger: interval[0:00:10], next run at: 2026-05-01 12:49:34 UTC)" executed successfully
2026-05-01 18:19:34 [INFO] apscheduler.executors.default: Running job "Garden AI Processing (trigger: interval[0:00:10], next run at: 2026-05-01 12:49:44 UTC)" (scheduled at 2026-05-01 12:49:34.723931+00:00)
2026-05-01 18:19:34 [INFO] garden_cron: [2026-05-01 18:19:34] Cronjob triggered
2026-05-01 18:19:34 [INFO] services.garden_processor: No garden updates with status='Ready to Process' found.
2026-05-01 18:19:34 [INFO] garden_cron: Cronjob complete — 0 garden(s) processed.
2026-05-01 18:19:34 [INFO] apscheduler.executors.default: Job "Garden AI Processing (trigger: interval[0:00:10], next run at: 2026-05-01 12:49:44 UTC)" executed successfully
2026-05-01 18:19:44 [INFO] apscheduler.executors.default: Running job "Garden AI Processing (trigger: interval[0:00:10], next run at: 2026-05-01 12:49:54 UTC)" (scheduled at 2026-05-01 12:49:44.723931+00:00)
2026-05-01 18:19:44 [INFO] garden_cron: [2026-05-01 18:19:44] Cronjob triggered
2026-05-01 18:19:44 [INFO] services.garden_processor: No garden updates with status='Ready to Process' found.
2026-05-01 18:19:44 [INFO] garden_cron: Cronjob complete — 0 garden(s) processed.
2026-05-01 18:19:44 [INFO] apscheduler.executors.default: Job "Garden AI Processing (trigger: interval[0:00:10], next run at: 2026-05-01 12:49:54 UTC)" executed successfully
2026-05-01 18:19:54 [INFO] apscheduler.executors.default: Running job "Garden AI Processing (trigger: interval[0:00:10], next run at: 2026-05-01 12:50:04 UTC)" (scheduled at 2026-05-01 12:49:54.723931+00:00)
2026-05-01 18:19:54 [INFO] garden_cron: [2026-05-01 18:19:54] Cronjob triggered
2026-05-01 18:19:54 [INFO] services.garden_processor: No garden updates with status='Ready to Process' found.
2026-05-01 18:19:54 [INFO] garden_cron: Cronjob complete — 0 garden(s) processed.
2026-05-01 18:19:54 [INFO] apscheduler.executors.default: Job "Garden AI Processing (trigger: interval[0:00:10], next run at: 2026-05-01 12:50:04 UTC)" executed successfully
2026-05-01 18:20:04 [INFO] apscheduler.executors.default: Running job "Garden AI Processing (trigger: interval[0:00:10], next run at: 2026-05-01 12:50:14 UTC)" (scheduled at 2026-05-01 12:50:04.723931+00:00)
2026-05-01 18:20:04 [INFO] garden_cron: [2026-05-01 18:20:04] Cronjob triggered
2026-05-01 18:20:04 [INFO] services.garden_processor: No garden updates with status='Ready to Process' found.
2026-05-01 18:20:04 [INFO] garden_cron: Cronjob complete — 0 garden(s) processed.
2026-05-01 18:20:04 [INFO] apscheduler.executors.default: Job "Garden AI Processing (trigger: interval[0:00:10], next run at: 2026-05-01 12:50:14 UTC)" executed successfully
2026-05-01 18:20:14 [INFO] apscheduler.executors.default: Running job "Garden AI Processing (trigger: interval[0:00:10], next run at: 2026-05-01 12:50:24 UTC)" (scheduled at 2026-05-01 12:50:14.723931+00:00)
2026-05-01 18:20:14 [INFO] garden_cron: [2026-05-01 18:20:14] Cronjob triggered
2026-05-01 18:20:14 [INFO] services.garden_processor: No garden updates with status='Ready to Process' found.
2026-05-01 18:20:14 [INFO] garden_cron: Cronjob complete — 0 garden(s) processed.
2026-05-01 18:20:14 [INFO] apscheduler.executors.default: Job "Garden AI Processing (trigger: interval[0:00:10], next run at: 2026-05-01 12:50:24 UTC)" executed successfully
2026-05-01 18:20:24 [INFO] apscheduler.executors.default: Running job "Garden AI Processing (trigger: interval[0:00:10], next run at: 2026-05-01 12:50:34 UTC)" (scheduled at 2026-05-01 12:50:24.723931+00:00)
2026-05-01 18:20:24 [INFO] garden_cron: [2026-05-01 18:20:24] Cronjob triggered
2026-05-01 18:20:24 [INFO] services.garden_processor: No garden updates with status='Ready to Process' found.
2026-05-01 18:20:24 [INFO] garden_cron: Cronjob complete — 0 garden(s) processed.
2026-05-01 18:20:24 [INFO] apscheduler.executors.default: Job "Garden AI Processing (trigger: interval[0:00:10], next run at: 2026-05-01 12:50:34 UTC)" executed successfully
2026-05-01 18:20:34 [INFO] apscheduler.executors.default: Running job "Garden AI Processing (trigger: interval[0:00:10], next run at: 2026-05-01 12:50:44 UTC)" (scheduled at 2026-05-01 12:50:34.723931+00:00)
2026-05-01 18:20:34 [INFO] garden_cron: [2026-05-01 18:20:34] Cronjob triggered
2026-05-01 18:20:34 [INFO] services.garden_processor: No garden updates with status='Ready to Process' found.
2026-05-01 18:20:34 [INFO] garden_cron: Cronjob complete — 0 garden(s) processed.
2026-05-01 18:20:34 [INFO] apscheduler.executors.default: Job "Garden AI Processing (trigger: interval[0:00:10], next run at: 2026-05-01 12:50:44 UTC)" executed successfully
2026-05-01 18:20:44 [INFO] apscheduler.executors.default: Running job "Garden AI Processing (trigger: interval[0:00:10], next run at: 2026-05-01 12:50:54 UTC)" (scheduled at 2026-05-01 12:50:44.723931+00:00)
2026-05-01 18:20:44 [INFO] garden_cron: [2026-05-01 18:20:44] Cronjob triggered
2026-05-01 18:20:44 [INFO] services.garden_processor: No garden updates with status='Ready to Process' found.
2026-05-01 18:20:44 [INFO] garden_cron: Cronjob complete — 0 garden(s) processed.
2026-05-01 18:20:44 [INFO] apscheduler.executors.default: Job "Garden AI Processing (trigger: interval[0:00:10], next run at: 2026-05-01 12:50:54 UTC)" executed successfully
2026-05-01 18:20:54 [INFO] apscheduler.executors.default: Running job "Garden AI Processing (trigger: interval[0:00:10], next run at: 2026-05-01 12:51:04 UTC)" (scheduled at 2026-05-01 12:50:54.723931+00:00)
2026-05-01 18:20:54 [INFO] garden_cron: [2026-05-01 18:20:54] Cronjob triggered
2026-05-01 18:20:54 [INFO] services.garden_processor: No garden updates with status='Ready to Process' found.
2026-05-01 18:20:54 [INFO] garden_cron: Cronjob complete — 0 garden(s) processed.
2026-05-01 18:20:54 [INFO] apscheduler.executors.default: Job "Garden AI Processing (trigger: interval[0:00:10], next run at: 2026-05-01 12:51:04 UTC)" executed successfully
2026-05-01 18:21:04 [INFO] apscheduler.executors.default: Running job "Garden AI Processing (trigger: interval[0:00:10], next run at: 2026-05-01 12:51:14 UTC)" (scheduled at 2026-05-01 12:51:04.723931+00:00)
2026-05-01 18:21:04 [INFO] garden_cron: [2026-05-01 18:21:04] Cronjob triggered
2026-05-01 18:21:04 [INFO] services.garden_processor: No garden updates with status='Ready to Process' found.
2026-05-01 18:21:04 [INFO] garden_cron: Cronjob complete — 0 garden(s) processed.
2026-05-01 18:21:04 [INFO] apscheduler.executors.default: Job "Garden AI Processing (trigger: interval[0:00:10], next run at: 2026-05-01 12:51:14 UTC)" executed successfully
2026-05-01 18:21:14 [INFO] apscheduler.executors.default: Running job "Garden AI Processing (trigger: interval[0:00:10], next run at: 2026-05-01 12:51:24 UTC)" (scheduled at 2026-05-01 12:51:14.723931+00:00)
2026-05-01 18:21:14 [INFO] garden_cron: [2026-05-01 18:21:14] Cronjob triggered
2026-05-01 18:21:14 [INFO] services.garden_processor: No garden updates with status='Ready to Process' found.
2026-05-01 18:21:14 [INFO] garden_cron: Cronjob complete — 0 garden(s) processed.
2026-05-01 18:21:14 [INFO] apscheduler.executors.default: Job "Garden AI Processing (trigger: interval[0:00:10], next run at: 2026-05-01 12:51:24 UTC)" executed successfully
2026-05-01 18:21:24 [INFO] apscheduler.executors.default: Running job "Garden AI Processing (trigger: interval[0:00:10], next run at: 2026-05-01 12:51:34 UTC)" (scheduled at 2026-05-01 12:51:24.723931+00:00)
2026-05-01 18:21:24 [INFO] garden_cron: [2026-05-01 18:21:24] Cronjob triggered
2026-05-01 18:21:24 [INFO] services.garden_processor: No garden updates with status='Ready to Process' found.
2026-05-01 18:21:24 [INFO] garden_cron: Cronjob complete — 0 garden(s) processed.
2026-05-01 18:21:24 [INFO] apscheduler.executors.default: Job "Garden AI Processing (trigger: interval[0:00:10], next run at: 2026-05-01 12:51:34 UTC)" executed successfully
2026-05-01 18:21:34 [INFO] apscheduler.executors.default: Running job "Garden AI Processing (trigger: interval[0:00:10], next run at: 2026-05-01 12:51:44 UTC)" (scheduled at 2026-05-01 12:51:34.723931+00:00)
2026-05-01 18:21:34 [INFO] garden_cron: [2026-05-01 18:21:34] Cronjob triggered
2026-05-01 18:21:34 [INFO] services.garden_processor: No garden updates with status='Ready to Process' found.
2026-05-01 18:21:34 [INFO] garden_cron: Cronjob complete — 0 garden(s) processed.
2026-05-01 18:21:34 [INFO] apscheduler.executors.default: Job "Garden AI Processing (trigger: interval[0:00:10], next run at: 2026-05-01 12:51:44 UTC)" executed successfully
2026-05-01 18:21:44 [INFO] apscheduler.executors.default: Running job "Garden AI Processing (trigger: interval[0:00:10], next run at: 2026-05-01 12:51:54 UTC)" (scheduled at 2026-05-01 12:51:44.723931+00:00)
2026-05-01 18:21:44 [INFO] garden_cron: [2026-05-01 18:21:44] Cronjob triggered
2026-05-01 18:21:44 [INFO] services.garden_processor: No garden updates with status='Ready to Process' found.
2026-05-01 18:21:44 [INFO] garden_cron: Cronjob complete — 0 garden(s) processed.
2026-05-01 18:21:44 [INFO] apscheduler.executors.default: Job "Garden AI Processing (trigger: interval[0:00:10], next run at: 2026-05-01 12:51:54 UTC)" executed successfully
2026-05-01 18:21:54 [INFO] apscheduler.executors.default: Running job "Garden AI Processing (trigger: interval[0:00:10], next run at: 2026-05-01 12:52:04 UTC)" (scheduled at 2026-05-01 12:51:54.723931+00:00)
2026-05-01 18:21:54 [INFO] garden_cron: [2026-05-01 18:21:54] Cronjob triggered
2026-05-01 18:21:54 [INFO] services.garden_processor: No garden updates with status='Ready to Process' found.
2026-05-01 18:21:54 [INFO] garden_cron: Cronjob complete — 0 garden(s) processed.
2026-05-01 18:21:54 [INFO] apscheduler.executors.default: Job "Garden AI Processing (trigger: interval[0:00:10], next run at: 2026-05-01 12:52:04 UTC)" executed successfully
2026-05-01 18:22:04 [INFO] apscheduler.executors.default: Running job "Garden AI Processing (trigger: interval[0:00:10], next run at: 2026-05-01 12:52:14 UTC)" (scheduled at 2026-05-01 12:52:04.723931+00:00)
2026-05-01 18:22:04 [INFO] garden_cron: [2026-05-01 18:22:04] Cronjob triggered
2026-05-01 18:22:04 [INFO] services.garden_processor: No garden updates with status='Ready to Process' found.
2026-05-01 18:22:04 [INFO] garden_cron: Cronjob complete — 0 garden(s) processed.
2026-05-01 18:22:04 [INFO] apscheduler.executors.default: Job "Garden AI Processing (trigger: interval[0:00:10], next run at: 2026-05-01 12:52:14 UTC)" executed successfully
2026-05-01 18:22:14 [INFO] apscheduler.executors.default: Running job "Garden AI Processing (trigger: interval[0:00:10], next run at: 2026-05-01 12:52:24 UTC)" (scheduled at 2026-05-01 12:52:14.723931+00:00)
2026-05-01 18:22:14 [INFO] garden_cron: [2026-05-01 18:22:14] Cronjob triggered
2026-05-01 18:22:14 [INFO] services.garden_processor: No garden updates with status='Ready to Process' found.
2026-05-01 18:22:14 [INFO] garden_cron: Cronjob complete — 0 garden(s) processed.
2026-05-01 18:22:14 [INFO] apscheduler.executors.default: Job "Garden AI Processing (trigger: interval[0:00:10], next run at: 2026-05-01 12:52:24 UTC)" executed successfully
2026-05-01 18:22:24 [INFO] apscheduler.executors.default: Running job "Garden AI Processing (trigger: interval[0:00:10], next run at: 2026-05-01 12:52:34 UTC)" (scheduled at 2026-05-01 12:52:24.723931+00:00)
2026-05-01 18:22:24 [INFO] garden_cron: [2026-05-01 18:22:24] Cronjob triggered
2026-05-01 18:22:24 [INFO] services.garden_processor: No garden updates with status='Ready to Process' found.
2026-05-01 18:22:24 [INFO] garden_cron: Cronjob complete — 0 garden(s) processed.
2026-05-01 18:22:24 [INFO] apscheduler.executors.default: Job "Garden AI Processing (trigger: interval[0:00:10], next run at: 2026-05-01 12:52:34 UTC)" executed successfully
2026-05-01 18:22:34 [INFO] apscheduler.executors.default: Running job "Garden AI Processing (trigger: interval[0:00:10], next run at: 2026-05-01 12:52:44 UTC)" (scheduled at 2026-05-01 12:52:34.723931+00:00)
2026-05-01 18:22:34 [INFO] garden_cron: [2026-05-01 18:22:34] Cronjob triggered
2026-05-01 18:22:34 [INFO] services.garden_processor: No garden updates with status='Ready to Process' found.
2026-05-01 18:22:34 [INFO] garden_cron: Cronjob complete — 0 garden(s) processed.
2026-05-01 18:22:34 [INFO] apscheduler.executors.default: Job "Garden AI Processing (trigger: interval[0:00:10], next run at: 2026-05-01 12:52:44 UTC)" executed successfully
2026-05-01 18:22:44 [INFO] apscheduler.executors.default: Running job "Garden AI Processing (trigger: interval[0:00:10], next run at: 2026-05-01 12:52:54 UTC)" (scheduled at 2026-05-01 12:52:44.723931+00:00)
2026-05-01 18:22:44 [INFO] garden_cron: [2026-05-01 18:22:44] Cronjob triggered
2026-05-01 18:22:44 [INFO] services.garden_processor: No garden updates with status='Ready to Process' found.
2026-05-01 18:22:44 [INFO] garden_cron: Cronjob complete — 0 garden(s) processed.
2026-05-01 18:22:44 [INFO] apscheduler.executors.default: Job "Garden AI Processing (trigger: interval[0:00:10], next run at: 2026-05-01 12:52:54 UTC)" executed successfully
2026-05-01 18:22:54 [INFO] apscheduler.executors.default: Running job "Garden AI Processing (trigger: interval[0:00:10], next run at: 2026-05-01 12:53:04 UTC)" (scheduled at 2026-05-01 12:52:54.723931+00:00)
2026-05-01 18:22:54 [INFO] garden_cron: [2026-05-01 18:22:54] Cronjob triggered
2026-05-01 18:22:54 [INFO] services.garden_processor: No garden updates with status='Ready to Process' found.
2026-05-01 18:22:54 [INFO] garden_cron: Cronjob complete — 0 garden(s) processed.
2026-05-01 18:22:54 [INFO] apscheduler.executors.default: Job "Garden AI Processing (trigger: interval[0:00:10], next run at: 2026-05-01 12:53:04 UTC)" executed successfully
2026-05-01 18:23:04 [INFO] apscheduler.executors.default: Running job "Garden AI Processing (trigger: interval[0:00:10], next run at: 2026-05-01 12:53:14 UTC)" (scheduled at 2026-05-01 12:53:04.723931+00:00)
2026-05-01 18:23:04 [INFO] garden_cron: [2026-05-01 18:23:04] Cronjob triggered
2026-05-01 18:23:04 [INFO] services.garden_processor: No garden updates with status='Ready to Process' found.
2026-05-01 18:23:04 [INFO] garden_cron: Cronjob complete — 0 garden(s) processed.
2026-05-01 18:23:04 [INFO] apscheduler.executors.default: Job "Garden AI Processing (trigger: interval[0:00:10], next run at: 2026-05-01 12:53:14 UTC)" executed successfully
2026-05-01 18:23:14 [INFO] apscheduler.executors.default: Running job "Garden AI Processing (trigger: interval[0:00:10], next run at: 2026-05-01 12:53:24 UTC)" (scheduled at 2026-05-01 12:53:14.723931+00:00)
2026-05-01 18:23:14 [INFO] garden_cron: [2026-05-01 18:23:14] Cronjob triggered
2026-05-01 18:23:14 [INFO] services.garden_processor: No garden updates with status='Ready to Process' found.
2026-05-01 18:23:14 [INFO] garden_cron: Cronjob complete — 0 garden(s) processed.
2026-05-01 18:23:14 [INFO] apscheduler.executors.default: Job "Garden AI Processing (trigger: interval[0:00:10], next run at: 2026-05-01 12:53:24 UTC)" executed successfully
2026-05-01 18:23:24 [INFO] apscheduler.executors.default: Running job "Garden AI Processing (trigger: interval[0:00:10], next run at: 2026-05-01 12:53:34 UTC)" (scheduled at 2026-05-01 12:53:24.723931+00:00)
2026-05-01 18:23:24 [INFO] garden_cron: [2026-05-01 18:23:24] Cronjob triggered
2026-05-01 18:23:24 [INFO] services.garden_processor: No garden updates with status='Ready to Process' found.
2026-05-01 18:23:24 [INFO] garden_cron: Cronjob complete — 0 garden(s) processed.
2026-05-01 18:23:24 [INFO] apscheduler.executors.default: Job "Garden AI Processing (trigger: interval[0:00:10], next run at: 2026-05-01 12:53:34 UTC)" executed successfully
2026-05-01 18:23:34 [INFO] apscheduler.executors.default: Running job "Garden AI Processing (trigger: interval[0:00:10], next run at: 2026-05-01 12:53:44 UTC)" (scheduled at 2026-05-01 12:53:34.723931+00:00)
2026-05-01 18:23:34 [INFO] garden_cron: [2026-05-01 18:23:34] Cronjob triggered
2026-05-01 18:23:34 [INFO] services.garden_processor: No garden updates with status='Ready to Process' found.
2026-05-01 18:23:34 [INFO] garden_cron: Cronjob complete — 0 garden(s) processed.
2026-05-01 18:23:34 [INFO] apscheduler.executors.default: Job "Garden AI Processing (trigger: interval[0:00:10], next run at: 2026-05-01 12:53:44 UTC)" executed successfully
2026-05-01 18:23:44 [INFO] apscheduler.executors.default: Running job "Garden AI Processing (trigger: interval[0:00:10], next run at: 2026-05-01 12:53:54 UTC)" (scheduled at 2026-05-01 12:53:44.723931+00:00)
2026-05-01 18:23:44 [INFO] garden_cron: [2026-05-01 18:23:44] Cronjob triggered
2026-05-01 18:23:44 [INFO] services.garden_processor: No garden updates with status='Ready to Process' found.
2026-05-01 18:23:44 [INFO] garden_cron: Cronjob complete — 0 garden(s) processed.
2026-05-01 18:23:44 [INFO] apscheduler.executors.default: Job "Garden AI Processing (trigger: interval[0:00:10], next run at: 2026-05-01 12:53:54 UTC)" executed successfully
2026-05-01 18:23:54 [INFO] apscheduler.executors.default: Running job "Garden AI Processing (trigger: interval[0:00:10], next run at: 2026-05-01 12:54:04 UTC)" (scheduled at 2026-05-01 12:53:54.723931+00:00)
2026-05-01 18:23:54 [INFO] garden_cron: [2026-05-01 18:23:54] Cronjob triggered
2026-05-01 18:23:54 [INFO] services.garden_processor: No garden updates with status='Ready to Process' found.
2026-05-01 18:23:54 [INFO] garden_cron: Cronjob complete — 0 garden(s) processed.
2026-05-01 18:23:54 [INFO] apscheduler.executors.default: Job "Garden AI Processing (trigger: interval[0:00:10], next run at: 2026-05-01 12:54:04 UTC)" executed successfully
2026-05-01 18:24:04 [INFO] apscheduler.executors.default: Running job "Garden AI Processing (trigger: interval[0:00:10], next run at: 2026-05-01 12:54:14 UTC)" (scheduled at 2026-05-01 12:54:04.723931+00:00)
2026-05-01 18:24:04 [INFO] garden_cron: [2026-05-01 18:24:04] Cronjob triggered
2026-05-01 18:24:04 [INFO] services.garden_processor: No garden updates with status='Ready to Process' found.
2026-05-01 18:24:04 [INFO] garden_cron: Cronjob complete — 0 garden(s) processed.
2026-05-01 18:24:04 [INFO] apscheduler.executors.default: Job "Garden AI Processing (trigger: interval[0:00:10], next run at: 2026-05-01 12:54:14 UTC)" executed successfully
2026-05-01 18:24:14 [INFO] apscheduler.executors.default: Running job "Garden AI Processing (trigger: interval[0:00:10], next run at: 2026-05-01 12:54:24 UTC)" (scheduled at 2026-05-01 12:54:14.723931+00:00)
2026-05-01 18:24:14 [INFO] garden_cron: [2026-05-01 18:24:14] Cronjob triggered
2026-05-01 18:24:14 [INFO] services.garden_processor: No garden updates with status='Ready to Process' found.
2026-05-01 18:24:14 [INFO] garden_cron: Cronjob complete — 0 garden(s) processed.
2026-05-01 18:24:14 [INFO] apscheduler.executors.default: Job "Garden AI Processing (trigger: interval[0:00:10], next run at: 2026-05-01 12:54:24 UTC)" executed successfully
2026-05-01 18:24:24 [INFO] apscheduler.executors.default: Running job "Garden AI Processing (trigger: interval[0:00:10], next run at: 2026-05-01 12:54:34 UTC)" (scheduled at 2026-05-01 12:54:24.723931+00:00)
2026-05-01 18:24:24 [INFO] garden_cron: [2026-05-01 18:24:24] Cronjob triggered
2026-05-01 18:24:24 [INFO] services.garden_processor: No garden updates with status='Ready to Process' found.
2026-05-01 18:24:24 [INFO] garden_cron: Cronjob complete — 0 garden(s) processed.
2026-05-01 18:24:24 [INFO] apscheduler.executors.default: Job "Garden AI Processing (trigger: interval[0:00:10], next run at: 2026-05-01 12:54:34 UTC)" executed successfully
2026-05-01 18:24:34 [INFO] apscheduler.executors.default: Running job "Garden AI Processing (trigger: interval[0:00:10], next run at: 2026-05-01 12:54:44 UTC)" (scheduled at 2026-05-01 12:54:34.723931+00:00)
2026-05-01 18:24:34 [INFO] garden_cron: [2026-05-01 18:24:34] Cronjob triggered
2026-05-01 18:24:34 [INFO] services.garden_processor: No garden updates with status='Ready to Process' found.
2026-05-01 18:24:34 [INFO] garden_cron: Cronjob complete — 0 garden(s) processed.
2026-05-01 18:24:34 [INFO] apscheduler.executors.default: Job "Garden AI Processing (trigger: interval[0:00:10], next run at: 2026-05-01 12:54:44 UTC)" executed successfully
2026-05-01 18:24:44 [INFO] apscheduler.executors.default: Running job "Garden AI Processing (trigger: interval[0:00:10], next run at: 2026-05-01 12:54:54 UTC)" (scheduled at 2026-05-01 12:54:44.723931+00:00)
2026-05-01 18:24:44 [INFO] garden_cron: [2026-05-01 18:24:44] Cronjob triggered
2026-05-01 18:24:44 [INFO] services.garden_processor: No garden updates with status='Ready to Process' found.
2026-05-01 18:24:44 [INFO] garden_cron: Cronjob complete — 0 garden(s) processed.
2026-05-01 18:24:44 [INFO] apscheduler.executors.default: Job "Garden AI Processing (trigger: interval[0:00:10], next run at: 2026-05-01 12:54:54 UTC)" executed successfully
2026-05-01 18:24:54 [INFO] apscheduler.executors.default: Running job "Garden AI Processing (trigger: interval[0:00:10], next run at: 2026-05-01 12:55:04 UTC)" (scheduled at 2026-05-01 12:54:54.723931+00:00)
2026-05-01 18:24:54 [INFO] garden_cron: [2026-05-01 18:24:54] Cronjob triggered
2026-05-01 18:24:54 [INFO] services.garden_processor: No garden updates with status='Ready to Process' found.
2026-05-01 18:24:54 [INFO] garden_cron: Cronjob complete — 0 garden(s) processed.
2026-05-01 18:24:54 [INFO] apscheduler.executors.default: Job "Garden AI Processing (trigger: interval[0:00:10], next run at: 2026-05-01 12:55:04 UTC)" executed successfully
2026-05-01 18:25:04 [INFO] apscheduler.executors.default: Running job "Garden AI Processing (trigger: interval[0:00:10], next run at: 2026-05-01 12:55:14 UTC)" (scheduled at 2026-05-01 12:55:04.723931+00:00)
2026-05-01 18:25:04 [INFO] garden_cron: [2026-05-01 18:25:04] Cronjob triggered
2026-05-01 18:25:04 [INFO] services.garden_processor: No garden updates with status='Ready to Process' found.
2026-05-01 18:25:04 [INFO] garden_cron: Cronjob complete — 0 garden(s) processed.
2026-05-01 18:25:04 [INFO] apscheduler.executors.default: Job "Garden AI Processing (trigger: interval[0:00:10], next run at: 2026-05-01 12:55:14 UTC)" executed successfully
2026-05-01 18:25:14 [INFO] apscheduler.executors.default: Running job "Garden AI Processing (trigger: interval[0:00:10], next run at: 2026-05-01 12:55:24 UTC)" (scheduled at 2026-05-01 12:55:14.723931+00:00)
2026-05-01 18:25:14 [INFO] garden_cron: [2026-05-01 18:25:14] Cronjob triggered
2026-05-01 18:25:14 [INFO] services.garden_processor: No garden updates with status='Ready to Process' found.
2026-05-01 18:25:14 [INFO] garden_cron: Cronjob complete — 0 garden(s) processed.
2026-05-01 18:25:14 [INFO] apscheduler.executors.default: Job "Garden AI Processing (trigger: interval[0:00:10], next run at: 2026-05-01 12:55:24 UTC)" executed successfully
2026-05-01 18:25:24 [INFO] apscheduler.executors.default: Running job "Garden AI Processing (trigger: interval[0:00:10], next run at: 2026-05-01 12:55:34 UTC)" (scheduled at 2026-05-01 12:55:24.723931+00:00)
2026-05-01 18:25:24 [INFO] garden_cron: [2026-05-01 18:25:24] Cronjob triggered
2026-05-01 18:25:24 [INFO] services.garden_processor: No garden updates with status='Ready to Process' found.
2026-05-01 18:25:24 [INFO] garden_cron: Cronjob complete — 0 garden(s) processed.
2026-05-01 18:25:24 [INFO] apscheduler.executors.default: Job "Garden AI Processing (trigger: interval[0:00:10], next run at: 2026-05-01 12:55:34 UTC)" executed successfully
2026-05-01 18:25:34 [INFO] apscheduler.executors.default: Running job "Garden AI Processing (trigger: interval[0:00:10], next run at: 2026-05-01 12:55:44 UTC)" (scheduled at 2026-05-01 12:55:34.723931+00:00)
2026-05-01 18:25:34 [INFO] garden_cron: [2026-05-01 18:25:34] Cronjob triggered
2026-05-01 18:25:34 [INFO] services.garden_processor: No garden updates with status='Ready to Process' found.
2026-05-01 18:25:34 [INFO] garden_cron: Cronjob complete — 0 garden(s) processed.
2026-05-01 18:25:34 [INFO] apscheduler.executors.default: Job "Garden AI Processing (trigger: interval[0:00:10], next run at: 2026-05-01 12:55:44 UTC)" executed successfully
2026-05-01 18:25:44 [INFO] apscheduler.executors.default: Running job "Garden AI Processing (trigger: interval[0:00:10], next run at: 2026-05-01 12:55:54 UTC)" (scheduled at 2026-05-01 12:55:44.723931+00:00)
2026-05-01 18:25:44 [INFO] garden_cron: [2026-05-01 18:25:44] Cronjob triggered
2026-05-01 18:25:44 [INFO] services.garden_processor: No garden updates with status='Ready to Process' found.
2026-05-01 18:25:44 [INFO] garden_cron: Cronjob complete — 0 garden(s) processed.
2026-05-01 18:25:44 [INFO] apscheduler.executors.default: Job "Garden AI Processing (trigger: interval[0:00:10], next run at: 2026-05-01 12:55:54 UTC)" executed successfully
2026-05-01 18:25:54 [INFO] apscheduler.executors.default: Running job "Garden AI Processing (trigger: interval[0:00:10], next run at: 2026-05-01 12:56:04 UTC)" (scheduled at 2026-05-01 12:55:54.723931+00:00)
2026-05-01 18:25:54 [INFO] garden_cron: [2026-05-01 18:25:54] Cronjob triggered
2026-05-01 18:25:54 [INFO] services.garden_processor: No garden updates with status='Ready to Process' found.
2026-05-01 18:25:54 [INFO] garden_cron: Cronjob complete — 0 garden(s) processed.
2026-05-01 18:25:54 [INFO] apscheduler.executors.default: Job "Garden AI Processing (trigger: interval[0:00:10], next run at: 2026-05-01 12:56:04 UTC)" executed successfully
2026-05-01 18:26:04 [INFO] apscheduler.executors.default: Running job "Garden AI Processing (trigger: interval[0:00:10], next run at: 2026-05-01 12:56:14 UTC)" (scheduled at 2026-05-01 12:56:04.723931+00:00)
2026-05-01 18:26:04 [INFO] garden_cron: [2026-05-01 18:26:04] Cronjob triggered
2026-05-01 18:26:04 [INFO] services.garden_processor: No garden updates with status='Ready to Process' found.
2026-05-01 18:26:04 [INFO] garden_cron: Cronjob complete — 0 garden(s) processed.
2026-05-01 18:26:04 [INFO] apscheduler.executors.default: Job "Garden AI Processing (trigger: interval[0:00:10], next run at: 2026-05-01 12:56:14 UTC)" executed successfully
2026-05-01 18:26:14 [INFO] apscheduler.executors.default: Running job "Garden AI Processing (trigger: interval[0:00:10], next run at: 2026-05-01 12:56:24 UTC)" (scheduled at 2026-05-01 12:56:14.723931+00:00)
2026-05-01 18:26:14 [INFO] garden_cron: [2026-05-01 18:26:14] Cronjob triggered
2026-05-01 18:26:14 [INFO] services.garden_processor: No garden updates with status='Ready to Process' found.
2026-05-01 18:26:14 [INFO] garden_cron: Cronjob complete — 0 garden(s) processed.
2026-05-01 18:26:14 [INFO] apscheduler.executors.default: Job "Garden AI Processing (trigger: interval[0:00:10], next run at: 2026-05-01 12:56:24 UTC)" executed successfully
2026-05-01 18:26:24 [INFO] apscheduler.executors.default: Running job "Garden AI Processing (trigger: interval[0:00:10], next run at: 2026-05-01 12:56:34 UTC)" (scheduled at 2026-05-01 12:56:24.723931+00:00)
2026-05-01 18:26:24 [INFO] garden_cron: [2026-05-01 18:26:24] Cronjob triggered
2026-05-01 18:26:24 [INFO] services.garden_processor: No garden updates with status='Ready to Process' found.
2026-05-01 18:26:24 [INFO] garden_cron: Cronjob complete — 0 garden(s) processed.
2026-05-01 18:26:24 [INFO] apscheduler.executors.default: Job "Garden AI Processing (trigger: interval[0:00:10], next run at: 2026-05-01 12:56:34 UTC)" executed successfully
2026-05-01 18:26:34 [INFO] apscheduler.executors.default: Running job "Garden AI Processing (trigger: interval[0:00:10], next run at: 2026-05-01 12:56:44 UTC)" (scheduled at 2026-05-01 12:56:34.723931+00:00)
2026-05-01 18:26:34 [INFO] garden_cron: [2026-05-01 18:26:34] Cronjob triggered
2026-05-01 18:26:34 [INFO] services.garden_processor: No garden updates with status='Ready to Process' found.
2026-05-01 18:26:34 [INFO] garden_cron: Cronjob complete — 0 garden(s) processed.
2026-05-01 18:26:34 [INFO] apscheduler.executors.default: Job "Garden AI Processing (trigger: interval[0:00:10], next run at: 2026-05-01 12:56:44 UTC)" executed successfully
2026-05-01 18:26:44 [INFO] apscheduler.executors.default: Running job "Garden AI Processing (trigger: interval[0:00:10], next run at: 2026-05-01 12:56:54 UTC)" (scheduled at 2026-05-01 12:56:44.723931+00:00)
2026-05-01 18:26:44 [INFO] garden_cron: [2026-05-01 18:26:44] Cronjob triggered
2026-05-01 18:26:44 [INFO] services.garden_processor: No garden updates with status='Ready to Process' found.
2026-05-01 18:26:44 [INFO] garden_cron: Cronjob complete — 0 garden(s) processed.
2026-05-01 18:26:44 [INFO] apscheduler.executors.default: Job "Garden AI Processing (trigger: interval[0:00:10], next run at: 2026-05-01 12:56:54 UTC)" executed successfully
2026-05-01 18:26:54 [INFO] apscheduler.executors.default: Running job "Garden AI Processing (trigger: interval[0:00:10], next run at: 2026-05-01 12:57:04 UTC)" (scheduled at 2026-05-01 12:56:54.723931+00:00)
2026-05-01 18:26:54 [INFO] garden_cron: [2026-05-01 18:26:54] Cronjob triggered
2026-05-01 18:26:54 [INFO] services.garden_processor: No garden updates with status='Ready to Process' found.
2026-05-01 18:26:54 [INFO] garden_cron: Cronjob complete — 0 garden(s) processed.
2026-05-01 18:26:54 [INFO] apscheduler.executors.default: Job "Garden AI Processing (trigger: interval[0:00:10], next run at: 2026-05-01 12:57:04 UTC)" executed successfully
2026-05-01 18:27:04 [INFO] apscheduler.executors.default: Running job "Garden AI Processing (trigger: interval[0:00:10], next run at: 2026-05-01 12:57:14 UTC)" (scheduled at 2026-05-01 12:57:04.723931+00:00)
2026-05-01 18:27:04 [INFO] garden_cron: [2026-05-01 18:27:04] Cronjob triggered
2026-05-01 18:27:04 [INFO] services.garden_processor: No garden updates with status='Ready to Process' found.
2026-05-01 18:27:04 [INFO] garden_cron: Cronjob complete — 0 garden(s) processed.
2026-05-01 18:27:04 [INFO] apscheduler.executors.default: Job "Garden AI Processing (trigger: interval[0:00:10], next run at: 2026-05-01 12:57:14 UTC)" executed successfully
2026-05-01 18:27:14 [INFO] apscheduler.executors.default: Running job "Garden AI Processing (trigger: interval[0:00:10], next run at: 2026-05-01 12:57:24 UTC)" (scheduled at 2026-05-01 12:57:14.723931+00:00)
2026-05-01 18:27:14 [INFO] garden_cron: [2026-05-01 18:27:14] Cronjob triggered
2026-05-01 18:27:14 [INFO] services.garden_processor: No garden updates with status='Ready to Process' found.
2026-05-01 18:27:14 [INFO] garden_cron: Cronjob complete — 0 garden(s) processed.
2026-05-01 18:27:14 [INFO] apscheduler.executors.default: Job "Garden AI Processing (trigger: interval[0:00:10], next run at: 2026-05-01 12:57:24 UTC)" executed successfully
2026-05-01 18:27:24 [INFO] apscheduler.executors.default: Running job "Garden AI Processing (trigger: interval[0:00:10], next run at: 2026-05-01 12:57:34 UTC)" (scheduled at 2026-05-01 12:57:24.723931+00:00)
2026-05-01 18:27:24 [INFO] garden_cron: [2026-05-01 18:27:24] Cronjob triggered
2026-05-01 18:27:24 [INFO] services.garden_processor: No garden updates with status='Ready to Process' found.
2026-05-01 18:27:24 [INFO] garden_cron: Cronjob complete — 0 garden(s) processed.
2026-05-01 18:27:24 [INFO] apscheduler.executors.default: Job "Garden AI Processing (trigger: interval[0:00:10], next run at: 2026-05-01 12:57:34 UTC)" executed successfully
2026-05-01 18:27:34 [INFO] apscheduler.executors.default: Running job "Garden AI Processing (trigger: interval[0:00:10], next run at: 2026-05-01 12:57:44 UTC)" (scheduled at 2026-05-01 12:57:34.723931+00:00)
2026-05-01 18:27:34 [INFO] garden_cron: [2026-05-01 18:27:34] Cronjob triggered
2026-05-01 18:27:34 [INFO] services.garden_processor: No garden updates with status='Ready to Process' found.
2026-05-01 18:27:34 [INFO] garden_cron: Cronjob complete — 0 garden(s) processed.
2026-05-01 18:27:34 [INFO] apscheduler.executors.default: Job "Garden AI Processing (trigger: interval[0:00:10], next run at: 2026-05-01 12:57:44 UTC)" executed successfully
2026-05-01 18:27:44 [INFO] apscheduler.executors.default: Running job "Garden AI Processing (trigger: interval[0:00:10], next run at: 2026-05-01 12:57:54 UTC)" (scheduled at 2026-05-01 12:57:44.723931+00:00)
2026-05-01 18:27:44 [INFO] garden_cron: [2026-05-01 18:27:44] Cronjob triggered
2026-05-01 18:27:44 [INFO] services.garden_processor: No garden updates with status='Ready to Process' found.
2026-05-01 18:27:44 [INFO] garden_cron: Cronjob complete — 0 garden(s) processed.
2026-05-01 18:27:44 [INFO] apscheduler.executors.default: Job "Garden AI Processing (trigger: interval[0:00:10], next run at: 2026-05-01 12:57:54 UTC)" executed successfully
2026-05-01 18:27:54 [INFO] apscheduler.executors.default: Running job "Garden AI Processing (trigger: interval[0:00:10], next run at: 2026-05-01 12:58:04 UTC)" (scheduled at 2026-05-01 12:57:54.723931+00:00)
2026-05-01 18:27:54 [INFO] garden_cron: [2026-05-01 18:27:54] Cronjob triggered
2026-05-01 18:27:54 [INFO] services.garden_processor: No garden updates with status='Ready to Process' found.
2026-05-01 18:27:54 [INFO] garden_cron: Cronjob complete — 0 garden(s) processed.
2026-05-01 18:27:54 [INFO] apscheduler.executors.default: Job "Garden AI Processing (trigger: interval[0:00:10], next run at: 2026-05-01 12:58:04 UTC)" executed successfully
2026-05-01 18:28:04 [INFO] apscheduler.executors.default: Running job "Garden AI Processing (trigger: interval[0:00:10], next run at: 2026-05-01 12:58:14 UTC)" (scheduled at 2026-05-01 12:58:04.723931+00:00)
2026-05-01 18:28:04 [INFO] garden_cron: [2026-05-01 18:28:04] Cronjob triggered
2026-05-01 18:28:04 [INFO] services.garden_processor: No garden updates with status='Ready to Process' found.
2026-05-01 18:28:04 [INFO] garden_cron: Cronjob complete — 0 garden(s) processed.
2026-05-01 18:28:04 [INFO] apscheduler.executors.default: Job "Garden AI Processing (trigger: interval[0:00:10], next run at: 2026-05-01 12:58:14 UTC)" executed successfully
2026-05-01 18:28:14 [INFO] apscheduler.executors.default: Running job "Garden AI Processing (trigger: interval[0:00:10], next run at: 2026-05-01 12:58:24 UTC)" (scheduled at 2026-05-01 12:58:14.723931+00:00)
2026-05-01 18:28:14 [INFO] garden_cron: [2026-05-01 18:28:14] Cronjob triggered
2026-05-01 18:28:14 [INFO] services.garden_processor: No garden updates with status='Ready to Process' found.
2026-05-01 18:28:14 [INFO] garden_cron: Cronjob complete — 0 garden(s) processed.
2026-05-01 18:28:14 [INFO] apscheduler.executors.default: Job "Garden AI Processing (trigger: interval[0:00:10], next run at: 2026-05-01 12:58:24 UTC)" executed successfully
2026-05-01 18:28:24 [INFO] apscheduler.executors.default: Running job "Garden AI Processing (trigger: interval[0:00:10], next run at: 2026-05-01 12:58:34 UTC)" (scheduled at 2026-05-01 12:58:24.723931+00:00)
2026-05-01 18:28:24 [INFO] garden_cron: [2026-05-01 18:28:24] Cronjob triggered
2026-05-01 18:28:24 [INFO] services.garden_processor: No garden updates with status='Ready to Process' found.
2026-05-01 18:28:24 [INFO] garden_cron: Cronjob complete — 0 garden(s) processed.
2026-05-01 18:28:24 [INFO] apscheduler.executors.default: Job "Garden AI Processing (trigger: interval[0:00:10], next run at: 2026-05-01 12:58:34 UTC)" executed successfully
2026-05-01 18:28:34 [INFO] apscheduler.executors.default: Running job "Garden AI Processing (trigger: interval[0:00:10], next run at: 2026-05-01 12:58:44 UTC)" (scheduled at 2026-05-01 12:58:34.723931+00:00)
2026-05-01 18:28:34 [INFO] garden_cron: [2026-05-01 18:28:34] Cronjob triggered
2026-05-01 18:28:34 [INFO] services.garden_processor: No garden updates with status='Ready to Process' found.
2026-05-01 18:28:34 [INFO] garden_cron: Cronjob complete — 0 garden(s) processed.
2026-05-01 18:28:34 [INFO] apscheduler.executors.default: Job "Garden AI Processing (trigger: interval[0:00:10], next run at: 2026-05-01 12:58:44 UTC)" executed successfully
2026-05-01 18:28:44 [INFO] apscheduler.executors.default: Running job "Garden AI Processing (trigger: interval[0:00:10], next run at: 2026-05-01 12:58:54 UTC)" (scheduled at 2026-05-01 12:58:44.723931+00:00)
2026-05-01 18:28:44 [INFO] garden_cron: [2026-05-01 18:28:44] Cronjob triggered
2026-05-01 18:28:44 [INFO] services.garden_processor: No garden updates with status='Ready to Process' found.
2026-05-01 18:28:44 [INFO] garden_cron: Cronjob complete — 0 garden(s) processed.
2026-05-01 18:28:44 [INFO] apscheduler.executors.default: Job "Garden AI Processing (trigger: interval[0:00:10], next run at: 2026-05-01 12:58:54 UTC)" executed successfully
2026-05-01 18:28:54 [INFO] apscheduler.executors.default: Running job "Garden AI Processing (trigger: interval[0:00:10], next run at: 2026-05-01 12:59:04 UTC)" (scheduled at 2026-05-01 12:58:54.723931+00:00)
2026-05-01 18:28:54 [INFO] garden_cron: [2026-05-01 18:28:54] Cronjob triggered
2026-05-01 18:28:54 [INFO] services.garden_processor: No garden updates with status='Ready to Process' found.
2026-05-01 18:28:54 [INFO] garden_cron: Cronjob complete — 0 garden(s) processed.
2026-05-01 18:28:54 [INFO] apscheduler.executors.default: Job "Garden AI Processing (trigger: interval[0:00:10], next run at: 2026-05-01 12:59:04 UTC)" executed successfully
2026-05-01 18:29:04 [INFO] apscheduler.executors.default: Running job "Garden AI Processing (trigger: interval[0:00:10], next run at: 2026-05-01 12:59:14 UTC)" (scheduled at 2026-05-01 12:59:04.723931+00:00)
2026-05-01 18:29:04 [INFO] garden_cron: [2026-05-01 18:29:04] Cronjob triggered
2026-05-01 18:29:04 [INFO] services.garden_processor: No garden updates with status='Ready to Process' found.
2026-05-01 18:29:04 [INFO] garden_cron: Cronjob complete — 0 garden(s) processed.
2026-05-01 18:29:04 [INFO] apscheduler.executors.default: Job "Garden AI Processing (trigger: interval[0:00:10], next run at: 2026-05-01 12:59:14 UTC)" executed successfully
2026-05-01 18:29:14 [INFO] apscheduler.executors.default: Running job "Garden AI Processing (trigger: interval[0:00:10], next run at: 2026-05-01 12:59:24 UTC)" (scheduled at 2026-05-01 12:59:14.723931+00:00)
2026-05-01 18:29:14 [INFO] garden_cron: [2026-05-01 18:29:14] Cronjob triggered
2026-05-01 18:29:14 [INFO] services.garden_processor: No garden updates with status='Ready to Process' found.
2026-05-01 18:29:14 [INFO] garden_cron: Cronjob complete — 0 garden(s) processed.
2026-05-01 18:29:14 [INFO] apscheduler.executors.default: Job "Garden AI Processing (trigger: interval[0:00:10], next run at: 2026-05-01 12:59:24 UTC)" executed successfully
2026-05-01 18:29:24 [INFO] apscheduler.executors.default: Running job "Garden AI Processing (trigger: interval[0:00:10], next run at: 2026-05-01 12:59:34 UTC)" (scheduled at 2026-05-01 12:59:24.723931+00:00)
2026-05-01 18:29:24 [INFO] garden_cron: [2026-05-01 18:29:24] Cronjob triggered
2026-05-01 18:29:24 [INFO] services.garden_processor: No garden updates with status='Ready to Process' found.
2026-05-01 18:29:24 [INFO] garden_cron: Cronjob complete — 0 garden(s) processed.
2026-05-01 18:29:24 [INFO] apscheduler.executors.default: Job "Garden AI Processing (trigger: interval[0:00:10], next run at: 2026-05-01 12:59:34 UTC)" executed successfully
2026-05-01 18:29:34 [INFO] apscheduler.executors.default: Running job "Garden AI Processing (trigger: interval[0:00:10], next run at: 2026-05-01 12:59:44 UTC)" (scheduled at 2026-05-01 12:59:34.723931+00:00)
2026-05-01 18:29:34 [INFO] garden_cron: [2026-05-01 18:29:34] Cronjob triggered
2026-05-01 18:29:34 [INFO] services.garden_processor: No garden updates with status='Ready to Process' found.
2026-05-01 18:29:34 [INFO] garden_cron: Cronjob complete — 0 garden(s) processed.
2026-05-01 18:29:34 [INFO] apscheduler.executors.default: Job "Garden AI Processing (trigger: interval[0:00:10], next run at: 2026-05-01 12:59:44 UTC)" executed successfully
2026-05-01 18:29:44 [INFO] apscheduler.executors.default: Running job "Garden AI Processing (trigger: interval[0:00:10], next run at: 2026-05-01 12:59:54 UTC)" (scheduled at 2026-05-01 12:59:44.723931+00:00)
2026-05-01 18:29:44 [INFO] garden_cron: [2026-05-01 18:29:44] Cronjob triggered
2026-05-01 18:29:44 [INFO] services.garden_processor: No garden updates with status='Ready to Process' found.
2026-05-01 18:29:44 [INFO] garden_cron: Cronjob complete — 0 garden(s) processed.
2026-05-01 18:29:44 [INFO] apscheduler.executors.default: Job "Garden AI Processing (trigger: interval[0:00:10], next run at: 2026-05-01 12:59:54 UTC)" executed successfully
2026-05-01 18:29:54 [INFO] apscheduler.executors.default: Running job "Garden AI Processing (trigger: interval[0:00:10], next run at: 2026-05-01 13:00:04 UTC)" (scheduled at 2026-05-01 12:59:54.723931+00:00)
2026-05-01 18:29:54 [INFO] garden_cron: [2026-05-01 18:29:54] Cronjob triggered
2026-05-01 18:29:54 [INFO] services.garden_processor: No garden updates with status='Ready to Process' found.
2026-05-01 18:29:54 [INFO] garden_cron: Cronjob complete — 0 garden(s) processed.
2026-05-01 18:29:54 [INFO] apscheduler.executors.default: Job "Garden AI Processing (trigger: interval[0:00:10], next run at: 2026-05-01 13:00:04 UTC)" executed successfully
2026-05-01 18:30:04 [INFO] apscheduler.executors.default: Running job "Garden AI Processing (trigger: interval[0:00:10], next run at: 2026-05-01 13:00:14 UTC)" (scheduled at 2026-05-01 13:00:04.723931+00:00)
2026-05-01 18:30:04 [INFO] garden_cron: [2026-05-01 18:30:04] Cronjob triggered
2026-05-01 18:30:04 [INFO] services.garden_processor: No garden updates with status='Ready to Process' found.
2026-05-01 18:30:04 [INFO] garden_cron: Cronjob complete — 0 garden(s) processed.
2026-05-01 18:30:04 [INFO] apscheduler.executors.default: Job "Garden AI Processing (trigger: interval[0:00:10], next run at: 2026-05-01 13:00:14 UTC)" executed successfully
2026-05-01 18:30:14 [INFO] apscheduler.executors.default: Running job "Garden AI Processing (trigger: interval[0:00:10], next run at: 2026-05-01 13:00:24 UTC)" (scheduled at 2026-05-01 13:00:14.723931+00:00)
2026-05-01 18:30:14 [INFO] garden_cron: [2026-05-01 18:30:14] Cronjob triggered
2026-05-01 18:30:14 [INFO] services.garden_processor: No garden updates with status='Ready to Process' found.
2026-05-01 18:30:14 [INFO] garden_cron: Cronjob complete — 0 garden(s) processed.
2026-05-01 18:30:14 [INFO] apscheduler.executors.default: Job "Garden AI Processing (trigger: interval[0:00:10], next run at: 2026-05-01 13:00:24 UTC)" executed successfully
2026-05-01 18:30:24 [INFO] apscheduler.executors.default: Running job "Garden AI Processing (trigger: interval[0:00:10], next run at: 2026-05-01 13:00:34 UTC)" (scheduled at 2026-05-01 13:00:24.723931+00:00)
2026-05-01 18:30:24 [INFO] garden_cron: [2026-05-01 18:30:24] Cronjob triggered
2026-05-01 18:30:24 [INFO] services.garden_processor: No garden updates with status='Ready to Process' found.
2026-05-01 18:30:24 [INFO] garden_cron: Cronjob complete — 0 garden(s) processed.
2026-05-01 18:30:24 [INFO] apscheduler.executors.default: Job "Garden AI Processing (trigger: interval[0:00:10], next run at: 2026-05-01 13:00:34 UTC)" executed successfully
2026-05-01 18:30:34 [INFO] apscheduler.executors.default: Running job "Garden AI Processing (trigger: interval[0:00:10], next run at: 2026-05-01 13:00:44 UTC)" (scheduled at 2026-05-01 13:00:34.723931+00:00)
2026-05-01 18:30:34 [INFO] garden_cron: [2026-05-01 18:30:34] Cronjob triggered
2026-05-01 18:30:34 [INFO] services.garden_processor: No garden updates with status='Ready to Process' found.
2026-05-01 18:30:34 [INFO] garden_cron: Cronjob complete — 0 garden(s) processed.
2026-05-01 18:30:34 [INFO] apscheduler.executors.default: Job "Garden AI Processing (trigger: interval[0:00:10], next run at: 2026-05-01 13:00:44 UTC)" executed successfully
2026-05-01 18:30:44 [INFO] apscheduler.executors.default: Running job "Garden AI Processing (trigger: interval[0:00:10], next run at: 2026-05-01 13:00:54 UTC)" (scheduled at 2026-05-01 13:00:44.723931+00:00)
2026-05-01 18:30:44 [INFO] garden_cron: [2026-05-01 18:30:44] Cronjob triggered
2026-05-01 18:30:44 [INFO] services.garden_processor: No garden updates with status='Ready to Process' found.
2026-05-01 18:30:44 [INFO] garden_cron: Cronjob complete — 0 garden(s) processed.
2026-05-01 18:30:44 [INFO] apscheduler.executors.default: Job "Garden AI Processing (trigger: interval[0:00:10], next run at: 2026-05-01 13:00:54 UTC)" executed successfully
2026-05-01 18:30:54 [INFO] apscheduler.executors.default: Running job "Garden AI Processing (trigger: interval[0:00:10], next run at: 2026-05-01 13:01:04 UTC)" (scheduled at 2026-05-01 13:00:54.723931+00:00)
2026-05-01 18:30:54 [INFO] garden_cron: [2026-05-01 18:30:54] Cronjob triggered
2026-05-01 18:30:54 [INFO] services.garden_processor: No garden updates with status='Ready to Process' found.
2026-05-01 18:30:54 [INFO] garden_cron: Cronjob complete — 0 garden(s) processed.
2026-05-01 18:30:54 [INFO] apscheduler.executors.default: Job "Garden AI Processing (trigger: interval[0:00:10], next run at: 2026-05-01 13:01:04 UTC)" executed successfully
2026-05-01 18:31:04 [INFO] apscheduler.executors.default: Running job "Garden AI Processing (trigger: interval[0:00:10], next run at: 2026-05-01 13:01:14 UTC)" (scheduled at 2026-05-01 13:01:04.723931+00:00)
2026-05-01 18:31:04 [INFO] garden_cron: [2026-05-01 18:31:04] Cronjob triggered
2026-05-01 18:31:04 [INFO] services.garden_processor: No garden updates with status='Ready to Process' found.
2026-05-01 18:31:04 [INFO] garden_cron: Cronjob complete — 0 garden(s) processed.
2026-05-01 18:31:04 [INFO] apscheduler.executors.default: Job "Garden AI Processing (trigger: interval[0:00:10], next run at: 2026-05-01 13:01:14 UTC)" executed successfully
2026-05-01 18:31:14 [INFO] apscheduler.executors.default: Running job "Garden AI Processing (trigger: interval[0:00:10], next run at: 2026-05-01 13:01:24 UTC)" (scheduled at 2026-05-01 13:01:14.723931+00:00)
2026-05-01 18:31:14 [INFO] garden_cron: [2026-05-01 18:31:14] Cronjob triggered
2026-05-01 18:31:14 [INFO] services.garden_processor: No garden updates with status='Ready to Process' found.
2026-05-01 18:31:14 [INFO] garden_cron: Cronjob complete — 0 garden(s) processed.
2026-05-01 18:31:14 [INFO] apscheduler.executors.default: Job "Garden AI Processing (trigger: interval[0:00:10], next run at: 2026-05-01 13:01:24 UTC)" executed successfully
2026-05-01 18:31:24 [INFO] apscheduler.executors.default: Running job "Garden AI Processing (trigger: interval[0:00:10], next run at: 2026-05-01 13:01:34 UTC)" (scheduled at 2026-05-01 13:01:24.723931+00:00)
2026-05-01 18:31:24 [INFO] garden_cron: [2026-05-01 18:31:24] Cronjob triggered
2026-05-01 18:31:24 [INFO] services.garden_processor: No garden updates with status='Ready to Process' found.
2026-05-01 18:31:24 [INFO] garden_cron: Cronjob complete — 0 garden(s) processed.
2026-05-01 18:31:24 [INFO] apscheduler.executors.default: Job "Garden AI Processing (trigger: interval[0:00:10], next run at: 2026-05-01 13:01:34 UTC)" executed successfully
2026-05-01 18:31:34 [INFO] apscheduler.executors.default: Running job "Garden AI Processing (trigger: interval[0:00:10], next run at: 2026-05-01 13:01:44 UTC)" (scheduled at 2026-05-01 13:01:34.723931+00:00)
2026-05-01 18:31:34 [INFO] garden_cron: [2026-05-01 18:31:34] Cronjob triggered
2026-05-01 18:31:34 [INFO] services.garden_processor: No garden updates with status='Ready to Process' found.
2026-05-01 18:31:34 [INFO] garden_cron: Cronjob complete — 0 garden(s) processed.
2026-05-01 18:31:34 [INFO] apscheduler.executors.default: Job "Garden AI Processing (trigger: interval[0:00:10], next run at: 2026-05-01 13:01:44 UTC)" executed successfully
2026-05-01 18:31:44 [INFO] apscheduler.executors.default: Running job "Garden AI Processing (trigger: interval[0:00:10], next run at: 2026-05-01 13:01:54 UTC)" (scheduled at 2026-05-01 13:01:44.723931+00:00)
2026-05-01 18:31:44 [INFO] garden_cron: [2026-05-01 18:31:44] Cronjob triggered
2026-05-01 18:31:44 [INFO] services.garden_processor: No garden updates with status='Ready to Process' found.
2026-05-01 18:31:44 [INFO] garden_cron: Cronjob complete — 0 garden(s) processed.
2026-05-01 18:31:44 [INFO] apscheduler.executors.default: Job "Garden AI Processing (trigger: interval[0:00:10], next run at: 2026-05-01 13:01:54 UTC)" executed successfully
2026-05-01 18:31:54 [INFO] apscheduler.executors.default: Running job "Garden AI Processing (trigger: interval[0:00:10], next run at: 2026-05-01 13:02:04 UTC)" (scheduled at 2026-05-01 13:01:54.723931+00:00)
2026-05-01 18:31:54 [INFO] garden_cron: [2026-05-01 18:31:54] Cronjob triggered
2026-05-01 18:31:54 [INFO] services.garden_processor: No garden updates with status='Ready to Process' found.
2026-05-01 18:31:54 [INFO] garden_cron: Cronjob complete — 0 garden(s) processed.
2026-05-01 18:31:54 [INFO] apscheduler.executors.default: Job "Garden AI Processing (trigger: interval[0:00:10], next run at: 2026-05-01 13:02:04 UTC)" executed successfully
2026-05-01 18:32:04 [INFO] apscheduler.executors.default: Running job "Garden AI Processing (trigger: interval[0:00:10], next run at: 2026-05-01 13:02:14 UTC)" (scheduled at 2026-05-01 13:02:04.723931+00:00)
2026-05-01 18:32:04 [INFO] garden_cron: [2026-05-01 18:32:04] Cronjob triggered
2026-05-01 18:32:04 [INFO] services.garden_processor: No garden updates with status='Ready to Process' found.
2026-05-01 18:32:04 [INFO] garden_cron: Cronjob complete — 0 garden(s) processed.
2026-05-01 18:32:04 [INFO] apscheduler.executors.default: Job "Garden AI Processing (trigger: interval[0:00:10], next run at: 2026-05-01 13:02:14 UTC)" executed successfully
2026-05-01 18:32:14 [INFO] apscheduler.executors.default: Running job "Garden AI Processing (trigger: interval[0:00:10], next run at: 2026-05-01 13:02:24 UTC)" (scheduled at 2026-05-01 13:02:14.723931+00:00)
2026-05-01 18:32:14 [INFO] garden_cron: [2026-05-01 18:32:14] Cronjob triggered
2026-05-01 18:32:14 [INFO] services.garden_processor: No garden updates with status='Ready to Process' found.
2026-05-01 18:32:14 [INFO] garden_cron: Cronjob complete — 0 garden(s) processed.
2026-05-01 18:32:14 [INFO] apscheduler.executors.default: Job "Garden AI Processing (trigger: interval[0:00:10], next run at: 2026-05-01 13:02:24 UTC)" executed successfully
2026-05-01 18:32:24 [INFO] apscheduler.executors.default: Running job "Garden AI Processing (trigger: interval[0:00:10], next run at: 2026-05-01 13:02:34 UTC)" (scheduled at 2026-05-01 13:02:24.723931+00:00)
2026-05-01 18:32:24 [INFO] garden_cron: [2026-05-01 18:32:24] Cronjob triggered
2026-05-01 18:32:24 [INFO] services.garden_processor: No garden updates with status='Ready to Process' found.
2026-05-01 18:32:24 [INFO] garden_cron: Cronjob complete — 0 garden(s) processed.
2026-05-01 18:32:24 [INFO] apscheduler.executors.default: Job "Garden AI Processing (trigger: interval[0:00:10], next run at: 2026-05-01 13:02:34 UTC)" executed successfully
2026-05-01 18:32:34 [INFO] apscheduler.executors.default: Running job "Garden AI Processing (trigger: interval[0:00:10], next run at: 2026-05-01 13:02:44 UTC)" (scheduled at 2026-05-01 13:02:34.723931+00:00)
2026-05-01 18:32:34 [INFO] garden_cron: [2026-05-01 18:32:34] Cronjob triggered
2026-05-01 18:32:34 [INFO] services.garden_processor: No garden updates with status='Ready to Process' found.
2026-05-01 18:32:34 [INFO] garden_cron: Cronjob complete — 0 garden(s) processed.
2026-05-01 18:32:34 [INFO] apscheduler.executors.default: Job "Garden AI Processing (trigger: interval[0:00:10], next run at: 2026-05-01 13:02:44 UTC)" executed successfully
2026-05-01 18:32:44 [INFO] apscheduler.executors.default: Running job "Garden AI Processing (trigger: interval[0:00:10], next run at: 2026-05-01 13:02:54 UTC)" (scheduled at 2026-05-01 13:02:44.723931+00:00)
2026-05-01 18:32:44 [INFO] garden_cron: [2026-05-01 18:32:44] Cronjob triggered
2026-05-01 18:32:44 [INFO] services.garden_processor: No garden updates with status='Ready to Process' found.
2026-05-01 18:32:44 [INFO] garden_cron: Cronjob complete — 0 garden(s) processed.
2026-05-01 18:32:44 [INFO] apscheduler.executors.default: Job "Garden AI Processing (trigger: interval[0:00:10], next run at: 2026-05-01 13:02:54 UTC)" executed successfully
2026-05-01 18:32:54 [INFO] apscheduler.executors.default: Running job "Garden AI Processing (trigger: interval[0:00:10], next run at: 2026-05-01 13:03:04 UTC)" (scheduled at 2026-05-01 13:02:54.723931+00:00)
2026-05-01 18:32:54 [INFO] garden_cron: [2026-05-01 18:32:54] Cronjob triggered
2026-05-01 18:32:54 [INFO] services.garden_processor: No garden updates with status='Ready to Process' found.
2026-05-01 18:32:54 [INFO] garden_cron: Cronjob complete — 0 garden(s) processed.
2026-05-01 18:32:54 [INFO] apscheduler.executors.default: Job "Garden AI Processing (trigger: interval[0:00:10], next run at: 2026-05-01 13:03:04 UTC)" executed successfully
2026-05-01 18:33:04 [INFO] apscheduler.executors.default: Running job "Garden AI Processing (trigger: interval[0:00:10], next run at: 2026-05-01 13:03:14 UTC)" (scheduled at 2026-05-01 13:03:04.723931+00:00)
2026-05-01 18:33:04 [INFO] garden_cron: [2026-05-01 18:33:04] Cronjob triggered
2026-05-01 18:33:04 [INFO] services.garden_processor: No garden updates with status='Ready to Process' found.
2026-05-01 18:33:04 [INFO] garden_cron: Cronjob complete — 0 garden(s) processed.
2026-05-01 18:33:04 [INFO] apscheduler.executors.default: Job "Garden AI Processing (trigger: interval[0:00:10], next run at: 2026-05-01 13:03:14 UTC)" executed successfully
2026-05-01 18:33:14 [INFO] apscheduler.executors.default: Running job "Garden AI Processing (trigger: interval[0:00:10], next run at: 2026-05-01 13:03:24 UTC)" (scheduled at 2026-05-01 13:03:14.723931+00:00)
2026-05-01 18:33:14 [INFO] garden_cron: [2026-05-01 18:33:14] Cronjob triggered
2026-05-01 18:33:14 [INFO] services.garden_processor: No garden updates with status='Ready to Process' found.
2026-05-01 18:33:14 [INFO] garden_cron: Cronjob complete — 0 garden(s) processed.
2026-05-01 18:33:14 [INFO] apscheduler.executors.default: Job "Garden AI Processing (trigger: interval[0:00:10], next run at: 2026-05-01 13:03:24 UTC)" executed successfully
2026-05-01 18:33:24 [INFO] apscheduler.executors.default: Running job "Garden AI Processing (trigger: interval[0:00:10], next run at: 2026-05-01 13:03:34 UTC)" (scheduled at 2026-05-01 13:03:24.723931+00:00)
2026-05-01 18:33:24 [INFO] garden_cron: [2026-05-01 18:33:24] Cronjob triggered
2026-05-01 18:33:24 [INFO] services.garden_processor: No garden updates with status='Ready to Process' found.
2026-05-01 18:33:24 [INFO] garden_cron: Cronjob complete — 0 garden(s) processed.
2026-05-01 18:33:24 [INFO] apscheduler.executors.default: Job "Garden AI Processing (trigger: interval[0:00:10], next run at: 2026-05-01 13:03:34 UTC)" executed successfully
2026-05-01 18:33:34 [INFO] apscheduler.executors.default: Running job "Garden AI Processing (trigger: interval[0:00:10], next run at: 2026-05-01 13:03:44 UTC)" (scheduled at 2026-05-01 13:03:34.723931+00:00)
2026-05-01 18:33:34 [INFO] garden_cron: [2026-05-01 18:33:34] Cronjob triggered
2026-05-01 18:33:34 [INFO] services.garden_processor: No garden updates with status='Ready to Process' found.
2026-05-01 18:33:34 [INFO] garden_cron: Cronjob complete — 0 garden(s) processed.
2026-05-01 18:33:34 [INFO] apscheduler.executors.default: Job "Garden AI Processing (trigger: interval[0:00:10], next run at: 2026-05-01 13:03:44 UTC)" executed successfully
2026-05-01 18:33:44 [INFO] apscheduler.executors.default: Running job "Garden AI Processing (trigger: interval[0:00:10], next run at: 2026-05-01 13:03:54 UTC)" (scheduled at 2026-05-01 13:03:44.723931+00:00)
2026-05-01 18:33:44 [INFO] garden_cron: [2026-05-01 18:33:44] Cronjob triggered
2026-05-01 18:33:44 [INFO] services.garden_processor: No garden updates with status='Ready to Process' found.
2026-05-01 18:33:44 [INFO] garden_cron: Cronjob complete — 0 garden(s) processed.
2026-05-01 18:33:44 [INFO] apscheduler.executors.default: Job "Garden AI Processing (trigger: interval[0:00:10], next run at: 2026-05-01 13:03:54 UTC)" executed successfully
2026-05-01 18:33:54 [INFO] apscheduler.executors.default: Running job "Garden AI Processing (trigger: interval[0:00:10], next run at: 2026-05-01 13:04:04 UTC)" (scheduled at 2026-05-01 13:03:54.723931+00:00)
2026-05-01 18:33:54 [INFO] garden_cron: [2026-05-01 18:33:54] Cronjob triggered
2026-05-01 18:33:54 [INFO] services.garden_processor: No garden updates with status='Ready to Process' found.
2026-05-01 18:33:54 [INFO] garden_cron: Cronjob complete — 0 garden(s) processed.
2026-05-01 18:33:54 [INFO] apscheduler.executors.default: Job "Garden AI Processing (trigger: interval[0:00:10], next run at: 2026-05-01 13:04:04 UTC)" executed successfully
2026-05-01 18:34:04 [INFO] apscheduler.executors.default: Running job "Garden AI Processing (trigger: interval[0:00:10], next run at: 2026-05-01 13:04:14 UTC)" (scheduled at 2026-05-01 13:04:04.723931+00:00)
2026-05-01 18:34:04 [INFO] garden_cron: [2026-05-01 18:34:04] Cronjob triggered
2026-05-01 18:34:04 [INFO] services.garden_processor: No garden updates with status='Ready to Process' found.
2026-05-01 18:34:04 [INFO] garden_cron: Cronjob complete — 0 garden(s) processed.
2026-05-01 18:34:04 [INFO] apscheduler.executors.default: Job "Garden AI Processing (trigger: interval[0:00:10], next run at: 2026-05-01 13:04:14 UTC)" executed successfully
2026-05-01 18:34:14 [INFO] apscheduler.executors.default: Running job "Garden AI Processing (trigger: interval[0:00:10], next run at: 2026-05-01 13:04:24 UTC)" (scheduled at 2026-05-01 13:04:14.723931+00:00)
2026-05-01 18:34:14 [INFO] garden_cron: [2026-05-01 18:34:14] Cronjob triggered
2026-05-01 18:34:14 [INFO] services.garden_processor: No garden updates with status='Ready to Process' found.
2026-05-01 18:34:14 [INFO] garden_cron: Cronjob complete — 0 garden(s) processed.
2026-05-01 18:34:14 [INFO] apscheduler.executors.default: Job "Garden AI Processing (trigger: interval[0:00:10], next run at: 2026-05-01 13:04:24 UTC)" executed successfully
2026-05-01 18:34:24 [INFO] apscheduler.executors.default: Running job "Garden AI Processing (trigger: interval[0:00:10], next run at: 2026-05-01 13:04:34 UTC)" (scheduled at 2026-05-01 13:04:24.723931+00:00)
2026-05-01 18:34:24 [INFO] garden_cron: [2026-05-01 18:34:24] Cronjob triggered
2026-05-01 18:34:24 [INFO] services.garden_processor: No garden updates with status='Ready to Process' found.
2026-05-01 18:34:24 [INFO] garden_cron: Cronjob complete — 0 garden(s) processed.
2026-05-01 18:34:24 [INFO] apscheduler.executors.default: Job "Garden AI Processing (trigger: interval[0:00:10], next run at: 2026-05-01 13:04:34 UTC)" executed successfully
2026-05-01 18:34:34 [INFO] apscheduler.executors.default: Running job "Garden AI Processing (trigger: interval[0:00:10], next run at: 2026-05-01 13:04:44 UTC)" (scheduled at 2026-05-01 13:04:34.723931+00:00)
2026-05-01 18:34:34 [INFO] garden_cron: [2026-05-01 18:34:34] Cronjob triggered
2026-05-01 18:34:34 [INFO] services.garden_processor: No garden updates with status='Ready to Process' found.
2026-05-01 18:34:34 [INFO] garden_cron: Cronjob complete — 0 garden(s) processed.
2026-05-01 18:34:34 [INFO] apscheduler.executors.default: Job "Garden AI Processing (trigger: interval[0:00:10], next run at: 2026-05-01 13:04:44 UTC)" executed successfully
2026-05-01 18:34:44 [INFO] apscheduler.executors.default: Running job "Garden AI Processing (trigger: interval[0:00:10], next run at: 2026-05-01 13:04:54 UTC)" (scheduled at 2026-05-01 13:04:44.723931+00:00)
2026-05-01 18:34:44 [INFO] garden_cron: [2026-05-01 18:34:44] Cronjob triggered
2026-05-01 18:34:44 [INFO] services.garden_processor: No garden updates with status='Ready to Process' found.
2026-05-01 18:34:44 [INFO] garden_cron: Cronjob complete — 0 garden(s) processed.
2026-05-01 18:34:44 [INFO] apscheduler.executors.default: Job "Garden AI Processing (trigger: interval[0:00:10], next run at: 2026-05-01 13:04:54 UTC)" executed successfully
2026-05-01 18:34:54 [INFO] apscheduler.executors.default: Running job "Garden AI Processing (trigger: interval[0:00:10], next run at: 2026-05-01 13:05:04 UTC)" (scheduled at 2026-05-01 13:04:54.723931+00:00)
2026-05-01 18:34:54 [INFO] garden_cron: [2026-05-01 18:34:54] Cronjob triggered
2026-05-01 18:34:54 [INFO] services.garden_processor: No garden updates with status='Ready to Process' found.
2026-05-01 18:34:54 [INFO] garden_cron: Cronjob complete — 0 garden(s) processed.
2026-05-01 18:34:54 [INFO] apscheduler.executors.default: Job "Garden AI Processing (trigger: interval[0:00:10], next run at: 2026-05-01 13:05:04 UTC)" executed successfully
2026-05-01 18:35:04 [INFO] apscheduler.executors.default: Running job "Garden AI Processing (trigger: interval[0:00:10], next run at: 2026-05-01 13:05:14 UTC)" (scheduled at 2026-05-01 13:05:04.723931+00:00)
2026-05-01 18:35:04 [INFO] garden_cron: [2026-05-01 18:35:04] Cronjob triggered
2026-05-01 18:35:04 [INFO] services.garden_processor: No garden updates with status='Ready to Process' found.
2026-05-01 18:35:04 [INFO] garden_cron: Cronjob complete — 0 garden(s) processed.
2026-05-01 18:35:04 [INFO] apscheduler.executors.default: Job "Garden AI Processing (trigger: interval[0:00:10], next run at: 2026-05-01 13:05:14 UTC)" executed successfully
2026-05-01 18:35:14 [INFO] apscheduler.executors.default: Running job "Garden AI Processing (trigger: interval[0:00:10], next run at: 2026-05-01 13:05:24 UTC)" (scheduled at 2026-05-01 13:05:14.723931+00:00)
2026-05-01 18:35:14 [INFO] garden_cron: [2026-05-01 18:35:14] Cronjob triggered
2026-05-01 18:35:14 [INFO] services.garden_processor: No garden updates with status='Ready to Process' found.
2026-05-01 18:35:14 [INFO] garden_cron: Cronjob complete — 0 garden(s) processed.
2026-05-01 18:35:14 [INFO] apscheduler.executors.default: Job "Garden AI Processing (trigger: interval[0:00:10], next run at: 2026-05-01 13:05:24 UTC)" executed successfully
2026-05-01 18:35:24 [INFO] apscheduler.executors.default: Running job "Garden AI Processing (trigger: interval[0:00:10], next run at: 2026-05-01 13:05:34 UTC)" (scheduled at 2026-05-01 13:05:24.723931+00:00)
2026-05-01 18:35:24 [INFO] garden_cron: [2026-05-01 18:35:24] Cronjob triggered
2026-05-01 18:35:24 [INFO] services.garden_processor: No garden updates with status='Ready to Process' found.
2026-05-01 18:35:24 [INFO] garden_cron: Cronjob complete — 0 garden(s) processed.
2026-05-01 18:35:24 [INFO] apscheduler.executors.default: Job "Garden AI Processing (trigger: interval[0:00:10], next run at: 2026-05-01 13:05:34 UTC)" executed successfully
2026-05-01 18:35:34 [INFO] apscheduler.executors.default: Running job "Garden AI Processing (trigger: interval[0:00:10], next run at: 2026-05-01 13:05:44 UTC)" (scheduled at 2026-05-01 13:05:34.723931+00:00)
2026-05-01 18:35:34 [INFO] garden_cron: [2026-05-01 18:35:34] Cronjob triggered
2026-05-01 18:35:34 [INFO] services.garden_processor: No garden updates with status='Ready to Process' found.
2026-05-01 18:35:34 [INFO] garden_cron: Cronjob complete — 0 garden(s) processed.
2026-05-01 18:35:34 [INFO] apscheduler.executors.default: Job "Garden AI Processing (trigger: interval[0:00:10], next run at: 2026-05-01 13:05:44 UTC)" executed successfully
2026-05-01 18:35:44 [INFO] apscheduler.executors.default: Running job "Garden AI Processing (trigger: interval[0:00:10], next run at: 2026-05-01 13:05:54 UTC)" (scheduled at 2026-05-01 13:05:44.723931+00:00)
2026-05-01 18:35:44 [INFO] garden_cron: [2026-05-01 18:35:44] Cronjob triggered
2026-05-01 18:35:44 [INFO] services.garden_processor: No garden updates with status='Ready to Process' found.
2026-05-01 18:35:44 [INFO] garden_cron: Cronjob complete — 0 garden(s) processed.
2026-05-01 18:35:44 [INFO] apscheduler.executors.default: Job "Garden AI Processing (trigger: interval[0:00:10], next run at: 2026-05-01 13:05:54 UTC)" executed successfully
2026-05-01 18:35:54 [INFO] apscheduler.executors.default: Running job "Garden AI Processing (trigger: interval[0:00:10], next run at: 2026-05-01 13:06:04 UTC)" (scheduled at 2026-05-01 13:05:54.723931+00:00)
2026-05-01 18:35:54 [INFO] garden_cron: [2026-05-01 18:35:54] Cronjob triggered
2026-05-01 18:35:54 [INFO] services.garden_processor: No garden updates with status='Ready to Process' found.
2026-05-01 18:35:54 [INFO] garden_cron: Cronjob complete — 0 garden(s) processed.
2026-05-01 18:35:54 [INFO] apscheduler.executors.default: Job "Garden AI Processing (trigger: interval[0:00:10], next run at: 2026-05-01 13:06:04 UTC)" executed successfully
2026-05-01 18:36:04 [INFO] apscheduler.executors.default: Running job "Garden AI Processing (trigger: interval[0:00:10], next run at: 2026-05-01 13:06:14 UTC)" (scheduled at 2026-05-01 13:06:04.723931+00:00)
2026-05-01 18:36:04 [INFO] garden_cron: [2026-05-01 18:36:04] Cronjob triggered
2026-05-01 18:36:04 [INFO] services.garden_processor: No garden updates with status='Ready to Process' found.
2026-05-01 18:36:04 [INFO] garden_cron: Cronjob complete — 0 garden(s) processed.
2026-05-01 18:36:04 [INFO] apscheduler.executors.default: Job "Garden AI Processing (trigger: interval[0:00:10], next run at: 2026-05-01 13:06:14 UTC)" executed successfully
2026-05-01 18:36:14 [INFO] apscheduler.executors.default: Running job "Garden AI Processing (trigger: interval[0:00:10], next run at: 2026-05-01 13:06:24 UTC)" (scheduled at 2026-05-01 13:06:14.723931+00:00)
2026-05-01 18:36:14 [INFO] garden_cron: [2026-05-01 18:36:14] Cronjob triggered
2026-05-01 18:36:14 [INFO] services.garden_processor: No garden updates with status='Ready to Process' found.
2026-05-01 18:36:14 [INFO] garden_cron: Cronjob complete — 0 garden(s) processed.
2026-05-01 18:36:14 [INFO] apscheduler.executors.default: Job "Garden AI Processing (trigger: interval[0:00:10], next run at: 2026-05-01 13:06:24 UTC)" executed successfully
2026-05-01 18:36:24 [INFO] apscheduler.executors.default: Running job "Garden AI Processing (trigger: interval[0:00:10], next run at: 2026-05-01 13:06:34 UTC)" (scheduled at 2026-05-01 13:06:24.723931+00:00)
2026-05-01 18:36:24 [INFO] garden_cron: [2026-05-01 18:36:24] Cronjob triggered
2026-05-01 18:36:24 [INFO] services.garden_processor: No garden updates with status='Ready to Process' found.
2026-05-01 18:36:24 [INFO] garden_cron: Cronjob complete — 0 garden(s) processed.
2026-05-01 18:36:24 [INFO] apscheduler.executors.default: Job "Garden AI Processing (trigger: interval[0:00:10], next run at: 2026-05-01 13:06:34 UTC)" executed successfully
2026-05-01 18:36:34 [INFO] apscheduler.executors.default: Running job "Garden AI Processing (trigger: interval[0:00:10], next run at: 2026-05-01 13:06:44 UTC)" (scheduled at 2026-05-01 13:06:34.723931+00:00)
2026-05-01 18:36:34 [INFO] garden_cron: [2026-05-01 18:36:34] Cronjob triggered
2026-05-01 18:36:34 [INFO] services.garden_processor: No garden updates with status='Ready to Process' found.
2026-05-01 18:36:34 [INFO] garden_cron: Cronjob complete — 0 garden(s) processed.
2026-05-01 18:36:34 [INFO] apscheduler.executors.default: Job "Garden AI Processing (trigger: interval[0:00:10], next run at: 2026-05-01 13:06:44 UTC)" executed successfully
2026-05-01 18:36:44 [INFO] apscheduler.executors.default: Running job "Garden AI Processing (trigger: interval[0:00:10], next run at: 2026-05-01 13:06:54 UTC)" (scheduled at 2026-05-01 13:06:44.723931+00:00)
2026-05-01 18:36:44 [INFO] garden_cron: [2026-05-01 18:36:44] Cronjob triggered
2026-05-01 18:36:44 [INFO] services.garden_processor: No garden updates with status='Ready to Process' found.
2026-05-01 18:36:44 [INFO] garden_cron: Cronjob complete — 0 garden(s) processed.
2026-05-01 18:36:44 [INFO] apscheduler.executors.default: Job "Garden AI Processing (trigger: interval[0:00:10], next run at: 2026-05-01 13:06:54 UTC)" executed successfully
2026-05-01 18:36:54 [INFO] apscheduler.executors.default: Running job "Garden AI Processing (trigger: interval[0:00:10], next run at: 2026-05-01 13:07:04 UTC)" (scheduled at 2026-05-01 13:06:54.723931+00:00)
2026-05-01 18:36:54 [INFO] garden_cron: [2026-05-01 18:36:54] Cronjob triggered
2026-05-01 18:36:54 [INFO] services.garden_processor: No garden updates with status='Ready to Process' found.
2026-05-01 18:36:54 [INFO] garden_cron: Cronjob complete — 0 garden(s) processed.
2026-05-01 18:36:54 [INFO] apscheduler.executors.default: Job "Garden AI Processing (trigger: interval[0:00:10], next run at: 2026-05-01 13:07:04 UTC)" executed successfully
2026-05-01 18:37:04 [INFO] apscheduler.executors.default: Running job "Garden AI Processing (trigger: interval[0:00:10], next run at: 2026-05-01 13:07:14 UTC)" (scheduled at 2026-05-01 13:07:04.723931+00:00)
2026-05-01 18:37:04 [INFO] garden_cron: [2026-05-01 18:37:04] Cronjob triggered
2026-05-01 18:37:04 [INFO] services.garden_processor: No garden updates with status='Ready to Process' found.
2026-05-01 18:37:04 [INFO] garden_cron: Cronjob complete — 0 garden(s) processed.
2026-05-01 18:37:04 [INFO] apscheduler.executors.default: Job "Garden AI Processing (trigger: interval[0:00:10], next run at: 2026-05-01 13:07:14 UTC)" executed successfully
2026-05-01 18:37:14 [INFO] apscheduler.executors.default: Running job "Garden AI Processing (trigger: interval[0:00:10], next run at: 2026-05-01 13:07:24 UTC)" (scheduled at 2026-05-01 13:07:14.723931+00:00)
2026-05-01 18:37:14 [INFO] garden_cron: [2026-05-01 18:37:14] Cronjob triggered
2026-05-01 18:37:14 [INFO] services.garden_processor: No garden updates with status='Ready to Process' found.
2026-05-01 18:37:14 [INFO] garden_cron: Cronjob complete — 0 garden(s) processed.
2026-05-01 18:37:14 [INFO] apscheduler.executors.default: Job "Garden AI Processing (trigger: interval[0:00:10], next run at: 2026-05-01 13:07:24 UTC)" executed successfully
2026-05-01 18:37:24 [INFO] apscheduler.executors.default: Running job "Garden AI Processing (trigger: interval[0:00:10], next run at: 2026-05-01 13:07:34 UTC)" (scheduled at 2026-05-01 13:07:24.723931+00:00)
2026-05-01 18:37:24 [INFO] garden_cron: [2026-05-01 18:37:24] Cronjob triggered
2026-05-01 18:37:24 [INFO] services.garden_processor: No garden updates with status='Ready to Process' found.
2026-05-01 18:37:24 [INFO] garden_cron: Cronjob complete — 0 garden(s) processed.
2026-05-01 18:37:24 [INFO] apscheduler.executors.default: Job "Garden AI Processing (trigger: interval[0:00:10], next run at: 2026-05-01 13:07:34 UTC)" executed successfully
2026-05-01 18:37:34 [INFO] apscheduler.executors.default: Running job "Garden AI Processing (trigger: interval[0:00:10], next run at: 2026-05-01 13:07:44 UTC)" (scheduled at 2026-05-01 13:07:34.723931+00:00)
2026-05-01 18:37:34 [INFO] garden_cron: [2026-05-01 18:37:34] Cronjob triggered
2026-05-01 18:37:34 [INFO] services.garden_processor: No garden updates with status='Ready to Process' found.
2026-05-01 18:37:34 [INFO] garden_cron: Cronjob complete — 0 garden(s) processed.
2026-05-01 18:37:34 [INFO] apscheduler.executors.default: Job "Garden AI Processing (trigger: interval[0:00:10], next run at: 2026-05-01 13:07:44 UTC)" executed successfully
2026-05-01 18:37:44 [INFO] apscheduler.executors.default: Running job "Garden AI Processing (trigger: interval[0:00:10], next run at: 2026-05-01 13:07:54 UTC)" (scheduled at 2026-05-01 13:07:44.723931+00:00)
2026-05-01 18:37:44 [INFO] garden_cron: [2026-05-01 18:37:44] Cronjob triggered
2026-05-01 18:37:44 [INFO] services.garden_processor: No garden updates with status='Ready to Process' found.
2026-05-01 18:37:44 [INFO] garden_cron: Cronjob complete — 0 garden(s) processed.
2026-05-01 18:37:44 [INFO] apscheduler.executors.default: Job "Garden AI Processing (trigger: interval[0:00:10], next run at: 2026-05-01 13:07:54 UTC)" executed successfully
2026-05-01 18:37:54 [INFO] apscheduler.executors.default: Running job "Garden AI Processing (trigger: interval[0:00:10], next run at: 2026-05-01 13:08:04 UTC)" (scheduled at 2026-05-01 13:07:54.723931+00:00)
2026-05-01 18:37:54 [INFO] garden_cron: [2026-05-01 18:37:54] Cronjob triggered
2026-05-01 18:37:54 [INFO] services.garden_processor: No garden updates with status='Ready to Process' found.
2026-05-01 18:37:54 [INFO] garden_cron: Cronjob complete — 0 garden(s) processed.
2026-05-01 18:37:54 [INFO] apscheduler.executors.default: Job "Garden AI Processing (trigger: interval[0:00:10], next run at: 2026-05-01 13:08:04 UTC)" executed successfully
2026-05-01 18:38:04 [INFO] apscheduler.executors.default: Running job "Garden AI Processing (trigger: interval[0:00:10], next run at: 2026-05-01 13:08:14 UTC)" (scheduled at 2026-05-01 13:08:04.723931+00:00)
2026-05-01 18:38:04 [INFO] garden_cron: [2026-05-01 18:38:04] Cronjob triggered
2026-05-01 18:38:04 [INFO] services.garden_processor: No garden updates with status='Ready to Process' found.
2026-05-01 18:38:04 [INFO] garden_cron: Cronjob complete — 0 garden(s) processed.
2026-05-01 18:38:04 [INFO] apscheduler.executors.default: Job "Garden AI Processing (trigger: interval[0:00:10], next run at: 2026-05-01 13:08:14 UTC)" executed successfully
2026-05-01 18:38:14 [INFO] apscheduler.executors.default: Running job "Garden AI Processing (trigger: interval[0:00:10], next run at: 2026-05-01 13:08:24 UTC)" (scheduled at 2026-05-01 13:08:14.723931+00:00)
2026-05-01 18:38:14 [INFO] garden_cron: [2026-05-01 18:38:14] Cronjob triggered
2026-05-01 18:38:14 [INFO] services.garden_processor: No garden updates with status='Ready to Process' found.
2026-05-01 18:38:14 [INFO] garden_cron: Cronjob complete — 0 garden(s) processed.
2026-05-01 18:38:14 [INFO] apscheduler.executors.default: Job "Garden AI Processing (trigger: interval[0:00:10], next run at: 2026-05-01 13:08:24 UTC)" executed successfully
2026-05-01 18:38:24 [INFO] apscheduler.executors.default: Running job "Garden AI Processing (trigger: interval[0:00:10], next run at: 2026-05-01 13:08:34 UTC)" (scheduled at 2026-05-01 13:08:24.723931+00:00)
2026-05-01 18:38:24 [INFO] garden_cron: [2026-05-01 18:38:24] Cronjob triggered
2026-05-01 18:38:24 [INFO] services.garden_processor: No garden updates with status='Ready to Process' found.
2026-05-01 18:38:24 [INFO] garden_cron: Cronjob complete — 0 garden(s) processed.
2026-05-01 18:38:24 [INFO] apscheduler.executors.default: Job "Garden AI Processing (trigger: interval[0:00:10], next run at: 2026-05-01 13:08:34 UTC)" executed successfully
2026-05-01 18:38:34 [INFO] apscheduler.executors.default: Running job "Garden AI Processing (trigger: interval[0:00:10], next run at: 2026-05-01 13:08:44 UTC)" (scheduled at 2026-05-01 13:08:34.723931+00:00)
2026-05-01 18:38:34 [INFO] garden_cron: [2026-05-01 18:38:34] Cronjob triggered
2026-05-01 18:38:34 [INFO] services.garden_processor: No garden updates with status='Ready to Process' found.
2026-05-01 18:38:34 [INFO] garden_cron: Cronjob complete — 0 garden(s) processed.
2026-05-01 18:38:34 [INFO] apscheduler.executors.default: Job "Garden AI Processing (trigger: interval[0:00:10], next run at: 2026-05-01 13:08:44 UTC)" executed successfully
2026-05-01 18:38:44 [INFO] apscheduler.executors.default: Running job "Garden AI Processing (trigger: interval[0:00:10], next run at: 2026-05-01 13:08:54 UTC)" (scheduled at 2026-05-01 13:08:44.723931+00:00)
2026-05-01 18:38:44 [INFO] garden_cron: [2026-05-01 18:38:44] Cronjob triggered
2026-05-01 18:38:44 [INFO] services.garden_processor: No garden updates with status='Ready to Process' found.
2026-05-01 18:38:44 [INFO] garden_cron: Cronjob complete — 0 garden(s) processed.
2026-05-01 18:38:44 [INFO] apscheduler.executors.default: Job "Garden AI Processing (trigger: interval[0:00:10], next run at: 2026-05-01 13:08:54 UTC)" executed successfully
2026-05-01 18:38:54 [INFO] apscheduler.executors.default: Running job "Garden AI Processing (trigger: interval[0:00:10], next run at: 2026-05-01 13:09:04 UTC)" (scheduled at 2026-05-01 13:08:54.723931+00:00)
2026-05-01 18:38:54 [INFO] garden_cron: [2026-05-01 18:38:54] Cronjob triggered
2026-05-01 18:38:54 [INFO] services.garden_processor: No garden updates with status='Ready to Process' found.
2026-05-01 18:38:54 [INFO] garden_cron: Cronjob complete — 0 garden(s) processed.
2026-05-01 18:38:54 [INFO] apscheduler.executors.default: Job "Garden AI Processing (trigger: interval[0:00:10], next run at: 2026-05-01 13:09:04 UTC)" executed successfully
2026-05-01 18:39:04 [INFO] apscheduler.executors.default: Running job "Garden AI Processing (trigger: interval[0:00:10], next run at: 2026-05-01 13:09:14 UTC)" (scheduled at 2026-05-01 13:09:04.723931+00:00)
2026-05-01 18:39:04 [INFO] garden_cron: [2026-05-01 18:39:04] Cronjob triggered
2026-05-01 18:39:04 [INFO] services.garden_processor: No garden updates with status='Ready to Process' found.
2026-05-01 18:39:04 [INFO] garden_cron: Cronjob complete — 0 garden(s) processed.
2026-05-01 18:39:04 [INFO] apscheduler.executors.default: Job "Garden AI Processing (trigger: interval[0:00:10], next run at: 2026-05-01 13:09:14 UTC)" executed successfully
2026-05-01 18:39:14 [INFO] apscheduler.executors.default: Running job "Garden AI Processing (trigger: interval[0:00:10], next run at: 2026-05-01 13:09:24 UTC)" (scheduled at 2026-05-01 13:09:14.723931+00:00)
2026-05-01 18:39:14 [INFO] garden_cron: [2026-05-01 18:39:14] Cronjob triggered
2026-05-01 18:39:14 [INFO] services.garden_processor: No garden updates with status='Ready to Process' found.
2026-05-01 18:39:14 [INFO] garden_cron: Cronjob complete — 0 garden(s) processed.
2026-05-01 18:39:14 [INFO] apscheduler.executors.default: Job "Garden AI Processing (trigger: interval[0:00:10], next run at: 2026-05-01 13:09:24 UTC)" executed successfully
2026-05-01 18:39:24 [INFO] apscheduler.executors.default: Running job "Garden AI Processing (trigger: interval[0:00:10], next run at: 2026-05-01 13:09:34 UTC)" (scheduled at 2026-05-01 13:09:24.723931+00:00)
2026-05-01 18:39:24 [INFO] garden_cron: [2026-05-01 18:39:24] Cronjob triggered
2026-05-01 18:39:24 [INFO] services.garden_processor: No garden updates with status='Ready to Process' found.
2026-05-01 18:39:24 [INFO] garden_cron: Cronjob complete — 0 garden(s) processed.
2026-05-01 18:39:24 [INFO] apscheduler.executors.default: Job "Garden AI Processing (trigger: interval[0:00:10], next run at: 2026-05-01 13:09:34 UTC)" executed successfully
2026-05-01 18:39:34 [INFO] apscheduler.executors.default: Running job "Garden AI Processing (trigger: interval[0:00:10], next run at: 2026-05-01 13:09:44 UTC)" (scheduled at 2026-05-01 13:09:34.723931+00:00)
2026-05-01 18:39:34 [INFO] garden_cron: [2026-05-01 18:39:34] Cronjob triggered
2026-05-01 18:39:34 [INFO] services.garden_processor: No garden updates with status='Ready to Process' found.
2026-05-01 18:39:34 [INFO] garden_cron: Cronjob complete — 0 garden(s) processed.
2026-05-01 18:39:34 [INFO] apscheduler.executors.default: Job "Garden AI Processing (trigger: interval[0:00:10], next run at: 2026-05-01 13:09:44 UTC)" executed successfully
2026-05-01 18:39:44 [INFO] apscheduler.executors.default: Running job "Garden AI Processing (trigger: interval[0:00:10], next run at: 2026-05-01 13:09:54 UTC)" (scheduled at 2026-05-01 13:09:44.723931+00:00)
2026-05-01 18:39:44 [INFO] garden_cron: [2026-05-01 18:39:44] Cronjob triggered
2026-05-01 18:39:44 [INFO] services.garden_processor: No garden updates with status='Ready to Process' found.
2026-05-01 18:39:44 [INFO] garden_cron: Cronjob complete — 0 garden(s) processed.
2026-05-01 18:39:44 [INFO] apscheduler.executors.default: Job "Garden AI Processing (trigger: interval[0:00:10], next run at: 2026-05-01 13:09:54 UTC)" executed successfully
2026-05-01 18:39:54 [INFO] apscheduler.executors.default: Running job "Garden AI Processing (trigger: interval[0:00:10], next run at: 2026-05-01 13:10:04 UTC)" (scheduled at 2026-05-01 13:09:54.723931+00:00)
2026-05-01 18:39:54 [INFO] garden_cron: [2026-05-01 18:39:54] Cronjob triggered
2026-05-01 18:39:54 [INFO] services.garden_processor: No garden updates with status='Ready to Process' found.
2026-05-01 18:39:54 [INFO] garden_cron: Cronjob complete — 0 garden(s) processed.
2026-05-01 18:39:54 [INFO] apscheduler.executors.default: Job "Garden AI Processing (trigger: interval[0:00:10], next run at: 2026-05-01 13:10:04 UTC)" executed successfully
2026-05-01 18:40:04 [INFO] apscheduler.executors.default: Running job "Garden AI Processing (trigger: interval[0:00:10], next run at: 2026-05-01 13:10:14 UTC)" (scheduled at 2026-05-01 13:10:04.723931+00:00)
2026-05-01 18:40:04 [INFO] garden_cron: [2026-05-01 18:40:04] Cronjob triggered
2026-05-01 18:40:04 [INFO] services.garden_processor: No garden updates with status='Ready to Process' found.
2026-05-01 18:40:04 [INFO] garden_cron: Cronjob complete — 0 garden(s) processed.
2026-05-01 18:40:04 [INFO] apscheduler.executors.default: Job "Garden AI Processing (trigger: interval[0:00:10], next run at: 2026-05-01 13:10:14 UTC)" executed successfully
2026-05-01 18:40:14 [INFO] apscheduler.executors.default: Running job "Garden AI Processing (trigger: interval[0:00:10], next run at: 2026-05-01 13:10:24 UTC)" (scheduled at 2026-05-01 13:10:14.723931+00:00)
2026-05-01 18:40:14 [INFO] garden_cron: [2026-05-01 18:40:14] Cronjob triggered
2026-05-01 18:40:14 [INFO] services.garden_processor: No garden updates with status='Ready to Process' found.
2026-05-01 18:40:14 [INFO] garden_cron: Cronjob complete — 0 garden(s) processed.
2026-05-01 18:40:14 [INFO] apscheduler.executors.default: Job "Garden AI Processing (trigger: interval[0:00:10], next run at: 2026-05-01 13:10:24 UTC)" executed successfully
2026-05-01 18:40:24 [INFO] apscheduler.executors.default: Running job "Garden AI Processing (trigger: interval[0:00:10], next run at: 2026-05-01 13:10:34 UTC)" (scheduled at 2026-05-01 13:10:24.723931+00:00)
2026-05-01 18:40:24 [INFO] garden_cron: [2026-05-01 18:40:24] Cronjob triggered
2026-05-01 18:40:24 [INFO] services.garden_processor: No garden updates with status='Ready to Process' found.
2026-05-01 18:40:24 [INFO] garden_cron: Cronjob complete — 0 garden(s) processed.
2026-05-01 18:40:24 [INFO] apscheduler.executors.default: Job "Garden AI Processing (trigger: interval[0:00:10], next run at: 2026-05-01 13:10:34 UTC)" executed successfully
2026-05-01 18:40:34 [INFO] apscheduler.executors.default: Running job "Garden AI Processing (trigger: interval[0:00:10], next run at: 2026-05-01 13:10:44 UTC)" (scheduled at 2026-05-01 13:10:34.723931+00:00)
2026-05-01 18:40:34 [INFO] garden_cron: [2026-05-01 18:40:34] Cronjob triggered
2026-05-01 18:40:34 [INFO] services.garden_processor: No garden updates with status='Ready to Process' found.
2026-05-01 18:40:34 [INFO] garden_cron: Cronjob complete — 0 garden(s) processed.
2026-05-01 18:40:34 [INFO] apscheduler.executors.default: Job "Garden AI Processing (trigger: interval[0:00:10], next run at: 2026-05-01 13:10:44 UTC)" executed successfully
2026-05-01 18:40:44 [INFO] apscheduler.executors.default: Running job "Garden AI Processing (trigger: interval[0:00:10], next run at: 2026-05-01 13:10:54 UTC)" (scheduled at 2026-05-01 13:10:44.723931+00:00)
2026-05-01 18:40:44 [INFO] garden_cron: [2026-05-01 18:40:44] Cronjob triggered
2026-05-01 18:40:44 [INFO] services.garden_processor: No garden updates with status='Ready to Process' found.
2026-05-01 18:40:44 [INFO] garden_cron: Cronjob complete — 0 garden(s) processed.
2026-05-01 18:40:44 [INFO] apscheduler.executors.default: Job "Garden AI Processing (trigger: interval[0:00:10], next run at: 2026-05-01 13:10:54 UTC)" executed successfully
2026-05-01 18:40:54 [INFO] apscheduler.executors.default: Running job "Garden AI Processing (trigger: interval[0:00:10], next run at: 2026-05-01 13:11:04 UTC)" (scheduled at 2026-05-01 13:10:54.723931+00:00)
2026-05-01 18:40:54 [INFO] garden_cron: [2026-05-01 18:40:54] Cronjob triggered
2026-05-01 18:40:54 [INFO] services.garden_processor: No garden updates with status='Ready to Process' found.
2026-05-01 18:40:54 [INFO] garden_cron: Cronjob complete — 0 garden(s) processed.
2026-05-01 18:40:54 [INFO] apscheduler.executors.default: Job "Garden AI Processing (trigger: interval[0:00:10], next run at: 2026-05-01 13:11:04 UTC)" executed successfully
2026-05-01 18:41:04 [INFO] apscheduler.executors.default: Running job "Garden AI Processing (trigger: interval[0:00:10], next run at: 2026-05-01 13:11:14 UTC)" (scheduled at 2026-05-01 13:11:04.723931+00:00)
2026-05-01 18:41:04 [INFO] garden_cron: [2026-05-01 18:41:04] Cronjob triggered
2026-05-01 18:41:04 [INFO] services.garden_processor: No garden updates with status='Ready to Process' found.
2026-05-01 18:41:04 [INFO] garden_cron: Cronjob complete — 0 garden(s) processed.
2026-05-01 18:41:04 [INFO] apscheduler.executors.default: Job "Garden AI Processing (trigger: interval[0:00:10], next run at: 2026-05-01 13:11:14 UTC)" executed successfully
2026-05-01 18:41:14 [INFO] apscheduler.executors.default: Running job "Garden AI Processing (trigger: interval[0:00:10], next run at: 2026-05-01 13:11:24 UTC)" (scheduled at 2026-05-01 13:11:14.723931+00:00)
2026-05-01 18:41:14 [INFO] garden_cron: [2026-05-01 18:41:14] Cronjob triggered
2026-05-01 18:41:14 [INFO] services.garden_processor: No garden updates with status='Ready to Process' found.
2026-05-01 18:41:14 [INFO] garden_cron: Cronjob complete — 0 garden(s) processed.
2026-05-01 18:41:14 [INFO] apscheduler.executors.default: Job "Garden AI Processing (trigger: interval[0:00:10], next run at: 2026-05-01 13:11:24 UTC)" executed successfully
2026-05-01 18:41:24 [INFO] apscheduler.executors.default: Running job "Garden AI Processing (trigger: interval[0:00:10], next run at: 2026-05-01 13:11:34 UTC)" (scheduled at 2026-05-01 13:11:24.723931+00:00)
2026-05-01 18:41:24 [INFO] garden_cron: [2026-05-01 18:41:24] Cronjob triggered
2026-05-01 18:41:24 [INFO] services.garden_processor: No garden updates with status='Ready to Process' found.
2026-05-01 18:41:24 [INFO] garden_cron: Cronjob complete — 0 garden(s) processed.
2026-05-01 18:41:24 [INFO] apscheduler.executors.default: Job "Garden AI Processing (trigger: interval[0:00:10], next run at: 2026-05-01 13:11:34 UTC)" executed successfully
2026-05-01 18:41:34 [INFO] apscheduler.executors.default: Running job "Garden AI Processing (trigger: interval[0:00:10], next run at: 2026-05-01 13:11:44 UTC)" (scheduled at 2026-05-01 13:11:34.723931+00:00)
2026-05-01 18:41:34 [INFO] garden_cron: [2026-05-01 18:41:34] Cronjob triggered
2026-05-01 18:41:34 [INFO] services.garden_processor: No garden updates with status='Ready to Process' found.
2026-05-01 18:41:34 [INFO] garden_cron: Cronjob complete — 0 garden(s) processed.
2026-05-01 18:41:34 [INFO] apscheduler.executors.default: Job "Garden AI Processing (trigger: interval[0:00:10], next run at: 2026-05-01 13:11:44 UTC)" executed successfully
2026-05-01 18:41:44 [INFO] apscheduler.executors.default: Running job "Garden AI Processing (trigger: interval[0:00:10], next run at: 2026-05-01 13:11:54 UTC)" (scheduled at 2026-05-01 13:11:44.723931+00:00)
2026-05-01 18:41:44 [INFO] garden_cron: [2026-05-01 18:41:44] Cronjob triggered
2026-05-01 18:41:44 [INFO] services.garden_processor: No garden updates with status='Ready to Process' found.
2026-05-01 18:41:44 [INFO] garden_cron: Cronjob complete — 0 garden(s) processed.
2026-05-01 18:41:44 [INFO] apscheduler.executors.default: Job "Garden AI Processing (trigger: interval[0:00:10], next run at: 2026-05-01 13:11:54 UTC)" executed successfully
2026-05-01 18:41:54 [INFO] apscheduler.executors.default: Running job "Garden AI Processing (trigger: interval[0:00:10], next run at: 2026-05-01 13:12:04 UTC)" (scheduled at 2026-05-01 13:11:54.723931+00:00)
2026-05-01 18:41:54 [INFO] garden_cron: [2026-05-01 18:41:54] Cronjob triggered
2026-05-01 18:41:54 [INFO] services.garden_processor: No garden updates with status='Ready to Process' found.
2026-05-01 18:41:54 [INFO] garden_cron: Cronjob complete — 0 garden(s) processed.
2026-05-01 18:41:54 [INFO] apscheduler.executors.default: Job "Garden AI Processing (trigger: interval[0:00:10], next run at: 2026-05-01 13:12:04 UTC)" executed successfully
2026-05-01 18:42:04 [INFO] apscheduler.executors.default: Running job "Garden AI Processing (trigger: interval[0:00:10], next run at: 2026-05-01 13:12:14 UTC)" (scheduled at 2026-05-01 13:12:04.723931+00:00)
2026-05-01 18:42:04 [INFO] garden_cron: [2026-05-01 18:42:04] Cronjob triggered
2026-05-01 18:42:04 [INFO] services.garden_processor: No garden updates with status='Ready to Process' found.
2026-05-01 18:42:04 [INFO] garden_cron: Cronjob complete — 0 garden(s) processed.
2026-05-01 18:42:04 [INFO] apscheduler.executors.default: Job "Garden AI Processing (trigger: interval[0:00:10], next run at: 2026-05-01 13:12:14 UTC)" executed successfully
2026-05-01 18:42:14 [INFO] apscheduler.executors.default: Running job "Garden AI Processing (trigger: interval[0:00:10], next run at: 2026-05-01 13:12:24 UTC)" (scheduled at 2026-05-01 13:12:14.723931+00:00)
2026-05-01 18:42:14 [INFO] garden_cron: [2026-05-01 18:42:14] Cronjob triggered
2026-05-01 18:42:14 [INFO] services.garden_processor: No garden updates with status='Ready to Process' found.
2026-05-01 18:42:14 [INFO] garden_cron: Cronjob complete — 0 garden(s) processed.
2026-05-01 18:42:14 [INFO] apscheduler.executors.default: Job "Garden AI Processing (trigger: interval[0:00:10], next run at: 2026-05-01 13:12:24 UTC)" executed successfully
2026-05-01 18:42:24 [INFO] apscheduler.executors.default: Running job "Garden AI Processing (trigger: interval[0:00:10], next run at: 2026-05-01 13:12:34 UTC)" (scheduled at 2026-05-01 13:12:24.723931+00:00)
2026-05-01 18:42:24 [INFO] garden_cron: [2026-05-01 18:42:24] Cronjob triggered
2026-05-01 18:42:24 [INFO] services.garden_processor: No garden updates with status='Ready to Process' found.
2026-05-01 18:42:24 [INFO] garden_cron: Cronjob complete — 0 garden(s) processed.
2026-05-01 18:42:24 [INFO] apscheduler.executors.default: Job "Garden AI Processing (trigger: interval[0:00:10], next run at: 2026-05-01 13:12:34 UTC)" executed successfully
2026-05-01 18:42:34 [INFO] apscheduler.executors.default: Running job "Garden AI Processing (trigger: interval[0:00:10], next run at: 2026-05-01 13:12:44 UTC)" (scheduled at 2026-05-01 13:12:34.723931+00:00)
2026-05-01 18:42:34 [INFO] garden_cron: [2026-05-01 18:42:34] Cronjob triggered
2026-05-01 18:42:34 [INFO] services.garden_processor: No garden updates with status='Ready to Process' found.
2026-05-01 18:42:34 [INFO] garden_cron: Cronjob complete — 0 garden(s) processed.
2026-05-01 18:42:34 [INFO] apscheduler.executors.default: Job "Garden AI Processing (trigger: interval[0:00:10], next run at: 2026-05-01 13:12:44 UTC)" executed successfully
2026-05-01 18:42:44 [INFO] apscheduler.executors.default: Running job "Garden AI Processing (trigger: interval[0:00:10], next run at: 2026-05-01 13:12:54 UTC)" (scheduled at 2026-05-01 13:12:44.723931+00:00)
2026-05-01 18:42:44 [INFO] garden_cron: [2026-05-01 18:42:44] Cronjob triggered
2026-05-01 18:42:44 [INFO] services.garden_processor: No garden updates with status='Ready to Process' found.
2026-05-01 18:42:44 [INFO] garden_cron: Cronjob complete — 0 garden(s) processed.
2026-05-01 18:42:44 [INFO] apscheduler.executors.default: Job "Garden AI Processing (trigger: interval[0:00:10], next run at: 2026-05-01 13:12:54 UTC)" executed successfully
2026-05-01 18:42:54 [INFO] apscheduler.executors.default: Running job "Garden AI Processing (trigger: interval[0:00:10], next run at: 2026-05-01 13:13:04 UTC)" (scheduled at 2026-05-01 13:12:54.723931+00:00)
2026-05-01 18:42:54 [INFO] garden_cron: [2026-05-01 18:42:54] Cronjob triggered
2026-05-01 18:42:54 [INFO] services.garden_processor: No garden updates with status='Ready to Process' found.
2026-05-01 18:42:54 [INFO] garden_cron: Cronjob complete — 0 garden(s) processed.
2026-05-01 18:42:54 [INFO] apscheduler.executors.default: Job "Garden AI Processing (trigger: interval[0:00:10], next run at: 2026-05-01 13:13:04 UTC)" executed successfully
2026-05-01 18:43:04 [INFO] apscheduler.executors.default: Running job "Garden AI Processing (trigger: interval[0:00:10], next run at: 2026-05-01 13:13:14 UTC)" (scheduled at 2026-05-01 13:13:04.723931+00:00)
2026-05-01 18:43:04 [INFO] garden_cron: [2026-05-01 18:43:04] Cronjob triggered
2026-05-01 18:43:04 [INFO] services.garden_processor: No garden updates with status='Ready to Process' found.
2026-05-01 18:43:04 [INFO] garden_cron: Cronjob complete — 0 garden(s) processed.
2026-05-01 18:43:04 [INFO] apscheduler.executors.default: Job "Garden AI Processing (trigger: interval[0:00:10], next run at: 2026-05-01 13:13:14 UTC)" executed successfully
2026-05-01 18:43:14 [INFO] apscheduler.executors.default: Running job "Garden AI Processing (trigger: interval[0:00:10], next run at: 2026-05-01 13:13:24 UTC)" (scheduled at 2026-05-01 13:13:14.723931+00:00)
2026-05-01 18:43:14 [INFO] garden_cron: [2026-05-01 18:43:14] Cronjob triggered
2026-05-01 18:43:14 [INFO] services.garden_processor: No garden updates with status='Ready to Process' found.
2026-05-01 18:43:14 [INFO] garden_cron: Cronjob complete — 0 garden(s) processed.
2026-05-01 18:43:14 [INFO] apscheduler.executors.default: Job "Garden AI Processing (trigger: interval[0:00:10], next run at: 2026-05-01 13:13:24 UTC)" executed successfully
2026-05-01 18:43:24 [INFO] apscheduler.executors.default: Running job "Garden AI Processing (trigger: interval[0:00:10], next run at: 2026-05-01 13:13:34 UTC)" (scheduled at 2026-05-01 13:13:24.723931+00:00)
2026-05-01 18:43:24 [INFO] garden_cron: [2026-05-01 18:43:24] Cronjob triggered
2026-05-01 18:43:24 [INFO] services.garden_processor: No garden updates with status='Ready to Process' found.
2026-05-01 18:43:24 [INFO] garden_cron: Cronjob complete — 0 garden(s) processed.
2026-05-01 18:43:24 [INFO] apscheduler.executors.default: Job "Garden AI Processing (trigger: interval[0:00:10], next run at: 2026-05-01 13:13:34 UTC)" executed successfully
2026-05-01 18:43:34 [INFO] apscheduler.executors.default: Running job "Garden AI Processing (trigger: interval[0:00:10], next run at: 2026-05-01 13:13:44 UTC)" (scheduled at 2026-05-01 13:13:34.723931+00:00)
2026-05-01 18:43:34 [INFO] garden_cron: [2026-05-01 18:43:34] Cronjob triggered
2026-05-01 18:43:34 [INFO] services.garden_processor: No garden updates with status='Ready to Process' found.
2026-05-01 18:43:34 [INFO] garden_cron: Cronjob complete — 0 garden(s) processed.
2026-05-01 18:43:34 [INFO] apscheduler.executors.default: Job "Garden AI Processing (trigger: interval[0:00:10], next run at: 2026-05-01 13:13:44 UTC)" executed successfully
2026-05-01 18:43:44 [INFO] apscheduler.executors.default: Running job "Garden AI Processing (trigger: interval[0:00:10], next run at: 2026-05-01 13:13:54 UTC)" (scheduled at 2026-05-01 13:13:44.723931+00:00)
2026-05-01 18:43:44 [INFO] garden_cron: [2026-05-01 18:43:44] Cronjob triggered
2026-05-01 18:43:44 [INFO] services.garden_processor: No garden updates with status='Ready to Process' found.
2026-05-01 18:43:44 [INFO] garden_cron: Cronjob complete — 0 garden(s) processed.
2026-05-01 18:43:44 [INFO] apscheduler.executors.default: Job "Garden AI Processing (trigger: interval[0:00:10], next run at: 2026-05-01 13:13:54 UTC)" executed successfully
2026-05-01 18:43:54 [INFO] apscheduler.executors.default: Running job "Garden AI Processing (trigger: interval[0:00:10], next run at: 2026-05-01 13:14:04 UTC)" (scheduled at 2026-05-01 13:13:54.723931+00:00)
2026-05-01 18:43:54 [INFO] garden_cron: [2026-05-01 18:43:54] Cronjob triggered
2026-05-01 18:43:54 [INFO] services.garden_processor: No garden updates with status='Ready to Process' found.
2026-05-01 18:43:54 [INFO] garden_cron: Cronjob complete — 0 garden(s) processed.
2026-05-01 18:43:54 [INFO] apscheduler.executors.default: Job "Garden AI Processing (trigger: interval[0:00:10], next run at: 2026-05-01 13:14:04 UTC)" executed successfully
2026-05-01 18:44:04 [INFO] apscheduler.executors.default: Running job "Garden AI Processing (trigger: interval[0:00:10], next run at: 2026-05-01 13:14:14 UTC)" (scheduled at 2026-05-01 13:14:04.723931+00:00)
2026-05-01 18:44:04 [INFO] garden_cron: [2026-05-01 18:44:04] Cronjob triggered
2026-05-01 18:44:04 [INFO] services.garden_processor: No garden updates with status='Ready to Process' found.
2026-05-01 18:44:04 [INFO] garden_cron: Cronjob complete — 0 garden(s) processed.
2026-05-01 18:44:04 [INFO] apscheduler.executors.default: Job "Garden AI Processing (trigger: interval[0:00:10], next run at: 2026-05-01 13:14:14 UTC)" executed successfully
2026-05-01 18:44:14 [INFO] apscheduler.executors.default: Running job "Garden AI Processing (trigger: interval[0:00:10], next run at: 2026-05-01 13:14:24 UTC)" (scheduled at 2026-05-01 13:14:14.723931+00:00)
2026-05-01 18:44:14 [INFO] garden_cron: [2026-05-01 18:44:14] Cronjob triggered
2026-05-01 18:44:14 [INFO] services.garden_processor: No garden updates with status='Ready to Process' found.
2026-05-01 18:44:14 [INFO] garden_cron: Cronjob complete — 0 garden(s) processed.
2026-05-01 18:44:14 [INFO] apscheduler.executors.default: Job "Garden AI Processing (trigger: interval[0:00:10], next run at: 2026-05-01 13:14:24 UTC)" executed successfully
2026-05-01 18:44:24 [INFO] apscheduler.executors.default: Running job "Garden AI Processing (trigger: interval[0:00:10], next run at: 2026-05-01 13:14:34 UTC)" (scheduled at 2026-05-01 13:14:24.723931+00:00)
2026-05-01 18:44:24 [INFO] garden_cron: [2026-05-01 18:44:24] Cronjob triggered
2026-05-01 18:44:24 [INFO] services.garden_processor: No garden updates with status='Ready to Process' found.
2026-05-01 18:44:24 [INFO] garden_cron: Cronjob complete — 0 garden(s) processed.
2026-05-01 18:44:24 [INFO] apscheduler.executors.default: Job "Garden AI Processing (trigger: interval[0:00:10], next run at: 2026-05-01 13:14:34 UTC)" executed successfully
2026-05-01 18:44:34 [INFO] apscheduler.executors.default: Running job "Garden AI Processing (trigger: interval[0:00:10], next run at: 2026-05-01 13:14:44 UTC)" (scheduled at 2026-05-01 13:14:34.723931+00:00)
2026-05-01 18:44:34 [INFO] garden_cron: [2026-05-01 18:44:34] Cronjob triggered
2026-05-01 18:44:34 [INFO] services.garden_processor: No garden updates with status='Ready to Process' found.
2026-05-01 18:44:34 [INFO] garden_cron: Cronjob complete — 0 garden(s) processed.
2026-05-01 18:44:34 [INFO] apscheduler.executors.default: Job "Garden AI Processing (trigger: interval[0:00:10], next run at: 2026-05-01 13:14:44 UTC)" executed successfully
2026-05-01 18:44:44 [INFO] apscheduler.executors.default: Running job "Garden AI Processing (trigger: interval[0:00:10], next run at: 2026-05-01 13:14:54 UTC)" (scheduled at 2026-05-01 13:14:44.723931+00:00)
2026-05-01 18:44:44 [INFO] garden_cron: [2026-05-01 18:44:44] Cronjob triggered
2026-05-01 18:44:44 [INFO] services.garden_processor: No garden updates with status='Ready to Process' found.
2026-05-01 18:44:44 [INFO] garden_cron: Cronjob complete — 0 garden(s) processed.
2026-05-01 18:44:44 [INFO] apscheduler.executors.default: Job "Garden AI Processing (trigger: interval[0:00:10], next run at: 2026-05-01 13:14:54 UTC)" executed successfully
2026-05-01 18:44:54 [INFO] apscheduler.executors.default: Running job "Garden AI Processing (trigger: interval[0:00:10], next run at: 2026-05-01 13:15:04 UTC)" (scheduled at 2026-05-01 13:14:54.723931+00:00)
2026-05-01 18:44:54 [INFO] garden_cron: [2026-05-01 18:44:54] Cronjob triggered
2026-05-01 18:44:54 [INFO] services.garden_processor: No garden updates with status='Ready to Process' found.
2026-05-01 18:44:54 [INFO] garden_cron: Cronjob complete — 0 garden(s) processed.
2026-05-01 18:44:54 [INFO] apscheduler.executors.default: Job "Garden AI Processing (trigger: interval[0:00:10], next run at: 2026-05-01 13:15:04 UTC)" executed successfully
2026-05-01 18:45:04 [INFO] apscheduler.executors.default: Running job "Garden AI Processing (trigger: interval[0:00:10], next run at: 2026-05-01 13:15:14 UTC)" (scheduled at 2026-05-01 13:15:04.723931+00:00)
2026-05-01 18:45:04 [INFO] garden_cron: [2026-05-01 18:45:04] Cronjob triggered
2026-05-01 18:45:04 [INFO] services.garden_processor: No garden updates with status='Ready to Process' found.
2026-05-01 18:45:04 [INFO] garden_cron: Cronjob complete — 0 garden(s) processed.
2026-05-01 18:45:04 [INFO] apscheduler.executors.default: Job "Garden AI Processing (trigger: interval[0:00:10], next run at: 2026-05-01 13:15:14 UTC)" executed successfully
2026-05-01 18:45:14 [INFO] apscheduler.executors.default: Running job "Garden AI Processing (trigger: interval[0:00:10], next run at: 2026-05-01 13:15:24 UTC)" (scheduled at 2026-05-01 13:15:14.723931+00:00)
2026-05-01 18:45:14 [INFO] garden_cron: [2026-05-01 18:45:14] Cronjob triggered
2026-05-01 18:45:14 [INFO] services.garden_processor: No garden updates with status='Ready to Process' found.
2026-05-01 18:45:14 [INFO] garden_cron: Cronjob complete — 0 garden(s) processed.
2026-05-01 18:45:14 [INFO] apscheduler.executors.default: Job "Garden AI Processing (trigger: interval[0:00:10], next run at: 2026-05-01 13:15:24 UTC)" executed successfully
2026-05-01 18:45:24 [INFO] apscheduler.executors.default: Running job "Garden AI Processing (trigger: interval[0:00:10], next run at: 2026-05-01 13:15:34 UTC)" (scheduled at 2026-05-01 13:15:24.723931+00:00)
2026-05-01 18:45:24 [INFO] garden_cron: [2026-05-01 18:45:24] Cronjob triggered
2026-05-01 18:45:24 [INFO] services.garden_processor: No garden updates with status='Ready to Process' found.
2026-05-01 18:45:24 [INFO] garden_cron: Cronjob complete — 0 garden(s) processed.
2026-05-01 18:45:24 [INFO] apscheduler.executors.default: Job "Garden AI Processing (trigger: interval[0:00:10], next run at: 2026-05-01 13:15:34 UTC)" executed successfully
2026-05-01 18:45:34 [INFO] apscheduler.executors.default: Running job "Garden AI Processing (trigger: interval[0:00:10], next run at: 2026-05-01 13:15:44 UTC)" (scheduled at 2026-05-01 13:15:34.723931+00:00)
2026-05-01 18:45:34 [INFO] garden_cron: [2026-05-01 18:45:34] Cronjob triggered
2026-05-01 18:45:34 [INFO] services.garden_processor: No garden updates with status='Ready to Process' found.
2026-05-01 18:45:34 [INFO] garden_cron: Cronjob complete — 0 garden(s) processed.
2026-05-01 18:45:34 [INFO] apscheduler.executors.default: Job "Garden AI Processing (trigger: interval[0:00:10], next run at: 2026-05-01 13:15:44 UTC)" executed successfully
2026-05-01 18:45:44 [INFO] apscheduler.executors.default: Running job "Garden AI Processing (trigger: interval[0:00:10], next run at: 2026-05-01 13:15:54 UTC)" (scheduled at 2026-05-01 13:15:44.723931+00:00)
2026-05-01 18:45:44 [INFO] garden_cron: [2026-05-01 18:45:44] Cronjob triggered
2026-05-01 18:45:44 [INFO] services.garden_processor: No garden updates with status='Ready to Process' found.
2026-05-01 18:45:44 [INFO] garden_cron: Cronjob complete — 0 garden(s) processed.
2026-05-01 18:45:44 [INFO] apscheduler.executors.default: Job "Garden AI Processing (trigger: interval[0:00:10], next run at: 2026-05-01 13:15:54 UTC)" executed successfully
2026-05-01 18:45:54 [INFO] apscheduler.executors.default: Running job "Garden AI Processing (trigger: interval[0:00:10], next run at: 2026-05-01 13:16:04 UTC)" (scheduled at 2026-05-01 13:15:54.723931+00:00)
2026-05-01 18:45:54 [INFO] garden_cron: [2026-05-01 18:45:54] Cronjob triggered
2026-05-01 18:45:54 [INFO] services.garden_processor: No garden updates with status='Ready to Process' found.
2026-05-01 18:45:54 [INFO] garden_cron: Cronjob complete — 0 garden(s) processed.
2026-05-01 18:45:54 [INFO] apscheduler.executors.default: Job "Garden AI Processing (trigger: interval[0:00:10], next run at: 2026-05-01 13:16:04 UTC)" executed successfully
2026-05-01 18:46:04 [INFO] apscheduler.executors.default: Running job "Garden AI Processing (trigger: interval[0:00:10], next run at: 2026-05-01 13:16:14 UTC)" (scheduled at 2026-05-01 13:16:04.723931+00:00)
2026-05-01 18:46:04 [INFO] garden_cron: [2026-05-01 18:46:04] Cronjob triggered
2026-05-01 18:46:04 [INFO] services.garden_processor: No garden updates with status='Ready to Process' found.
2026-05-01 18:46:04 [INFO] garden_cron: Cronjob complete — 0 garden(s) processed.
2026-05-01 18:46:04 [INFO] apscheduler.executors.default: Job "Garden AI Processing (trigger: interval[0:00:10], next run at: 2026-05-01 13:16:14 UTC)" executed successfully
2026-05-01 18:46:14 [INFO] apscheduler.executors.default: Running job "Garden AI Processing (trigger: interval[0:00:10], next run at: 2026-05-01 13:16:24 UTC)" (scheduled at 2026-05-01 13:16:14.723931+00:00)
2026-05-01 18:46:14 [INFO] garden_cron: [2026-05-01 18:46:14] Cronjob triggered
2026-05-01 18:46:14 [INFO] services.garden_processor: No garden updates with status='Ready to Process' found.
2026-05-01 18:46:14 [INFO] garden_cron: Cronjob complete — 0 garden(s) processed.
2026-05-01 18:46:14 [INFO] apscheduler.executors.default: Job "Garden AI Processing (trigger: interval[0:00:10], next run at: 2026-05-01 13:16:24 UTC)" executed successfully
2026-05-01 18:46:24 [INFO] apscheduler.executors.default: Running job "Garden AI Processing (trigger: interval[0:00:10], next run at: 2026-05-01 13:16:34 UTC)" (scheduled at 2026-05-01 13:16:24.723931+00:00)
2026-05-01 18:46:24 [INFO] garden_cron: [2026-05-01 18:46:24] Cronjob triggered
2026-05-01 18:46:24 [INFO] services.garden_processor: No garden updates with status='Ready to Process' found.
2026-05-01 18:46:24 [INFO] garden_cron: Cronjob complete — 0 garden(s) processed.
2026-05-01 18:46:24 [INFO] apscheduler.executors.default: Job "Garden AI Processing (trigger: interval[0:00:10], next run at: 2026-05-01 13:16:34 UTC)" executed successfully
2026-05-01 18:46:34 [INFO] apscheduler.executors.default: Running job "Garden AI Processing (trigger: interval[0:00:10], next run at: 2026-05-01 13:16:44 UTC)" (scheduled at 2026-05-01 13:16:34.723931+00:00)
2026-05-01 18:46:34 [INFO] garden_cron: [2026-05-01 18:46:34] Cronjob triggered
2026-05-01 18:46:34 [INFO] services.garden_processor: No garden updates with status='Ready to Process' found.
2026-05-01 18:46:34 [INFO] garden_cron: Cronjob complete — 0 garden(s) processed.
2026-05-01 18:46:34 [INFO] apscheduler.executors.default: Job "Garden AI Processing (trigger: interval[0:00:10], next run at: 2026-05-01 13:16:44 UTC)" executed successfully
2026-05-01 18:46:44 [INFO] apscheduler.executors.default: Running job "Garden AI Processing (trigger: interval[0:00:10], next run at: 2026-05-01 13:16:54 UTC)" (scheduled at 2026-05-01 13:16:44.723931+00:00)
2026-05-01 18:46:44 [INFO] garden_cron: [2026-05-01 18:46:44] Cronjob triggered
2026-05-01 18:46:44 [INFO] services.garden_processor: No garden updates with status='Ready to Process' found.
2026-05-01 18:46:44 [INFO] garden_cron: Cronjob complete — 0 garden(s) processed.
2026-05-01 18:46:44 [INFO] apscheduler.executors.default: Job "Garden AI Processing (trigger: interval[0:00:10], next run at: 2026-05-01 13:16:54 UTC)" executed successfully
2026-05-01 18:46:54 [INFO] apscheduler.executors.default: Running job "Garden AI Processing (trigger: interval[0:00:10], next run at: 2026-05-01 13:17:04 UTC)" (scheduled at 2026-05-01 13:16:54.723931+00:00)
2026-05-01 18:46:54 [INFO] garden_cron: [2026-05-01 18:46:54] Cronjob triggered
2026-05-01 18:46:54 [INFO] services.garden_processor: No garden updates with status='Ready to Process' found.
2026-05-01 18:46:54 [INFO] garden_cron: Cronjob complete — 0 garden(s) processed.
2026-05-01 18:46:54 [INFO] apscheduler.executors.default: Job "Garden AI Processing (trigger: interval[0:00:10], next run at: 2026-05-01 13:17:04 UTC)" executed successfully
2026-05-01 18:47:04 [INFO] apscheduler.executors.default: Running job "Garden AI Processing (trigger: interval[0:00:10], next run at: 2026-05-01 13:17:14 UTC)" (scheduled at 2026-05-01 13:17:04.723931+00:00)
2026-05-01 18:47:04 [INFO] garden_cron: [2026-05-01 18:47:04] Cronjob triggered
2026-05-01 18:47:04 [INFO] services.garden_processor: No garden updates with status='Ready to Process' found.
2026-05-01 18:47:04 [INFO] garden_cron: Cronjob complete — 0 garden(s) processed.
2026-05-01 18:47:04 [INFO] apscheduler.executors.default: Job "Garden AI Processing (trigger: interval[0:00:10], next run at: 2026-05-01 13:17:14 UTC)" executed successfully
2026-05-01 18:47:14 [INFO] apscheduler.executors.default: Running job "Garden AI Processing (trigger: interval[0:00:10], next run at: 2026-05-01 13:17:24 UTC)" (scheduled at 2026-05-01 13:17:14.723931+00:00)
2026-05-01 18:47:14 [INFO] garden_cron: [2026-05-01 18:47:14] Cronjob triggered
2026-05-01 18:47:14 [INFO] services.garden_processor: No garden updates with status='Ready to Process' found.
2026-05-01 18:47:14 [INFO] garden_cron: Cronjob complete — 0 garden(s) processed.
2026-05-01 18:47:14 [INFO] apscheduler.executors.default: Job "Garden AI Processing (trigger: interval[0:00:10], next run at: 2026-05-01 13:17:24 UTC)" executed successfully
2026-05-01 18:47:24 [INFO] apscheduler.executors.default: Running job "Garden AI Processing (trigger: interval[0:00:10], next run at: 2026-05-01 13:17:34 UTC)" (scheduled at 2026-05-01 13:17:24.723931+00:00)
2026-05-01 18:47:24 [INFO] garden_cron: [2026-05-01 18:47:24] Cronjob triggered
2026-05-01 18:47:24 [INFO] services.garden_processor: No garden updates with status='Ready to Process' found.
2026-05-01 18:47:24 [INFO] garden_cron: Cronjob complete — 0 garden(s) processed.
2026-05-01 18:47:24 [INFO] apscheduler.executors.default: Job "Garden AI Processing (trigger: interval[0:00:10], next run at: 2026-05-01 13:17:34 UTC)" executed successfully
2026-05-01 18:47:34 [INFO] apscheduler.executors.default: Running job "Garden AI Processing (trigger: interval[0:00:10], next run at: 2026-05-01 13:17:44 UTC)" (scheduled at 2026-05-01 13:17:34.723931+00:00)
2026-05-01 18:47:34 [INFO] garden_cron: [2026-05-01 18:47:34] Cronjob triggered
2026-05-01 18:47:34 [INFO] services.garden_processor: No garden updates with status='Ready to Process' found.
2026-05-01 18:47:34 [INFO] garden_cron: Cronjob complete — 0 garden(s) processed.
2026-05-01 18:47:34 [INFO] apscheduler.executors.default: Job "Garden AI Processing (trigger: interval[0:00:10], next run at: 2026-05-01 13:17:44 UTC)" executed successfully
2026-05-01 18:47:44 [INFO] apscheduler.executors.default: Running job "Garden AI Processing (trigger: interval[0:00:10], next run at: 2026-05-01 13:17:54 UTC)" (scheduled at 2026-05-01 13:17:44.723931+00:00)
2026-05-01 18:47:44 [INFO] garden_cron: [2026-05-01 18:47:44] Cronjob triggered
2026-05-01 18:47:44 [INFO] services.garden_processor: No garden updates with status='Ready to Process' found.
2026-05-01 18:47:44 [INFO] garden_cron: Cronjob complete — 0 garden(s) processed.
2026-05-01 18:47:44 [INFO] apscheduler.executors.default: Job "Garden AI Processing (trigger: interval[0:00:10], next run at: 2026-05-01 13:17:54 UTC)" executed successfully
2026-05-01 18:47:54 [INFO] apscheduler.executors.default: Running job "Garden AI Processing (trigger: interval[0:00:10], next run at: 2026-05-01 13:18:04 UTC)" (scheduled at 2026-05-01 13:17:54.723931+00:00)
2026-05-01 18:47:54 [INFO] garden_cron: [2026-05-01 18:47:54] Cronjob triggered
2026-05-01 18:47:54 [INFO] services.garden_processor: No garden updates with status='Ready to Process' found.
2026-05-01 18:47:54 [INFO] garden_cron: Cronjob complete — 0 garden(s) processed.
2026-05-01 18:47:54 [INFO] apscheduler.executors.default: Job "Garden AI Processing (trigger: interval[0:00:10], next run at: 2026-05-01 13:18:04 UTC)" executed successfully
2026-05-01 18:48:04 [INFO] apscheduler.executors.default: Running job "Garden AI Processing (trigger: interval[0:00:10], next run at: 2026-05-01 13:18:14 UTC)" (scheduled at 2026-05-01 13:18:04.723931+00:00)
2026-05-01 18:48:04 [INFO] garden_cron: [2026-05-01 18:48:04] Cronjob triggered
2026-05-01 18:48:04 [INFO] services.garden_processor: No garden updates with status='Ready to Process' found.
2026-05-01 18:48:04 [INFO] garden_cron: Cronjob complete — 0 garden(s) processed.
2026-05-01 18:48:04 [INFO] apscheduler.executors.default: Job "Garden AI Processing (trigger: interval[0:00:10], next run at: 2026-05-01 13:18:14 UTC)" executed successfully
2026-05-01 18:48:14 [INFO] apscheduler.executors.default: Running job "Garden AI Processing (trigger: interval[0:00:10], next run at: 2026-05-01 13:18:24 UTC)" (scheduled at 2026-05-01 13:18:14.723931+00:00)
2026-05-01 18:48:14 [INFO] garden_cron: [2026-05-01 18:48:14] Cronjob triggered
2026-05-01 18:48:14 [INFO] services.garden_processor: No garden updates with status='Ready to Process' found.
2026-05-01 18:48:14 [INFO] garden_cron: Cronjob complete — 0 garden(s) processed.
2026-05-01 18:48:14 [INFO] apscheduler.executors.default: Job "Garden AI Processing (trigger: interval[0:00:10], next run at: 2026-05-01 13:18:24 UTC)" executed successfully
2026-05-01 18:48:24 [INFO] apscheduler.executors.default: Running job "Garden AI Processing (trigger: interval[0:00:10], next run at: 2026-05-01 13:18:34 UTC)" (scheduled at 2026-05-01 13:18:24.723931+00:00)
2026-05-01 18:48:24 [INFO] garden_cron: [2026-05-01 18:48:24] Cronjob triggered
2026-05-01 18:48:24 [INFO] services.garden_processor: No garden updates with status='Ready to Process' found.
2026-05-01 18:48:24 [INFO] garden_cron: Cronjob complete — 0 garden(s) processed.
2026-05-01 18:48:24 [INFO] apscheduler.executors.default: Job "Garden AI Processing (trigger: interval[0:00:10], next run at: 2026-05-01 13:18:34 UTC)" executed successfully
2026-05-01 18:48:34 [INFO] apscheduler.executors.default: Running job "Garden AI Processing (trigger: interval[0:00:10], next run at: 2026-05-01 13:18:44 UTC)" (scheduled at 2026-05-01 13:18:34.723931+00:00)
2026-05-01 18:48:34 [INFO] garden_cron: [2026-05-01 18:48:34] Cronjob triggered
2026-05-01 18:48:34 [INFO] services.garden_processor: No garden updates with status='Ready to Process' found.
2026-05-01 18:48:34 [INFO] garden_cron: Cronjob complete — 0 garden(s) processed.
2026-05-01 18:48:34 [INFO] apscheduler.executors.default: Job "Garden AI Processing (trigger: interval[0:00:10], next run at: 2026-05-01 13:18:44 UTC)" executed successfully
2026-05-01 18:48:44 [INFO] apscheduler.executors.default: Running job "Garden AI Processing (trigger: interval[0:00:10], next run at: 2026-05-01 13:18:54 UTC)" (scheduled at 2026-05-01 13:18:44.723931+00:00)
2026-05-01 18:48:44 [INFO] garden_cron: [2026-05-01 18:48:44] Cronjob triggered
2026-05-01 18:48:44 [INFO] services.garden_processor: No garden updates with status='Ready to Process' found.
2026-05-01 18:48:44 [INFO] garden_cron: Cronjob complete — 0 garden(s) processed.
2026-05-01 18:48:44 [INFO] apscheduler.executors.default: Job "Garden AI Processing (trigger: interval[0:00:10], next run at: 2026-05-01 13:18:54 UTC)" executed successfully
2026-05-01 18:48:54 [INFO] apscheduler.executors.default: Running job "Garden AI Processing (trigger: interval[0:00:10], next run at: 2026-05-01 13:19:04 UTC)" (scheduled at 2026-05-01 13:18:54.723931+00:00)
2026-05-01 18:48:54 [INFO] garden_cron: [2026-05-01 18:48:54] Cronjob triggered
2026-05-01 18:48:54 [INFO] services.garden_processor: No garden updates with status='Ready to Process' found.
2026-05-01 18:48:54 [INFO] garden_cron: Cronjob complete — 0 garden(s) processed.
2026-05-01 18:48:54 [INFO] apscheduler.executors.default: Job "Garden AI Processing (trigger: interval[0:00:10], next run at: 2026-05-01 13:19:04 UTC)" executed successfully
2026-05-01 18:49:04 [INFO] apscheduler.executors.default: Running job "Garden AI Processing (trigger: interval[0:00:10], next run at: 2026-05-01 13:19:14 UTC)" (scheduled at 2026-05-01 13:19:04.723931+00:00)
2026-05-01 18:49:04 [INFO] garden_cron: [2026-05-01 18:49:04] Cronjob triggered
2026-05-01 18:49:04 [INFO] services.garden_processor: No garden updates with status='Ready to Process' found.
2026-05-01 18:49:04 [INFO] garden_cron: Cronjob complete — 0 garden(s) processed.
2026-05-01 18:49:04 [INFO] apscheduler.executors.default: Job "Garden AI Processing (trigger: interval[0:00:10], next run at: 2026-05-01 13:19:14 UTC)" executed successfully
2026-05-01 18:49:14 [INFO] apscheduler.executors.default: Running job "Garden AI Processing (trigger: interval[0:00:10], next run at: 2026-05-01 13:19:24 UTC)" (scheduled at 2026-05-01 13:19:14.723931+00:00)
2026-05-01 18:49:14 [INFO] garden_cron: [2026-05-01 18:49:14] Cronjob triggered
2026-05-01 18:49:14 [INFO] services.garden_processor: No garden updates with status='Ready to Process' found.
2026-05-01 18:49:14 [INFO] garden_cron: Cronjob complete — 0 garden(s) processed.
2026-05-01 18:49:14 [INFO] apscheduler.executors.default: Job "Garden AI Processing (trigger: interval[0:00:10], next run at: 2026-05-01 13:19:24 UTC)" executed successfully
2026-05-01 18:49:24 [INFO] apscheduler.executors.default: Running job "Garden AI Processing (trigger: interval[0:00:10], next run at: 2026-05-01 13:19:34 UTC)" (scheduled at 2026-05-01 13:19:24.723931+00:00)
2026-05-01 18:49:24 [INFO] garden_cron: [2026-05-01 18:49:24] Cronjob triggered
2026-05-01 18:49:24 [INFO] services.garden_processor: No garden updates with status='Ready to Process' found.
2026-05-01 18:49:24 [INFO] garden_cron: Cronjob complete — 0 garden(s) processed.
2026-05-01 18:49:24 [INFO] apscheduler.executors.default: Job "Garden AI Processing (trigger: interval[0:00:10], next run at: 2026-05-01 13:19:34 UTC)" executed successfully
2026-05-01 18:49:34 [INFO] apscheduler.executors.default: Running job "Garden AI Processing (trigger: interval[0:00:10], next run at: 2026-05-01 13:19:44 UTC)" (scheduled at 2026-05-01 13:19:34.723931+00:00)
2026-05-01 18:49:34 [INFO] garden_cron: [2026-05-01 18:49:34] Cronjob triggered
2026-05-01 18:49:34 [INFO] services.garden_processor: No garden updates with status='Ready to Process' found.
2026-05-01 18:49:34 [INFO] garden_cron: Cronjob complete — 0 garden(s) processed.
2026-05-01 18:49:34 [INFO] apscheduler.executors.default: Job "Garden AI Processing (trigger: interval[0:00:10], next run at: 2026-05-01 13:19:44 UTC)" executed successfully
2026-05-01 18:49:44 [INFO] apscheduler.executors.default: Running job "Garden AI Processing (trigger: interval[0:00:10], next run at: 2026-05-01 13:19:54 UTC)" (scheduled at 2026-05-01 13:19:44.723931+00:00)
2026-05-01 18:49:44 [INFO] garden_cron: [2026-05-01 18:49:44] Cronjob triggered
2026-05-01 18:49:44 [INFO] services.garden_processor: No garden updates with status='Ready to Process' found.
2026-05-01 18:49:44 [INFO] garden_cron: Cronjob complete — 0 garden(s) processed.
2026-05-01 18:49:44 [INFO] apscheduler.executors.default: Job "Garden AI Processing (trigger: interval[0:00:10], next run at: 2026-05-01 13:19:54 UTC)" executed successfully
2026-05-01 18:49:54 [INFO] apscheduler.executors.default: Running job "Garden AI Processing (trigger: interval[0:00:10], next run at: 2026-05-01 13:20:04 UTC)" (scheduled at 2026-05-01 13:19:54.723931+00:00)
2026-05-01 18:49:54 [INFO] garden_cron: [2026-05-01 18:49:54] Cronjob triggered
2026-05-01 18:49:54 [INFO] services.garden_processor: No garden updates with status='Ready to Process' found.
2026-05-01 18:49:54 [INFO] garden_cron: Cronjob complete — 0 garden(s) processed.
2026-05-01 18:49:54 [INFO] apscheduler.executors.default: Job "Garden AI Processing (trigger: interval[0:00:10], next run at: 2026-05-01 13:20:04 UTC)" executed successfully
2026-05-01 18:50:04 [INFO] apscheduler.executors.default: Running job "Garden AI Processing (trigger: interval[0:00:10], next run at: 2026-05-01 13:20:14 UTC)" (scheduled at 2026-05-01 13:20:04.723931+00:00)
2026-05-01 18:50:04 [INFO] garden_cron: [2026-05-01 18:50:04] Cronjob triggered
2026-05-01 18:50:04 [INFO] services.garden_processor: No garden updates with status='Ready to Process' found.
2026-05-01 18:50:04 [INFO] garden_cron: Cronjob complete — 0 garden(s) processed.
2026-05-01 18:50:04 [INFO] apscheduler.executors.default: Job "Garden AI Processing (trigger: interval[0:00:10], next run at: 2026-05-01 13:20:14 UTC)" executed successfully
2026-05-01 18:50:14 [INFO] apscheduler.executors.default: Running job "Garden AI Processing (trigger: interval[0:00:10], next run at: 2026-05-01 13:20:24 UTC)" (scheduled at 2026-05-01 13:20:14.723931+00:00)
2026-05-01 18:50:14 [INFO] garden_cron: [2026-05-01 18:50:14] Cronjob triggered
2026-05-01 18:50:14 [INFO] services.garden_processor: No garden updates with status='Ready to Process' found.
2026-05-01 18:50:14 [INFO] garden_cron: Cronjob complete — 0 garden(s) processed.
2026-05-01 18:50:14 [INFO] apscheduler.executors.default: Job "Garden AI Processing (trigger: interval[0:00:10], next run at: 2026-05-01 13:20:24 UTC)" executed successfully
2026-05-01 18:50:24 [INFO] apscheduler.executors.default: Running job "Garden AI Processing (trigger: interval[0:00:10], next run at: 2026-05-01 13:20:34 UTC)" (scheduled at 2026-05-01 13:20:24.723931+00:00)
2026-05-01 18:50:24 [INFO] garden_cron: [2026-05-01 18:50:24] Cronjob triggered
2026-05-01 18:50:24 [INFO] services.garden_processor: No garden updates with status='Ready to Process' found.
2026-05-01 18:50:24 [INFO] garden_cron: Cronjob complete — 0 garden(s) processed.
2026-05-01 18:50:24 [INFO] apscheduler.executors.default: Job "Garden AI Processing (trigger: interval[0:00:10], next run at: 2026-05-01 13:20:34 UTC)" executed successfully
2026-05-01 18:50:34 [INFO] apscheduler.executors.default: Running job "Garden AI Processing (trigger: interval[0:00:10], next run at: 2026-05-01 13:20:44 UTC)" (scheduled at 2026-05-01 13:20:34.723931+00:00)
2026-05-01 18:50:34 [INFO] garden_cron: [2026-05-01 18:50:34] Cronjob triggered
2026-05-01 18:50:34 [INFO] services.garden_processor: No garden updates with status='Ready to Process' found.
2026-05-01 18:50:34 [INFO] garden_cron: Cronjob complete — 0 garden(s) processed.
2026-05-01 18:50:34 [INFO] apscheduler.executors.default: Job "Garden AI Processing (trigger: interval[0:00:10], next run at: 2026-05-01 13:20:44 UTC)" executed successfully
2026-05-01 18:50:44 [INFO] apscheduler.executors.default: Running job "Garden AI Processing (trigger: interval[0:00:10], next run at: 2026-05-01 13:20:54 UTC)" (scheduled at 2026-05-01 13:20:44.723931+00:00)
2026-05-01 18:50:44 [INFO] garden_cron: [2026-05-01 18:50:44] Cronjob triggered
2026-05-01 18:50:44 [INFO] services.garden_processor: No garden updates with status='Ready to Process' found.
2026-05-01 18:50:44 [INFO] garden_cron: Cronjob complete — 0 garden(s) processed.
2026-05-01 18:50:44 [INFO] apscheduler.executors.default: Job "Garden AI Processing (trigger: interval[0:00:10], next run at: 2026-05-01 13:20:54 UTC)" executed successfully
2026-05-01 18:50:54 [INFO] apscheduler.executors.default: Running job "Garden AI Processing (trigger: interval[0:00:10], next run at: 2026-05-01 13:21:04 UTC)" (scheduled at 2026-05-01 13:20:54.723931+00:00)
2026-05-01 18:50:54 [INFO] garden_cron: [2026-05-01 18:50:54] Cronjob triggered
2026-05-01 18:50:54 [INFO] services.garden_processor: No garden updates with status='Ready to Process' found.
2026-05-01 18:50:54 [INFO] garden_cron: Cronjob complete — 0 garden(s) processed.
2026-05-01 18:50:54 [INFO] apscheduler.executors.default: Job "Garden AI Processing (trigger: interval[0:00:10], next run at: 2026-05-01 13:21:04 UTC)" executed successfully
2026-05-01 18:51:04 [INFO] apscheduler.executors.default: Running job "Garden AI Processing (trigger: interval[0:00:10], next run at: 2026-05-01 13:21:14 UTC)" (scheduled at 2026-05-01 13:21:04.723931+00:00)
2026-05-01 18:51:04 [INFO] garden_cron: [2026-05-01 18:51:04] Cronjob triggered
2026-05-01 18:51:04 [INFO] services.garden_processor: No garden updates with status='Ready to Process' found.
2026-05-01 18:51:04 [INFO] garden_cron: Cronjob complete — 0 garden(s) processed.
2026-05-01 18:51:04 [INFO] apscheduler.executors.default: Job "Garden AI Processing (trigger: interval[0:00:10], next run at: 2026-05-01 13:21:14 UTC)" executed successfully
2026-05-01 18:51:14 [INFO] apscheduler.executors.default: Running job "Garden AI Processing (trigger: interval[0:00:10], next run at: 2026-05-01 13:21:24 UTC)" (scheduled at 2026-05-01 13:21:14.723931+00:00)
2026-05-01 18:51:14 [INFO] garden_cron: [2026-05-01 18:51:14] Cronjob triggered
2026-05-01 18:51:14 [INFO] services.garden_processor: No garden updates with status='Ready to Process' found.
2026-05-01 18:51:14 [INFO] garden_cron: Cronjob complete — 0 garden(s) processed.
2026-05-01 18:51:14 [INFO] apscheduler.executors.default: Job "Garden AI Processing (trigger: interval[0:00:10], next run at: 2026-05-01 13:21:24 UTC)" executed successfully
2026-05-01 18:51:24 [INFO] apscheduler.executors.default: Running job "Garden AI Processing (trigger: interval[0:00:10], next run at: 2026-05-01 13:21:34 UTC)" (scheduled at 2026-05-01 13:21:24.723931+00:00)
2026-05-01 18:51:24 [INFO] garden_cron: [2026-05-01 18:51:24] Cronjob triggered
2026-05-01 18:51:24 [INFO] services.garden_processor: No garden updates with status='Ready to Process' found.
2026-05-01 18:51:24 [INFO] garden_cron: Cronjob complete — 0 garden(s) processed.
2026-05-01 18:51:24 [INFO] apscheduler.executors.default: Job "Garden AI Processing (trigger: interval[0:00:10], next run at: 2026-05-01 13:21:34 UTC)" executed successfully
2026-05-01 18:51:34 [INFO] apscheduler.executors.default: Running job "Garden AI Processing (trigger: interval[0:00:10], next run at: 2026-05-01 13:21:44 UTC)" (scheduled at 2026-05-01 13:21:34.723931+00:00)
2026-05-01 18:51:34 [INFO] garden_cron: [2026-05-01 18:51:34] Cronjob triggered
2026-05-01 18:51:34 [INFO] services.garden_processor: No garden updates with status='Ready to Process' found.
2026-05-01 18:51:34 [INFO] garden_cron: Cronjob complete — 0 garden(s) processed.
2026-05-01 18:51:34 [INFO] apscheduler.executors.default: Job "Garden AI Processing (trigger: interval[0:00:10], next run at: 2026-05-01 13:21:44 UTC)" executed successfully
2026-05-01 18:51:44 [INFO] apscheduler.executors.default: Running job "Garden AI Processing (trigger: interval[0:00:10], next run at: 2026-05-01 13:21:54 UTC)" (scheduled at 2026-05-01 13:21:44.723931+00:00)
2026-05-01 18:51:44 [INFO] garden_cron: [2026-05-01 18:51:44] Cronjob triggered
2026-05-01 18:51:44 [INFO] services.garden_processor: No garden updates with status='Ready to Process' found.
2026-05-01 18:51:44 [INFO] garden_cron: Cronjob complete — 0 garden(s) processed.
2026-05-01 18:51:44 [INFO] apscheduler.executors.default: Job "Garden AI Processing (trigger: interval[0:00:10], next run at: 2026-05-01 13:21:54 UTC)" executed successfully
2026-05-01 18:51:54 [INFO] apscheduler.executors.default: Running job "Garden AI Processing (trigger: interval[0:00:10], next run at: 2026-05-01 13:22:04 UTC)" (scheduled at 2026-05-01 13:21:54.723931+00:00)
2026-05-01 18:51:54 [INFO] garden_cron: [2026-05-01 18:51:54] Cronjob triggered
2026-05-01 18:51:54 [INFO] services.garden_processor: No garden updates with status='Ready to Process' found.
2026-05-01 18:51:54 [INFO] garden_cron: Cronjob complete — 0 garden(s) processed.
2026-05-01 18:51:54 [INFO] apscheduler.executors.default: Job "Garden AI Processing (trigger: interval[0:00:10], next run at: 2026-05-01 13:22:04 UTC)" executed successfully
2026-05-01 18:52:04 [INFO] apscheduler.executors.default: Running job "Garden AI Processing (trigger: interval[0:00:10], next run at: 2026-05-01 13:22:14 UTC)" (scheduled at 2026-05-01 13:22:04.723931+00:00)
2026-05-01 18:52:04 [INFO] garden_cron: [2026-05-01 18:52:04] Cronjob triggered
2026-05-01 18:52:04 [INFO] services.garden_processor: No garden updates with status='Ready to Process' found.
2026-05-01 18:52:04 [INFO] garden_cron: Cronjob complete — 0 garden(s) processed.
2026-05-01 18:52:04 [INFO] apscheduler.executors.default: Job "Garden AI Processing (trigger: interval[0:00:10], next run at: 2026-05-01 13:22:14 UTC)" executed successfully
2026-05-01 18:52:14 [INFO] apscheduler.executors.default: Running job "Garden AI Processing (trigger: interval[0:00:10], next run at: 2026-05-01 13:22:24 UTC)" (scheduled at 2026-05-01 13:22:14.723931+00:00)
2026-05-01 18:52:14 [INFO] garden_cron: [2026-05-01 18:52:14] Cronjob triggered
2026-05-01 18:52:14 [INFO] services.garden_processor: No garden updates with status='Ready to Process' found.
2026-05-01 18:52:14 [INFO] garden_cron: Cronjob complete — 0 garden(s) processed.
2026-05-01 18:52:14 [INFO] apscheduler.executors.default: Job "Garden AI Processing (trigger: interval[0:00:10], next run at: 2026-05-01 13:22:24 UTC)" executed successfully
2026-05-01 18:52:24 [INFO] apscheduler.executors.default: Running job "Garden AI Processing (trigger: interval[0:00:10], next run at: 2026-05-01 13:22:34 UTC)" (scheduled at 2026-05-01 13:22:24.723931+00:00)
2026-05-01 18:52:24 [INFO] garden_cron: [2026-05-01 18:52:24] Cronjob triggered
2026-05-01 18:52:24 [INFO] services.garden_processor: No garden updates with status='Ready to Process' found.
2026-05-01 18:52:24 [INFO] garden_cron: Cronjob complete — 0 garden(s) processed.
2026-05-01 18:52:24 [INFO] apscheduler.executors.default: Job "Garden AI Processing (trigger: interval[0:00:10], next run at: 2026-05-01 13:22:34 UTC)" executed successfully
2026-05-01 18:52:34 [INFO] apscheduler.executors.default: Running job "Garden AI Processing (trigger: interval[0:00:10], next run at: 2026-05-01 13:22:44 UTC)" (scheduled at 2026-05-01 13:22:34.723931+00:00)
2026-05-01 18:52:34 [INFO] garden_cron: [2026-05-01 18:52:34] Cronjob triggered
2026-05-01 18:52:34 [INFO] services.garden_processor: No garden updates with status='Ready to Process' found.
2026-05-01 18:52:34 [INFO] garden_cron: Cronjob complete — 0 garden(s) processed.
2026-05-01 18:52:34 [INFO] apscheduler.executors.default: Job "Garden AI Processing (trigger: interval[0:00:10], next run at: 2026-05-01 13:22:44 UTC)" executed successfully
2026-05-01 18:52:44 [INFO] apscheduler.executors.default: Running job "Garden AI Processing (trigger: interval[0:00:10], next run at: 2026-05-01 13:22:54 UTC)" (scheduled at 2026-05-01 13:22:44.723931+00:00)
2026-05-01 18:52:44 [INFO] garden_cron: [2026-05-01 18:52:44] Cronjob triggered
2026-05-01 18:52:44 [INFO] services.garden_processor: No garden updates with status='Ready to Process' found.
2026-05-01 18:52:44 [INFO] garden_cron: Cronjob complete — 0 garden(s) processed.
2026-05-01 18:52:44 [INFO] apscheduler.executors.default: Job "Garden AI Processing (trigger: interval[0:00:10], next run at: 2026-05-01 13:22:54 UTC)" executed successfully
2026-05-01 18:52:54 [INFO] apscheduler.executors.default: Running job "Garden AI Processing (trigger: interval[0:00:10], next run at: 2026-05-01 13:23:04 UTC)" (scheduled at 2026-05-01 13:22:54.723931+00:00)
2026-05-01 18:52:54 [INFO] garden_cron: [2026-05-01 18:52:54] Cronjob triggered
2026-05-01 18:52:54 [INFO] services.garden_processor: No garden updates with status='Ready to Process' found.
2026-05-01 18:52:54 [INFO] garden_cron: Cronjob complete — 0 garden(s) processed.
2026-05-01 18:52:54 [INFO] apscheduler.executors.default: Job "Garden AI Processing (trigger: interval[0:00:10], next run at: 2026-05-01 13:23:04 UTC)" executed successfully
2026-05-01 18:53:04 [INFO] apscheduler.executors.default: Running job "Garden AI Processing (trigger: interval[0:00:10], next run at: 2026-05-01 13:23:14 UTC)" (scheduled at 2026-05-01 13:23:04.723931+00:00)
2026-05-01 18:53:04 [INFO] garden_cron: [2026-05-01 18:53:04] Cronjob triggered
2026-05-01 18:53:04 [INFO] services.garden_processor: No garden updates with status='Ready to Process' found.
2026-05-01 18:53:04 [INFO] garden_cron: Cronjob complete — 0 garden(s) processed.
2026-05-01 18:53:04 [INFO] apscheduler.executors.default: Job "Garden AI Processing (trigger: interval[0:00:10], next run at: 2026-05-01 13:23:14 UTC)" executed successfully
2026-05-01 18:53:14 [INFO] apscheduler.executors.default: Running job "Garden AI Processing (trigger: interval[0:00:10], next run at: 2026-05-01 13:23:24 UTC)" (scheduled at 2026-05-01 13:23:14.723931+00:00)
2026-05-01 18:53:14 [INFO] garden_cron: [2026-05-01 18:53:14] Cronjob triggered
2026-05-01 18:53:14 [INFO] services.garden_processor: No garden updates with status='Ready to Process' found.
2026-05-01 18:53:14 [INFO] garden_cron: Cronjob complete — 0 garden(s) processed.
2026-05-01 18:53:14 [INFO] apscheduler.executors.default: Job "Garden AI Processing (trigger: interval[0:00:10], next run at: 2026-05-01 13:23:24 UTC)" executed successfully
2026-05-01 18:53:24 [INFO] apscheduler.executors.default: Running job "Garden AI Processing (trigger: interval[0:00:10], next run at: 2026-05-01 13:23:34 UTC)" (scheduled at 2026-05-01 13:23:24.723931+00:00)
2026-05-01 18:53:24 [INFO] garden_cron: [2026-05-01 18:53:24] Cronjob triggered
2026-05-01 18:53:24 [INFO] services.garden_processor: No garden updates with status='Ready to Process' found.
2026-05-01 18:53:24 [INFO] garden_cron: Cronjob complete — 0 garden(s) processed.
2026-05-01 18:53:24 [INFO] apscheduler.executors.default: Job "Garden AI Processing (trigger: interval[0:00:10], next run at: 2026-05-01 13:23:34 UTC)" executed successfully
2026-05-01 18:53:34 [INFO] apscheduler.executors.default: Running job "Garden AI Processing (trigger: interval[0:00:10], next run at: 2026-05-01 13:23:44 UTC)" (scheduled at 2026-05-01 13:23:34.723931+00:00)
2026-05-01 18:53:34 [INFO] garden_cron: [2026-05-01 18:53:34] Cronjob triggered
2026-05-01 18:53:34 [INFO] services.garden_processor: No garden updates with status='Ready to Process' found.
2026-05-01 18:53:34 [INFO] garden_cron: Cronjob complete — 0 garden(s) processed.
2026-05-01 18:53:34 [INFO] apscheduler.executors.default: Job "Garden AI Processing (trigger: interval[0:00:10], next run at: 2026-05-01 13:23:44 UTC)" executed successfully
2026-05-01 18:53:44 [INFO] apscheduler.executors.default: Running job "Garden AI Processing (trigger: interval[0:00:10], next run at: 2026-05-01 13:23:54 UTC)" (scheduled at 2026-05-01 13:23:44.723931+00:00)
2026-05-01 18:53:44 [INFO] garden_cron: [2026-05-01 18:53:44] Cronjob triggered
2026-05-01 18:53:44 [INFO] services.garden_processor: No garden updates with status='Ready to Process' found.
2026-05-01 18:53:44 [INFO] garden_cron: Cronjob complete — 0 garden(s) processed.
2026-05-01 18:53:44 [INFO] apscheduler.executors.default: Job "Garden AI Processing (trigger: interval[0:00:10], next run at: 2026-05-01 13:23:54 UTC)" executed successfully
2026-05-01 18:53:54 [INFO] apscheduler.executors.default: Running job "Garden AI Processing (trigger: interval[0:00:10], next run at: 2026-05-01 13:24:04 UTC)" (scheduled at 2026-05-01 13:23:54.723931+00:00)
2026-05-01 18:53:54 [INFO] garden_cron: [2026-05-01 18:53:54] Cronjob triggered
2026-05-01 18:53:54 [INFO] services.garden_processor: No garden updates with status='Ready to Process' found.
2026-05-01 18:53:54 [INFO] garden_cron: Cronjob complete — 0 garden(s) processed.
2026-05-01 18:53:54 [INFO] apscheduler.executors.default: Job "Garden AI Processing (trigger: interval[0:00:10], next run at: 2026-05-01 13:24:04 UTC)" executed successfully
2026-05-01 18:54:04 [INFO] apscheduler.executors.default: Running job "Garden AI Processing (trigger: interval[0:00:10], next run at: 2026-05-01 13:24:14 UTC)" (scheduled at 2026-05-01 13:24:04.723931+00:00)
2026-05-01 18:54:04 [INFO] garden_cron: [2026-05-01 18:54:04] Cronjob triggered
2026-05-01 18:54:04 [INFO] services.garden_processor: No garden updates with status='Ready to Process' found.
2026-05-01 18:54:04 [INFO] garden_cron: Cronjob complete — 0 garden(s) processed.
2026-05-01 18:54:04 [INFO] apscheduler.executors.default: Job "Garden AI Processing (trigger: interval[0:00:10], next run at: 2026-05-01 13:24:14 UTC)" executed successfully
2026-05-01 18:54:14 [INFO] apscheduler.executors.default: Running job "Garden AI Processing (trigger: interval[0:00:10], next run at: 2026-05-01 13:24:24 UTC)" (scheduled at 2026-05-01 13:24:14.723931+00:00)
2026-05-01 18:54:14 [INFO] garden_cron: [2026-05-01 18:54:14] Cronjob triggered
2026-05-01 18:54:14 [INFO] services.garden_processor: No garden updates with status='Ready to Process' found.
2026-05-01 18:54:14 [INFO] garden_cron: Cronjob complete — 0 garden(s) processed.
2026-05-01 18:54:14 [INFO] apscheduler.executors.default: Job "Garden AI Processing (trigger: interval[0:00:10], next run at: 2026-05-01 13:24:24 UTC)" executed successfully
2026-05-01 18:54:24 [INFO] apscheduler.executors.default: Running job "Garden AI Processing (trigger: interval[0:00:10], next run at: 2026-05-01 13:24:34 UTC)" (scheduled at 2026-05-01 13:24:24.723931+00:00)
2026-05-01 18:54:24 [INFO] garden_cron: [2026-05-01 18:54:24] Cronjob triggered
2026-05-01 18:54:24 [INFO] services.garden_processor: No garden updates with status='Ready to Process' found.
2026-05-01 18:54:24 [INFO] garden_cron: Cronjob complete — 0 garden(s) processed.
2026-05-01 18:54:24 [INFO] apscheduler.executors.default: Job "Garden AI Processing (trigger: interval[0:00:10], next run at: 2026-05-01 13:24:34 UTC)" executed successfully
2026-05-01 18:54:34 [INFO] apscheduler.executors.default: Running job "Garden AI Processing (trigger: interval[0:00:10], next run at: 2026-05-01 13:24:44 UTC)" (scheduled at 2026-05-01 13:24:34.723931+00:00)
2026-05-01 18:54:34 [INFO] garden_cron: [2026-05-01 18:54:34] Cronjob triggered
2026-05-01 18:54:34 [INFO] services.garden_processor: No garden updates with status='Ready to Process' found.
2026-05-01 18:54:34 [INFO] garden_cron: Cronjob complete — 0 garden(s) processed.
2026-05-01 18:54:34 [INFO] apscheduler.executors.default: Job "Garden AI Processing (trigger: interval[0:00:10], next run at: 2026-05-01 13:24:44 UTC)" executed successfully
2026-05-01 18:54:44 [INFO] apscheduler.executors.default: Running job "Garden AI Processing (trigger: interval[0:00:10], next run at: 2026-05-01 13:24:54 UTC)" (scheduled at 2026-05-01 13:24:44.723931+00:00)
2026-05-01 18:54:44 [INFO] garden_cron: [2026-05-01 18:54:44] Cronjob triggered
2026-05-01 18:54:44 [INFO] services.garden_processor: No garden updates with status='Ready to Process' found.
2026-05-01 18:54:44 [INFO] garden_cron: Cronjob complete — 0 garden(s) processed.
2026-05-01 18:54:44 [INFO] apscheduler.executors.default: Job "Garden AI Processing (trigger: interval[0:00:10], next run at: 2026-05-01 13:24:54 UTC)" executed successfully
2026-05-01 18:54:54 [INFO] apscheduler.executors.default: Running job "Garden AI Processing (trigger: interval[0:00:10], next run at: 2026-05-01 13:25:04 UTC)" (scheduled at 2026-05-01 13:24:54.723931+00:00)
2026-05-01 18:54:54 [INFO] garden_cron: [2026-05-01 18:54:54] Cronjob triggered
2026-05-01 18:54:54 [INFO] services.garden_processor: No garden updates with status='Ready to Process' found.
2026-05-01 18:54:54 [INFO] garden_cron: Cronjob complete — 0 garden(s) processed.
2026-05-01 18:54:54 [INFO] apscheduler.executors.default: Job "Garden AI Processing (trigger: interval[0:00:10], next run at: 2026-05-01 13:25:04 UTC)" executed successfully
2026-05-01 18:55:04 [INFO] apscheduler.executors.default: Running job "Garden AI Processing (trigger: interval[0:00:10], next run at: 2026-05-01 13:25:14 UTC)" (scheduled at 2026-05-01 13:25:04.723931+00:00)
2026-05-01 18:55:04 [INFO] garden_cron: [2026-05-01 18:55:04] Cronjob triggered
2026-05-01 18:55:04 [INFO] services.garden_processor: No garden updates with status='Ready to Process' found.
2026-05-01 18:55:04 [INFO] garden_cron: Cronjob complete — 0 garden(s) processed.
2026-05-01 18:55:04 [INFO] apscheduler.executors.default: Job "Garden AI Processing (trigger: interval[0:00:10], next run at: 2026-05-01 13:25:14 UTC)" executed successfully
2026-05-01 18:55:14 [INFO] apscheduler.executors.default: Running job "Garden AI Processing (trigger: interval[0:00:10], next run at: 2026-05-01 13:25:24 UTC)" (scheduled at 2026-05-01 13:25:14.723931+00:00)
2026-05-01 18:55:14 [INFO] garden_cron: [2026-05-01 18:55:14] Cronjob triggered
2026-05-01 18:55:14 [INFO] services.garden_processor: No garden updates with status='Ready to Process' found.
2026-05-01 18:55:14 [INFO] garden_cron: Cronjob complete — 0 garden(s) processed.
2026-05-01 18:55:14 [INFO] apscheduler.executors.default: Job "Garden AI Processing (trigger: interval[0:00:10], next run at: 2026-05-01 13:25:24 UTC)" executed successfully
2026-05-01 18:55:24 [INFO] apscheduler.executors.default: Running job "Garden AI Processing (trigger: interval[0:00:10], next run at: 2026-05-01 13:25:34 UTC)" (scheduled at 2026-05-01 13:25:24.723931+00:00)
2026-05-01 18:55:24 [INFO] garden_cron: [2026-05-01 18:55:24] Cronjob triggered
2026-05-01 18:55:24 [INFO] services.garden_processor: No garden updates with status='Ready to Process' found.
2026-05-01 18:55:24 [INFO] garden_cron: Cronjob complete — 0 garden(s) processed.
2026-05-01 18:55:24 [INFO] apscheduler.executors.default: Job "Garden AI Processing (trigger: interval[0:00:10], next run at: 2026-05-01 13:25:34 UTC)" executed successfully
2026-05-01 18:55:34 [INFO] apscheduler.executors.default: Running job "Garden AI Processing (trigger: interval[0:00:10], next run at: 2026-05-01 13:25:44 UTC)" (scheduled at 2026-05-01 13:25:34.723931+00:00)
2026-05-01 18:55:34 [INFO] garden_cron: [2026-05-01 18:55:34] Cronjob triggered
2026-05-01 18:55:34 [INFO] services.garden_processor: No garden updates with status='Ready to Process' found.
2026-05-01 18:55:34 [INFO] garden_cron: Cronjob complete — 0 garden(s) processed.
2026-05-01 18:55:34 [INFO] apscheduler.executors.default: Job "Garden AI Processing (trigger: interval[0:00:10], next run at: 2026-05-01 13:25:44 UTC)" executed successfully
2026-05-01 18:55:44 [INFO] apscheduler.executors.default: Running job "Garden AI Processing (trigger: interval[0:00:10], next run at: 2026-05-01 13:25:54 UTC)" (scheduled at 2026-05-01 13:25:44.723931+00:00)
2026-05-01 18:55:44 [INFO] garden_cron: [2026-05-01 18:55:44] Cronjob triggered
2026-05-01 18:55:44 [INFO] services.garden_processor: No garden updates with status='Ready to Process' found.
2026-05-01 18:55:44 [INFO] garden_cron: Cronjob complete — 0 garden(s) processed.
2026-05-01 18:55:44 [INFO] apscheduler.executors.default: Job "Garden AI Processing (trigger: interval[0:00:10], next run at: 2026-05-01 13:25:54 UTC)" executed successfully
2026-05-01 18:55:54 [INFO] apscheduler.executors.default: Running job "Garden AI Processing (trigger: interval[0:00:10], next run at: 2026-05-01 13:26:04 UTC)" (scheduled at 2026-05-01 13:25:54.723931+00:00)
2026-05-01 18:55:54 [INFO] garden_cron: [2026-05-01 18:55:54] Cronjob triggered
2026-05-01 18:55:54 [INFO] services.garden_processor: No garden updates with status='Ready to Process' found.
2026-05-01 18:55:54 [INFO] garden_cron: Cronjob complete — 0 garden(s) processed.
2026-05-01 18:55:54 [INFO] apscheduler.executors.default: Job "Garden AI Processing (trigger: interval[0:00:10], next run at: 2026-05-01 13:26:04 UTC)" executed successfully
2026-05-01 18:56:04 [INFO] apscheduler.executors.default: Running job "Garden AI Processing (trigger: interval[0:00:10], next run at: 2026-05-01 13:26:14 UTC)" (scheduled at 2026-05-01 13:26:04.723931+00:00)
2026-05-01 18:56:04 [INFO] garden_cron: [2026-05-01 18:56:04] Cronjob triggered
2026-05-01 18:56:04 [INFO] services.garden_processor: No garden updates with status='Ready to Process' found.
2026-05-01 18:56:04 [INFO] garden_cron: Cronjob complete — 0 garden(s) processed.
2026-05-01 18:56:04 [INFO] apscheduler.executors.default: Job "Garden AI Processing (trigger: interval[0:00:10], next run at: 2026-05-01 13:26:14 UTC)" executed successfully
2026-05-01 18:56:14 [INFO] apscheduler.executors.default: Running job "Garden AI Processing (trigger: interval[0:00:10], next run at: 2026-05-01 13:26:24 UTC)" (scheduled at 2026-05-01 13:26:14.723931+00:00)
2026-05-01 18:56:14 [INFO] garden_cron: [2026-05-01 18:56:14] Cronjob triggered
2026-05-01 18:56:14 [INFO] services.garden_processor: No garden updates with status='Ready to Process' found.
2026-05-01 18:56:14 [INFO] garden_cron: Cronjob complete — 0 garden(s) processed.
2026-05-01 18:56:14 [INFO] apscheduler.executors.default: Job "Garden AI Processing (trigger: interval[0:00:10], next run at: 2026-05-01 13:26:24 UTC)" executed successfully
2026-05-01 18:56:24 [INFO] apscheduler.executors.default: Running job "Garden AI Processing (trigger: interval[0:00:10], next run at: 2026-05-01 13:26:34 UTC)" (scheduled at 2026-05-01 13:26:24.723931+00:00)
2026-05-01 18:56:24 [INFO] garden_cron: [2026-05-01 18:56:24] Cronjob triggered
2026-05-01 18:56:24 [INFO] services.garden_processor: No garden updates with status='Ready to Process' found.
2026-05-01 18:56:24 [INFO] garden_cron: Cronjob complete — 0 garden(s) processed.
2026-05-01 18:56:24 [INFO] apscheduler.executors.default: Job "Garden AI Processing (trigger: interval[0:00:10], next run at: 2026-05-01 13:26:34 UTC)" executed successfully
2026-05-01 18:56:34 [INFO] apscheduler.executors.default: Running job "Garden AI Processing (trigger: interval[0:00:10], next run at: 2026-05-01 13:26:44 UTC)" (scheduled at 2026-05-01 13:26:34.723931+00:00)
2026-05-01 18:56:34 [INFO] garden_cron: [2026-05-01 18:56:34] Cronjob triggered
2026-05-01 18:56:34 [INFO] services.garden_processor: No garden updates with status='Ready to Process' found.
2026-05-01 18:56:34 [INFO] garden_cron: Cronjob complete — 0 garden(s) processed.
2026-05-01 18:56:34 [INFO] apscheduler.executors.default: Job "Garden AI Processing (trigger: interval[0:00:10], next run at: 2026-05-01 13:26:44 UTC)" executed successfully
2026-05-01 18:56:44 [INFO] apscheduler.executors.default: Running job "Garden AI Processing (trigger: interval[0:00:10], next run at: 2026-05-01 13:26:54 UTC)" (scheduled at 2026-05-01 13:26:44.723931+00:00)
2026-05-01 18:56:44 [INFO] garden_cron: [2026-05-01 18:56:44] Cronjob triggered
2026-05-01 18:56:44 [INFO] services.garden_processor: No garden updates with status='Ready to Process' found.
2026-05-01 18:56:44 [INFO] garden_cron: Cronjob complete — 0 garden(s) processed.
2026-05-01 18:56:44 [INFO] apscheduler.executors.default: Job "Garden AI Processing (trigger: interval[0:00:10], next run at: 2026-05-01 13:26:54 UTC)" executed successfully
2026-05-01 18:56:54 [INFO] apscheduler.executors.default: Running job "Garden AI Processing (trigger: interval[0:00:10], next run at: 2026-05-01 13:27:04 UTC)" (scheduled at 2026-05-01 13:26:54.723931+00:00)
2026-05-01 18:56:54 [INFO] garden_cron: [2026-05-01 18:56:54] Cronjob triggered
2026-05-01 18:56:54 [INFO] services.garden_processor: No garden updates with status='Ready to Process' found.
2026-05-01 18:56:54 [INFO] garden_cron: Cronjob complete — 0 garden(s) processed.
2026-05-01 18:56:54 [INFO] apscheduler.executors.default: Job "Garden AI Processing (trigger: interval[0:00:10], next run at: 2026-05-01 13:27:04 UTC)" executed successfully
2026-05-01 18:57:04 [INFO] apscheduler.executors.default: Running job "Garden AI Processing (trigger: interval[0:00:10], next run at: 2026-05-01 13:27:14 UTC)" (scheduled at 2026-05-01 13:27:04.723931+00:00)
2026-05-01 18:57:04 [INFO] garden_cron: [2026-05-01 18:57:04] Cronjob triggered
2026-05-01 18:57:04 [INFO] services.garden_processor: No garden updates with status='Ready to Process' found.
2026-05-01 18:57:04 [INFO] garden_cron: Cronjob complete — 0 garden(s) processed.
2026-05-01 18:57:04 [INFO] apscheduler.executors.default: Job "Garden AI Processing (trigger: interval[0:00:10], next run at: 2026-05-01 13:27:14 UTC)" executed successfully
2026-05-01 18:57:14 [INFO] apscheduler.executors.default: Running job "Garden AI Processing (trigger: interval[0:00:10], next run at: 2026-05-01 13:27:24 UTC)" (scheduled at 2026-05-01 13:27:14.723931+00:00)
2026-05-01 18:57:14 [INFO] garden_cron: [2026-05-01 18:57:14] Cronjob triggered
2026-05-01 18:57:14 [INFO] services.garden_processor: No garden updates with status='Ready to Process' found.
2026-05-01 18:57:14 [INFO] garden_cron: Cronjob complete — 0 garden(s) processed.
2026-05-01 18:57:14 [INFO] apscheduler.executors.default: Job "Garden AI Processing (trigger: interval[0:00:10], next run at: 2026-05-01 13:27:24 UTC)" executed successfully
2026-05-01 18:57:24 [INFO] apscheduler.executors.default: Running job "Garden AI Processing (trigger: interval[0:00:10], next run at: 2026-05-01 13:27:34 UTC)" (scheduled at 2026-05-01 13:27:24.723931+00:00)
2026-05-01 18:57:24 [INFO] garden_cron: [2026-05-01 18:57:24] Cronjob triggered
2026-05-01 18:57:24 [INFO] services.garden_processor: No garden updates with status='Ready to Process' found.
2026-05-01 18:57:24 [INFO] garden_cron: Cronjob complete — 0 garden(s) processed.
2026-05-01 18:57:24 [INFO] apscheduler.executors.default: Job "Garden AI Processing (trigger: interval[0:00:10], next run at: 2026-05-01 13:27:34 UTC)" executed successfully
2026-05-01 18:57:34 [INFO] apscheduler.executors.default: Running job "Garden AI Processing (trigger: interval[0:00:10], next run at: 2026-05-01 13:27:44 UTC)" (scheduled at 2026-05-01 13:27:34.723931+00:00)
2026-05-01 18:57:34 [INFO] garden_cron: [2026-05-01 18:57:34] Cronjob triggered
2026-05-01 18:57:34 [INFO] services.garden_processor: No garden updates with status='Ready to Process' found.
2026-05-01 18:57:34 [INFO] garden_cron: Cronjob complete — 0 garden(s) processed.
2026-05-01 18:57:34 [INFO] apscheduler.executors.default: Job "Garden AI Processing (trigger: interval[0:00:10], next run at: 2026-05-01 13:27:44 UTC)" executed successfully
2026-05-01 18:57:44 [INFO] apscheduler.executors.default: Running job "Garden AI Processing (trigger: interval[0:00:10], next run at: 2026-05-01 13:27:54 UTC)" (scheduled at 2026-05-01 13:27:44.723931+00:00)
2026-05-01 18:57:44 [INFO] garden_cron: [2026-05-01 18:57:44] Cronjob triggered
2026-05-01 18:57:44 [INFO] services.garden_processor: No garden updates with status='Ready to Process' found.
2026-05-01 18:57:44 [INFO] garden_cron: Cronjob complete — 0 garden(s) processed.
2026-05-01 18:57:44 [INFO] apscheduler.executors.default: Job "Garden AI Processing (trigger: interval[0:00:10], next run at: 2026-05-01 13:27:54 UTC)" executed successfully
2026-05-01 18:57:54 [INFO] apscheduler.executors.default: Running job "Garden AI Processing (trigger: interval[0:00:10], next run at: 2026-05-01 13:28:04 UTC)" (scheduled at 2026-05-01 13:27:54.723931+00:00)
2026-05-01 18:57:54 [INFO] garden_cron: [2026-05-01 18:57:54] Cronjob triggered
2026-05-01 18:57:54 [INFO] services.garden_processor: No garden updates with status='Ready to Process' found.
2026-05-01 18:57:54 [INFO] garden_cron: Cronjob complete — 0 garden(s) processed.
2026-05-01 18:57:54 [INFO] apscheduler.executors.default: Job "Garden AI Processing (trigger: interval[0:00:10], next run at: 2026-05-01 13:28:04 UTC)" executed successfully
2026-05-01 18:58:04 [INFO] apscheduler.executors.default: Running job "Garden AI Processing (trigger: interval[0:00:10], next run at: 2026-05-01 13:28:14 UTC)" (scheduled at 2026-05-01 13:28:04.723931+00:00)
2026-05-01 18:58:04 [INFO] garden_cron: [2026-05-01 18:58:04] Cronjob triggered
2026-05-01 18:58:04 [INFO] services.garden_processor: No garden updates with status='Ready to Process' found.
2026-05-01 18:58:04 [INFO] garden_cron: Cronjob complete — 0 garden(s) processed.
2026-05-01 18:58:04 [INFO] apscheduler.executors.default: Job "Garden AI Processing (trigger: interval[0:00:10], next run at: 2026-05-01 13:28:14 UTC)" executed successfully
2026-05-01 18:58:14 [INFO] apscheduler.executors.default: Running job "Garden AI Processing (trigger: interval[0:00:10], next run at: 2026-05-01 13:28:24 UTC)" (scheduled at 2026-05-01 13:28:14.723931+00:00)
2026-05-01 18:58:14 [INFO] garden_cron: [2026-05-01 18:58:14] Cronjob triggered
2026-05-01 18:58:14 [INFO] services.garden_processor: No garden updates with status='Ready to Process' found.
2026-05-01 18:58:14 [INFO] garden_cron: Cronjob complete — 0 garden(s) processed.
2026-05-01 18:58:14 [INFO] apscheduler.executors.default: Job "Garden AI Processing (trigger: interval[0:00:10], next run at: 2026-05-01 13:28:24 UTC)" executed successfully
2026-05-01 18:58:24 [INFO] apscheduler.executors.default: Running job "Garden AI Processing (trigger: interval[0:00:10], next run at: 2026-05-01 13:28:34 UTC)" (scheduled at 2026-05-01 13:28:24.723931+00:00)
2026-05-01 18:58:24 [INFO] garden_cron: [2026-05-01 18:58:24] Cronjob triggered
2026-05-01 18:58:24 [INFO] services.garden_processor: No garden updates with status='Ready to Process' found.
2026-05-01 18:58:24 [INFO] garden_cron: Cronjob complete — 0 garden(s) processed.
2026-05-01 18:58:24 [INFO] apscheduler.executors.default: Job "Garden AI Processing (trigger: interval[0:00:10], next run at: 2026-05-01 13:28:34 UTC)" executed successfully
2026-05-01 18:58:34 [INFO] apscheduler.executors.default: Running job "Garden AI Processing (trigger: interval[0:00:10], next run at: 2026-05-01 13:28:44 UTC)" (scheduled at 2026-05-01 13:28:34.723931+00:00)
2026-05-01 18:58:34 [INFO] garden_cron: [2026-05-01 18:58:34] Cronjob triggered
2026-05-01 18:58:34 [INFO] services.garden_processor: No garden updates with status='Ready to Process' found.
2026-05-01 18:58:34 [INFO] garden_cron: Cronjob complete — 0 garden(s) processed.
2026-05-01 18:58:34 [INFO] apscheduler.executors.default: Job "Garden AI Processing (trigger: interval[0:00:10], next run at: 2026-05-01 13:28:44 UTC)" executed successfully
2026-05-01 18:58:44 [INFO] apscheduler.executors.default: Running job "Garden AI Processing (trigger: interval[0:00:10], next run at: 2026-05-01 13:28:54 UTC)" (scheduled at 2026-05-01 13:28:44.723931+00:00)
2026-05-01 18:58:44 [INFO] garden_cron: [2026-05-01 18:58:44] Cronjob triggered
2026-05-01 18:58:44 [INFO] services.garden_processor: No garden updates with status='Ready to Process' found.
2026-05-01 18:58:44 [INFO] garden_cron: Cronjob complete — 0 garden(s) processed.
2026-05-01 18:58:44 [INFO] apscheduler.executors.default: Job "Garden AI Processing (trigger: interval[0:00:10], next run at: 2026-05-01 13:28:54 UTC)" executed successfully
2026-05-01 18:58:54 [INFO] apscheduler.executors.default: Running job "Garden AI Processing (trigger: interval[0:00:10], next run at: 2026-05-01 13:29:04 UTC)" (scheduled at 2026-05-01 13:28:54.723931+00:00)
2026-05-01 18:58:54 [INFO] garden_cron: [2026-05-01 18:58:54] Cronjob triggered
2026-05-01 18:58:54 [INFO] services.garden_processor: No garden updates with status='Ready to Process' found.
2026-05-01 18:58:54 [INFO] garden_cron: Cronjob complete — 0 garden(s) processed.
2026-05-01 18:58:54 [INFO] apscheduler.executors.default: Job "Garden AI Processing (trigger: interval[0:00:10], next run at: 2026-05-01 13:29:04 UTC)" executed successfully
2026-05-01 18:59:04 [INFO] apscheduler.executors.default: Running job "Garden AI Processing (trigger: interval[0:00:10], next run at: 2026-05-01 13:29:14 UTC)" (scheduled at 2026-05-01 13:29:04.723931+00:00)
2026-05-01 18:59:04 [INFO] garden_cron: [2026-05-01 18:59:04] Cronjob triggered
2026-05-01 18:59:04 [INFO] services.garden_processor: No garden updates with status='Ready to Process' found.
2026-05-01 18:59:04 [INFO] garden_cron: Cronjob complete — 0 garden(s) processed.
2026-05-01 18:59:04 [INFO] apscheduler.executors.default: Job "Garden AI Processing (trigger: interval[0:00:10], next run at: 2026-05-01 13:29:14 UTC)" executed successfully
2026-05-01 18:59:14 [INFO] apscheduler.executors.default: Running job "Garden AI Processing (trigger: interval[0:00:10], next run at: 2026-05-01 13:29:24 UTC)" (scheduled at 2026-05-01 13:29:14.723931+00:00)
2026-05-01 18:59:14 [INFO] garden_cron: [2026-05-01 18:59:14] Cronjob triggered
2026-05-01 18:59:14 [INFO] services.garden_processor: No garden updates with status='Ready to Process' found.
2026-05-01 18:59:14 [INFO] garden_cron: Cronjob complete — 0 garden(s) processed.
2026-05-01 18:59:14 [INFO] apscheduler.executors.default: Job "Garden AI Processing (trigger: interval[0:00:10], next run at: 2026-05-01 13:29:24 UTC)" executed successfully
2026-05-01 18:59:24 [INFO] apscheduler.executors.default: Running job "Garden AI Processing (trigger: interval[0:00:10], next run at: 2026-05-01 13:29:34 UTC)" (scheduled at 2026-05-01 13:29:24.723931+00:00)
2026-05-01 18:59:24 [INFO] garden_cron: [2026-05-01 18:59:24] Cronjob triggered
2026-05-01 18:59:24 [INFO] services.garden_processor: No garden updates with status='Ready to Process' found.
2026-05-01 18:59:24 [INFO] garden_cron: Cronjob complete — 0 garden(s) processed.
2026-05-01 18:59:24 [INFO] apscheduler.executors.default: Job "Garden AI Processing (trigger: interval[0:00:10], next run at: 2026-05-01 13:29:34 UTC)" executed successfully
2026-05-01 18:59:34 [INFO] apscheduler.executors.default: Running job "Garden AI Processing (trigger: interval[0:00:10], next run at: 2026-05-01 13:29:44 UTC)" (scheduled at 2026-05-01 13:29:34.723931+00:00)
2026-05-01 18:59:34 [INFO] garden_cron: [2026-05-01 18:59:34] Cronjob triggered
2026-05-01 18:59:34 [INFO] services.garden_processor: No garden updates with status='Ready to Process' found.
2026-05-01 18:59:34 [INFO] garden_cron: Cronjob complete — 0 garden(s) processed.
2026-05-01 18:59:34 [INFO] apscheduler.executors.default: Job "Garden AI Processing (trigger: interval[0:00:10], next run at: 2026-05-01 13:29:44 UTC)" executed successfully
2026-05-01 18:59:44 [INFO] apscheduler.executors.default: Running job "Garden AI Processing (trigger: interval[0:00:10], next run at: 2026-05-01 13:29:54 UTC)" (scheduled at 2026-05-01 13:29:44.723931+00:00)
2026-05-01 18:59:44 [INFO] garden_cron: [2026-05-01 18:59:44] Cronjob triggered
2026-05-01 18:59:44 [INFO] services.garden_processor: No garden updates with status='Ready to Process' found.
2026-05-01 18:59:44 [INFO] garden_cron: Cronjob complete — 0 garden(s) processed.
2026-05-01 18:59:44 [INFO] apscheduler.executors.default: Job "Garden AI Processing (trigger: interval[0:00:10], next run at: 2026-05-01 13:29:54 UTC)" executed successfully
2026-05-01 18:59:54 [INFO] apscheduler.executors.default: Running job "Garden AI Processing (trigger: interval[0:00:10], next run at: 2026-05-01 13:30:04 UTC)" (scheduled at 2026-05-01 13:29:54.723931+00:00)
2026-05-01 18:59:54 [INFO] garden_cron: [2026-05-01 18:59:54] Cronjob triggered
2026-05-01 18:59:54 [INFO] services.garden_processor: No garden updates with status='Ready to Process' found.
2026-05-01 18:59:54 [INFO] garden_cron: Cronjob complete — 0 garden(s) processed.
2026-05-01 18:59:54 [INFO] apscheduler.executors.default: Job "Garden AI Processing (trigger: interval[0:00:10], next run at: 2026-05-01 13:30:04 UTC)" executed successfully
2026-05-01 19:00:04 [INFO] apscheduler.executors.default: Running job "Garden AI Processing (trigger: interval[0:00:10], next run at: 2026-05-01 13:30:14 UTC)" (scheduled at 2026-05-01 13:30:04.723931+00:00)
2026-05-01 19:00:04 [INFO] garden_cron: [2026-05-01 19:00:04] Cronjob triggered
2026-05-01 19:00:04 [INFO] services.garden_processor: No garden updates with status='Ready to Process' found.
2026-05-01 19:00:04 [INFO] garden_cron: Cronjob complete — 0 garden(s) processed.
2026-05-01 19:00:04 [INFO] apscheduler.executors.default: Job "Garden AI Processing (trigger: interval[0:00:10], next run at: 2026-05-01 13:30:14 UTC)" executed successfully
2026-05-01 19:00:14 [INFO] apscheduler.executors.default: Running job "Garden AI Processing (trigger: interval[0:00:10], next run at: 2026-05-01 13:30:24 UTC)" (scheduled at 2026-05-01 13:30:14.723931+00:00)
2026-05-01 19:00:14 [INFO] garden_cron: [2026-05-01 19:00:14] Cronjob triggered
2026-05-01 19:00:14 [INFO] services.garden_processor: No garden updates with status='Ready to Process' found.
2026-05-01 19:00:14 [INFO] garden_cron: Cronjob complete — 0 garden(s) processed.
2026-05-01 19:00:14 [INFO] apscheduler.executors.default: Job "Garden AI Processing (trigger: interval[0:00:10], next run at: 2026-05-01 13:30:24 UTC)" executed successfully
2026-05-01 19:00:24 [INFO] apscheduler.executors.default: Running job "Garden AI Processing (trigger: interval[0:00:10], next run at: 2026-05-01 13:30:34 UTC)" (scheduled at 2026-05-01 13:30:24.723931+00:00)
2026-05-01 19:00:24 [INFO] garden_cron: [2026-05-01 19:00:24] Cronjob triggered
2026-05-01 19:00:24 [INFO] services.garden_processor: No garden updates with status='Ready to Process' found.
2026-05-01 19:00:24 [INFO] garden_cron: Cronjob complete — 0 garden(s) processed.
2026-05-01 19:00:24 [INFO] apscheduler.executors.default: Job "Garden AI Processing (trigger: interval[0:00:10], next run at: 2026-05-01 13:30:34 UTC)" executed successfully
2026-05-01 19:00:34 [INFO] apscheduler.executors.default: Running job "Garden AI Processing (trigger: interval[0:00:10], next run at: 2026-05-01 13:30:44 UTC)" (scheduled at 2026-05-01 13:30:34.723931+00:00)
2026-05-01 19:00:34 [INFO] garden_cron: [2026-05-01 19:00:34] Cronjob triggered
2026-05-01 19:00:34 [INFO] services.garden_processor: No garden updates with status='Ready to Process' found.
2026-05-01 19:00:34 [INFO] garden_cron: Cronjob complete — 0 garden(s) processed.
2026-05-01 19:00:34 [INFO] apscheduler.executors.default: Job "Garden AI Processing (trigger: interval[0:00:10], next run at: 2026-05-01 13:30:44 UTC)" executed successfully
2026-05-01 19:00:44 [INFO] apscheduler.executors.default: Running job "Garden AI Processing (trigger: interval[0:00:10], next run at: 2026-05-01 13:30:54 UTC)" (scheduled at 2026-05-01 13:30:44.723931+00:00)
2026-05-01 19:00:44 [INFO] garden_cron: [2026-05-01 19:00:44] Cronjob triggered
2026-05-01 19:00:44 [INFO] services.garden_processor: No garden updates with status='Ready to Process' found.
2026-05-01 19:00:44 [INFO] garden_cron: Cronjob complete — 0 garden(s) processed.
2026-05-01 19:00:44 [INFO] apscheduler.executors.default: Job "Garden AI Processing (trigger: interval[0:00:10], next run at: 2026-05-01 13:30:54 UTC)" executed successfully
2026-05-01 19:00:54 [INFO] apscheduler.executors.default: Running job "Garden AI Processing (trigger: interval[0:00:10], next run at: 2026-05-01 13:31:04 UTC)" (scheduled at 2026-05-01 13:30:54.723931+00:00)
2026-05-01 19:00:54 [INFO] garden_cron: [2026-05-01 19:00:54] Cronjob triggered
2026-05-01 19:00:54 [INFO] services.garden_processor: No garden updates with status='Ready to Process' found.
2026-05-01 19:00:54 [INFO] garden_cron: Cronjob complete — 0 garden(s) processed.
2026-05-01 19:00:54 [INFO] apscheduler.executors.default: Job "Garden AI Processing (trigger: interval[0:00:10], next run at: 2026-05-01 13:31:04 UTC)" executed successfully
2026-05-01 19:01:04 [INFO] apscheduler.executors.default: Running job "Garden AI Processing (trigger: interval[0:00:10], next run at: 2026-05-01 13:31:14 UTC)" (scheduled at 2026-05-01 13:31:04.723931+00:00)
2026-05-01 19:01:04 [INFO] garden_cron: [2026-05-01 19:01:04] Cronjob triggered
2026-05-01 19:01:04 [INFO] services.garden_processor: No garden updates with status='Ready to Process' found.
2026-05-01 19:01:04 [INFO] garden_cron: Cronjob complete — 0 garden(s) processed.
2026-05-01 19:01:04 [INFO] apscheduler.executors.default: Job "Garden AI Processing (trigger: interval[0:00:10], next run at: 2026-05-01 13:31:14 UTC)" executed successfully
2026-05-01 19:01:14 [INFO] apscheduler.executors.default: Running job "Garden AI Processing (trigger: interval[0:00:10], next run at: 2026-05-01 13:31:24 UTC)" (scheduled at 2026-05-01 13:31:14.723931+00:00)
2026-05-01 19:01:14 [INFO] garden_cron: [2026-05-01 19:01:14] Cronjob triggered
2026-05-01 19:01:14 [INFO] services.garden_processor: No garden updates with status='Ready to Process' found.
2026-05-01 19:01:14 [INFO] garden_cron: Cronjob complete — 0 garden(s) processed.
2026-05-01 19:01:14 [INFO] apscheduler.executors.default: Job "Garden AI Processing (trigger: interval[0:00:10], next run at: 2026-05-01 13:31:24 UTC)" executed successfully
2026-05-01 19:01:24 [INFO] apscheduler.executors.default: Running job "Garden AI Processing (trigger: interval[0:00:10], next run at: 2026-05-01 13:31:34 UTC)" (scheduled at 2026-05-01 13:31:24.723931+00:00)
2026-05-01 19:01:24 [INFO] garden_cron: [2026-05-01 19:01:24] Cronjob triggered
2026-05-01 19:01:24 [INFO] services.garden_processor: No garden updates with status='Ready to Process' found.
2026-05-01 19:01:24 [INFO] garden_cron: Cronjob complete — 0 garden(s) processed.
2026-05-01 19:01:24 [INFO] apscheduler.executors.default: Job "Garden AI Processing (trigger: interval[0:00:10], next run at: 2026-05-01 13:31:34 UTC)" executed successfully
2026-05-01 19:01:34 [INFO] apscheduler.executors.default: Running job "Garden AI Processing (trigger: interval[0:00:10], next run at: 2026-05-01 13:31:44 UTC)" (scheduled at 2026-05-01 13:31:34.723931+00:00)
2026-05-01 19:01:34 [INFO] garden_cron: [2026-05-01 19:01:34] Cronjob triggered
2026-05-01 19:01:34 [INFO] services.garden_processor: No garden updates with status='Ready to Process' found.
2026-05-01 19:01:34 [INFO] garden_cron: Cronjob complete — 0 garden(s) processed.
2026-05-01 19:01:34 [INFO] apscheduler.executors.default: Job "Garden AI Processing (trigger: interval[0:00:10], next run at: 2026-05-01 13:31:44 UTC)" executed successfully
2026-05-01 19:01:44 [INFO] apscheduler.executors.default: Running job "Garden AI Processing (trigger: interval[0:00:10], next run at: 2026-05-01 13:31:54 UTC)" (scheduled at 2026-05-01 13:31:44.723931+00:00)
2026-05-01 19:01:44 [INFO] garden_cron: [2026-05-01 19:01:44] Cronjob triggered
2026-05-01 19:01:44 [INFO] services.garden_processor: No garden updates with status='Ready to Process' found.
2026-05-01 19:01:44 [INFO] garden_cron: Cronjob complete — 0 garden(s) processed.
2026-05-01 19:01:44 [INFO] apscheduler.executors.default: Job "Garden AI Processing (trigger: interval[0:00:10], next run at: 2026-05-01 13:31:54 UTC)" executed successfully
2026-05-01 19:01:54 [INFO] apscheduler.executors.default: Running job "Garden AI Processing (trigger: interval[0:00:10], next run at: 2026-05-01 13:32:04 UTC)" (scheduled at 2026-05-01 13:31:54.723931+00:00)
2026-05-01 19:01:54 [INFO] garden_cron: [2026-05-01 19:01:54] Cronjob triggered
2026-05-01 19:01:54 [INFO] services.garden_processor: No garden updates with status='Ready to Process' found.
2026-05-01 19:01:54 [INFO] garden_cron: Cronjob complete — 0 garden(s) processed.
2026-05-01 19:01:54 [INFO] apscheduler.executors.default: Job "Garden AI Processing (trigger: interval[0:00:10], next run at: 2026-05-01 13:32:04 UTC)" executed successfully
2026-05-01 19:02:04 [INFO] apscheduler.executors.default: Running job "Garden AI Processing (trigger: interval[0:00:10], next run at: 2026-05-01 13:32:14 UTC)" (scheduled at 2026-05-01 13:32:04.723931+00:00)
2026-05-01 19:02:04 [INFO] garden_cron: [2026-05-01 19:02:04] Cronjob triggered
2026-05-01 19:02:04 [INFO] services.garden_processor: No garden updates with status='Ready to Process' found.
2026-05-01 19:02:04 [INFO] garden_cron: Cronjob complete — 0 garden(s) processed.
2026-05-01 19:02:04 [INFO] apscheduler.executors.default: Job "Garden AI Processing (trigger: interval[0:00:10], next run at: 2026-05-01 13:32:14 UTC)" executed successfully
2026-05-01 19:02:14 [INFO] apscheduler.executors.default: Running job "Garden AI Processing (trigger: interval[0:00:10], next run at: 2026-05-01 13:32:24 UTC)" (scheduled at 2026-05-01 13:32:14.723931+00:00)
2026-05-01 19:02:14 [INFO] garden_cron: [2026-05-01 19:02:14] Cronjob triggered
2026-05-01 19:02:14 [INFO] services.garden_processor: No garden updates with status='Ready to Process' found.
2026-05-01 19:02:14 [INFO] garden_cron: Cronjob complete — 0 garden(s) processed.
2026-05-01 19:02:14 [INFO] apscheduler.executors.default: Job "Garden AI Processing (trigger: interval[0:00:10], next run at: 2026-05-01 13:32:24 UTC)" executed successfully
2026-05-01 19:02:24 [INFO] apscheduler.executors.default: Running job "Garden AI Processing (trigger: interval[0:00:10], next run at: 2026-05-01 13:32:34 UTC)" (scheduled at 2026-05-01 13:32:24.723931+00:00)
2026-05-01 19:02:24 [INFO] garden_cron: [2026-05-01 19:02:24] Cronjob triggered
2026-05-01 19:02:24 [INFO] services.garden_processor: No garden updates with status='Ready to Process' found.
2026-05-01 19:02:24 [INFO] garden_cron: Cronjob complete — 0 garden(s) processed.
2026-05-01 19:02:24 [INFO] apscheduler.executors.default: Job "Garden AI Processing (trigger: interval[0:00:10], next run at: 2026-05-01 13:32:34 UTC)" executed successfully
2026-05-01 19:02:34 [INFO] apscheduler.executors.default: Running job "Garden AI Processing (trigger: interval[0:00:10], next run at: 2026-05-01 13:32:44 UTC)" (scheduled at 2026-05-01 13:32:34.723931+00:00)
2026-05-01 19:02:34 [INFO] garden_cron: [2026-05-01 19:02:34] Cronjob triggered
2026-05-01 19:02:34 [INFO] services.garden_processor: No garden updates with status='Ready to Process' found.
2026-05-01 19:02:34 [INFO] garden_cron: Cronjob complete — 0 garden(s) processed.
2026-05-01 19:02:34 [INFO] apscheduler.executors.default: Job "Garden AI Processing (trigger: interval[0:00:10], next run at: 2026-05-01 13:32:44 UTC)" executed successfully
2026-05-01 19:02:44 [INFO] apscheduler.executors.default: Running job "Garden AI Processing (trigger: interval[0:00:10], next run at: 2026-05-01 13:32:54 UTC)" (scheduled at 2026-05-01 13:32:44.723931+00:00)
2026-05-01 19:02:44 [INFO] garden_cron: [2026-05-01 19:02:44] Cronjob triggered
2026-05-01 19:02:44 [INFO] services.garden_processor: No garden updates with status='Ready to Process' found.
2026-05-01 19:02:44 [INFO] garden_cron: Cronjob complete — 0 garden(s) processed.
2026-05-01 19:02:44 [INFO] apscheduler.executors.default: Job "Garden AI Processing (trigger: interval[0:00:10], next run at: 2026-05-01 13:32:54 UTC)" executed successfully
2026-05-01 19:02:54 [INFO] apscheduler.executors.default: Running job "Garden AI Processing (trigger: interval[0:00:10], next run at: 2026-05-01 13:33:04 UTC)" (scheduled at 2026-05-01 13:32:54.723931+00:00)
2026-05-01 19:02:54 [INFO] garden_cron: [2026-05-01 19:02:54] Cronjob triggered
2026-05-01 19:02:54 [INFO] services.garden_processor: No garden updates with status='Ready to Process' found.
2026-05-01 19:02:54 [INFO] garden_cron: Cronjob complete — 0 garden(s) processed.
2026-05-01 19:02:54 [INFO] apscheduler.executors.default: Job "Garden AI Processing (trigger: interval[0:00:10], next run at: 2026-05-01 13:33:04 UTC)" executed successfully
2026-05-01 19:03:04 [INFO] apscheduler.executors.default: Running job "Garden AI Processing (trigger: interval[0:00:10], next run at: 2026-05-01 13:33:14 UTC)" (scheduled at 2026-05-01 13:33:04.723931+00:00)
2026-05-01 19:03:04 [INFO] garden_cron: [2026-05-01 19:03:04] Cronjob triggered
2026-05-01 19:03:04 [INFO] services.garden_processor: No garden updates with status='Ready to Process' found.
2026-05-01 19:03:04 [INFO] garden_cron: Cronjob complete — 0 garden(s) processed.
2026-05-01 19:03:04 [INFO] apscheduler.executors.default: Job "Garden AI Processing (trigger: interval[0:00:10], next run at: 2026-05-01 13:33:14 UTC)" executed successfully
2026-05-01 19:03:14 [INFO] apscheduler.executors.default: Running job "Garden AI Processing (trigger: interval[0:00:10], next run at: 2026-05-01 13:33:24 UTC)" (scheduled at 2026-05-01 13:33:14.723931+00:00)
2026-05-01 19:03:14 [INFO] garden_cron: [2026-05-01 19:03:14] Cronjob triggered
2026-05-01 19:03:14 [INFO] services.garden_processor: No garden updates with status='Ready to Process' found.
2026-05-01 19:03:14 [INFO] garden_cron: Cronjob complete — 0 garden(s) processed.
2026-05-01 19:03:14 [INFO] apscheduler.executors.default: Job "Garden AI Processing (trigger: interval[0:00:10], next run at: 2026-05-01 13:33:24 UTC)" executed successfully
2026-05-01 19:03:24 [INFO] apscheduler.executors.default: Running job "Garden AI Processing (trigger: interval[0:00:10], next run at: 2026-05-01 13:33:34 UTC)" (scheduled at 2026-05-01 13:33:24.723931+00:00)
2026-05-01 19:03:24 [INFO] garden_cron: [2026-05-01 19:03:24] Cronjob triggered
2026-05-01 19:03:24 [INFO] services.garden_processor: No garden updates with status='Ready to Process' found.
2026-05-01 19:03:24 [INFO] garden_cron: Cronjob complete — 0 garden(s) processed.
2026-05-01 19:03:24 [INFO] apscheduler.executors.default: Job "Garden AI Processing (trigger: interval[0:00:10], next run at: 2026-05-01 13:33:34 UTC)" executed successfully
2026-05-01 19:03:34 [INFO] apscheduler.executors.default: Running job "Garden AI Processing (trigger: interval[0:00:10], next run at: 2026-05-01 13:33:44 UTC)" (scheduled at 2026-05-01 13:33:34.723931+00:00)
2026-05-01 19:03:34 [INFO] garden_cron: [2026-05-01 19:03:34] Cronjob triggered
2026-05-01 19:03:34 [INFO] services.garden_processor: No garden updates with status='Ready to Process' found.
2026-05-01 19:03:34 [INFO] garden_cron: Cronjob complete — 0 garden(s) processed.
2026-05-01 19:03:34 [INFO] apscheduler.executors.default: Job "Garden AI Processing (trigger: interval[0:00:10], next run at: 2026-05-01 13:33:44 UTC)" executed successfully
2026-05-01 19:03:44 [INFO] apscheduler.executors.default: Running job "Garden AI Processing (trigger: interval[0:00:10], next run at: 2026-05-01 13:33:54 UTC)" (scheduled at 2026-05-01 13:33:44.723931+00:00)
2026-05-01 19:03:44 [INFO] garden_cron: [2026-05-01 19:03:44] Cronjob triggered
2026-05-01 19:03:44 [INFO] services.garden_processor: No garden updates with status='Ready to Process' found.
2026-05-01 19:03:44 [INFO] garden_cron: Cronjob complete — 0 garden(s) processed.
2026-05-01 19:03:44 [INFO] apscheduler.executors.default: Job "Garden AI Processing (trigger: interval[0:00:10], next run at: 2026-05-01 13:33:54 UTC)" executed successfully
2026-05-01 19:03:54 [INFO] apscheduler.executors.default: Running job "Garden AI Processing (trigger: interval[0:00:10], next run at: 2026-05-01 13:34:04 UTC)" (scheduled at 2026-05-01 13:33:54.723931+00:00)
2026-05-01 19:03:54 [INFO] garden_cron: [2026-05-01 19:03:54] Cronjob triggered
2026-05-01 19:03:54 [INFO] services.garden_processor: No garden updates with status='Ready to Process' found.
2026-05-01 19:03:54 [INFO] garden_cron: Cronjob complete — 0 garden(s) processed.
2026-05-01 19:03:54 [INFO] apscheduler.executors.default: Job "Garden AI Processing (trigger: interval[0:00:10], next run at: 2026-05-01 13:34:04 UTC)" executed successfully
2026-05-01 19:04:04 [INFO] apscheduler.executors.default: Running job "Garden AI Processing (trigger: interval[0:00:10], next run at: 2026-05-01 13:34:14 UTC)" (scheduled at 2026-05-01 13:34:04.723931+00:00)
2026-05-01 19:04:04 [INFO] garden_cron: [2026-05-01 19:04:04] Cronjob triggered
2026-05-01 19:04:04 [INFO] services.garden_processor: No garden updates with status='Ready to Process' found.
2026-05-01 19:04:04 [INFO] garden_cron: Cronjob complete — 0 garden(s) processed.
2026-05-01 19:04:04 [INFO] apscheduler.executors.default: Job "Garden AI Processing (trigger: interval[0:00:10], next run at: 2026-05-01 13:34:14 UTC)" executed successfully
2026-05-01 19:04:14 [INFO] apscheduler.executors.default: Running job "Garden AI Processing (trigger: interval[0:00:10], next run at: 2026-05-01 13:34:24 UTC)" (scheduled at 2026-05-01 13:34:14.723931+00:00)
2026-05-01 19:04:14 [INFO] garden_cron: [2026-05-01 19:04:14] Cronjob triggered
2026-05-01 19:04:14 [INFO] services.garden_processor: No garden updates with status='Ready to Process' found.
2026-05-01 19:04:14 [INFO] garden_cron: Cronjob complete — 0 garden(s) processed.
2026-05-01 19:04:14 [INFO] apscheduler.executors.default: Job "Garden AI Processing (trigger: interval[0:00:10], next run at: 2026-05-01 13:34:24 UTC)" executed successfully
2026-05-01 19:04:24 [INFO] apscheduler.executors.default: Running job "Garden AI Processing (trigger: interval[0:00:10], next run at: 2026-05-01 13:34:34 UTC)" (scheduled at 2026-05-01 13:34:24.723931+00:00)
2026-05-01 19:04:24 [INFO] garden_cron: [2026-05-01 19:04:24] Cronjob triggered
2026-05-01 19:04:24 [INFO] services.garden_processor: No garden updates with status='Ready to Process' found.
2026-05-01 19:04:24 [INFO] garden_cron: Cronjob complete — 0 garden(s) processed.
2026-05-01 19:04:24 [INFO] apscheduler.executors.default: Job "Garden AI Processing (trigger: interval[0:00:10], next run at: 2026-05-01 13:34:34 UTC)" executed successfully
2026-05-01 19:04:34 [INFO] apscheduler.executors.default: Running job "Garden AI Processing (trigger: interval[0:00:10], next run at: 2026-05-01 13:34:44 UTC)" (scheduled at 2026-05-01 13:34:34.723931+00:00)
2026-05-01 19:04:34 [INFO] garden_cron: [2026-05-01 19:04:34] Cronjob triggered
2026-05-01 19:04:34 [INFO] services.garden_processor: No garden updates with status='Ready to Process' found.
2026-05-01 19:04:34 [INFO] garden_cron: Cronjob complete — 0 garden(s) processed.
2026-05-01 19:04:34 [INFO] apscheduler.executors.default: Job "Garden AI Processing (trigger: interval[0:00:10], next run at: 2026-05-01 13:34:44 UTC)" executed successfully
2026-05-01 19:04:44 [INFO] apscheduler.executors.default: Running job "Garden AI Processing (trigger: interval[0:00:10], next run at: 2026-05-01 13:34:54 UTC)" (scheduled at 2026-05-01 13:34:44.723931+00:00)
2026-05-01 19:04:44 [INFO] garden_cron: [2026-05-01 19:04:44] Cronjob triggered
2026-05-01 19:04:44 [INFO] services.garden_processor: No garden updates with status='Ready to Process' found.
2026-05-01 19:04:44 [INFO] garden_cron: Cronjob complete — 0 garden(s) processed.
2026-05-01 19:04:44 [INFO] apscheduler.executors.default: Job "Garden AI Processing (trigger: interval[0:00:10], next run at: 2026-05-01 13:34:54 UTC)" executed successfully
2026-05-01 19:04:54 [INFO] apscheduler.executors.default: Running job "Garden AI Processing (trigger: interval[0:00:10], next run at: 2026-05-01 13:35:04 UTC)" (scheduled at 2026-05-01 13:34:54.723931+00:00)
2026-05-01 19:04:54 [INFO] garden_cron: [2026-05-01 19:04:54] Cronjob triggered
2026-05-01 19:04:54 [INFO] services.garden_processor: No garden updates with status='Ready to Process' found.
2026-05-01 19:04:54 [INFO] garden_cron: Cronjob complete — 0 garden(s) processed.
2026-05-01 19:04:54 [INFO] apscheduler.executors.default: Job "Garden AI Processing (trigger: interval[0:00:10], next run at: 2026-05-01 13:35:04 UTC)" executed successfully
2026-05-01 19:05:04 [INFO] apscheduler.executors.default: Running job "Garden AI Processing (trigger: interval[0:00:10], next run at: 2026-05-01 13:35:14 UTC)" (scheduled at 2026-05-01 13:35:04.723931+00:00)
2026-05-01 19:05:04 [INFO] garden_cron: [2026-05-01 19:05:04] Cronjob triggered
2026-05-01 19:05:04 [INFO] services.garden_processor: No garden updates with status='Ready to Process' found.
2026-05-01 19:05:04 [INFO] garden_cron: Cronjob complete — 0 garden(s) processed.
2026-05-01 19:05:04 [INFO] apscheduler.executors.default: Job "Garden AI Processing (trigger: interval[0:00:10], next run at: 2026-05-01 13:35:14 UTC)" executed successfully
2026-05-01 19:05:14 [INFO] apscheduler.executors.default: Running job "Garden AI Processing (trigger: interval[0:00:10], next run at: 2026-05-01 13:35:24 UTC)" (scheduled at 2026-05-01 13:35:14.723931+00:00)
2026-05-01 19:05:14 [INFO] garden_cron: [2026-05-01 19:05:14] Cronjob triggered
2026-05-01 19:05:14 [INFO] services.garden_processor: No garden updates with status='Ready to Process' found.
2026-05-01 19:05:14 [INFO] garden_cron: Cronjob complete — 0 garden(s) processed.
2026-05-01 19:05:14 [INFO] apscheduler.executors.default: Job "Garden AI Processing (trigger: interval[0:00:10], next run at: 2026-05-01 13:35:24 UTC)" executed successfully
2026-05-01 19:05:24 [INFO] apscheduler.executors.default: Running job "Garden AI Processing (trigger: interval[0:00:10], next run at: 2026-05-01 13:35:34 UTC)" (scheduled at 2026-05-01 13:35:24.723931+00:00)
2026-05-01 19:05:24 [INFO] garden_cron: [2026-05-01 19:05:24] Cronjob triggered
2026-05-01 19:05:24 [INFO] services.garden_processor: No garden updates with status='Ready to Process' found.
2026-05-01 19:05:24 [INFO] garden_cron: Cronjob complete — 0 garden(s) processed.
2026-05-01 19:05:24 [INFO] apscheduler.executors.default: Job "Garden AI Processing (trigger: interval[0:00:10], next run at: 2026-05-01 13:35:34 UTC)" executed successfully
2026-05-01 19:05:34 [INFO] apscheduler.executors.default: Running job "Garden AI Processing (trigger: interval[0:00:10], next run at: 2026-05-01 13:35:44 UTC)" (scheduled at 2026-05-01 13:35:34.723931+00:00)
2026-05-01 19:05:34 [INFO] garden_cron: [2026-05-01 19:05:34] Cronjob triggered
2026-05-01 19:05:34 [INFO] services.garden_processor: No garden updates with status='Ready to Process' found.
2026-05-01 19:05:34 [INFO] garden_cron: Cronjob complete — 0 garden(s) processed.
2026-05-01 19:05:34 [INFO] apscheduler.executors.default: Job "Garden AI Processing (trigger: interval[0:00:10], next run at: 2026-05-01 13:35:44 UTC)" executed successfully
2026-05-01 19:05:44 [INFO] apscheduler.executors.default: Running job "Garden AI Processing (trigger: interval[0:00:10], next run at: 2026-05-01 13:35:54 UTC)" (scheduled at 2026-05-01 13:35:44.723931+00:00)
2026-05-01 19:05:44 [INFO] garden_cron: [2026-05-01 19:05:44] Cronjob triggered
2026-05-01 19:05:44 [INFO] services.garden_processor: No garden updates with status='Ready to Process' found.
2026-05-01 19:05:44 [INFO] garden_cron: Cronjob complete — 0 garden(s) processed.
2026-05-01 19:05:44 [INFO] apscheduler.executors.default: Job "Garden AI Processing (trigger: interval[0:00:10], next run at: 2026-05-01 13:35:54 UTC)" executed successfully
2026-05-01 19:05:54 [INFO] apscheduler.executors.default: Running job "Garden AI Processing (trigger: interval[0:00:10], next run at: 2026-05-01 13:36:04 UTC)" (scheduled at 2026-05-01 13:35:54.723931+00:00)
2026-05-01 19:05:54 [INFO] garden_cron: [2026-05-01 19:05:54] Cronjob triggered
2026-05-01 19:05:54 [INFO] services.garden_processor: No garden updates with status='Ready to Process' found.
2026-05-01 19:05:54 [INFO] garden_cron: Cronjob complete — 0 garden(s) processed.
2026-05-01 19:05:54 [INFO] apscheduler.executors.default: Job "Garden AI Processing (trigger: interval[0:00:10], next run at: 2026-05-01 13:36:04 UTC)" executed successfully
2026-05-01 19:06:04 [INFO] apscheduler.executors.default: Running job "Garden AI Processing (trigger: interval[0:00:10], next run at: 2026-05-01 13:36:14 UTC)" (scheduled at 2026-05-01 13:36:04.723931+00:00)
2026-05-01 19:06:04 [INFO] garden_cron: [2026-05-01 19:06:04] Cronjob triggered
2026-05-01 19:06:04 [INFO] services.garden_processor: No garden updates with status='Ready to Process' found.
2026-05-01 19:06:04 [INFO] garden_cron: Cronjob complete — 0 garden(s) processed.
2026-05-01 19:06:04 [INFO] apscheduler.executors.default: Job "Garden AI Processing (trigger: interval[0:00:10], next run at: 2026-05-01 13:36:14 UTC)" executed successfully
2026-05-01 19:06:14 [INFO] apscheduler.executors.default: Running job "Garden AI Processing (trigger: interval[0:00:10], next run at: 2026-05-01 13:36:24 UTC)" (scheduled at 2026-05-01 13:36:14.723931+00:00)
2026-05-01 19:06:14 [INFO] garden_cron: [2026-05-01 19:06:14] Cronjob triggered
2026-05-01 19:06:14 [INFO] services.garden_processor: No garden updates with status='Ready to Process' found.
2026-05-01 19:06:14 [INFO] garden_cron: Cronjob complete — 0 garden(s) processed.
2026-05-01 19:06:14 [INFO] apscheduler.executors.default: Job "Garden AI Processing (trigger: interval[0:00:10], next run at: 2026-05-01 13:36:24 UTC)" executed successfully
2026-05-01 19:06:24 [INFO] apscheduler.executors.default: Running job "Garden AI Processing (trigger: interval[0:00:10], next run at: 2026-05-01 13:36:34 UTC)" (scheduled at 2026-05-01 13:36:24.723931+00:00)
2026-05-01 19:06:24 [INFO] garden_cron: [2026-05-01 19:06:24] Cronjob triggered
2026-05-01 19:06:24 [INFO] services.garden_processor: No garden updates with status='Ready to Process' found.
2026-05-01 19:06:24 [INFO] garden_cron: Cronjob complete — 0 garden(s) processed.
2026-05-01 19:06:24 [INFO] apscheduler.executors.default: Job "Garden AI Processing (trigger: interval[0:00:10], next run at: 2026-05-01 13:36:34 UTC)" executed successfully
2026-05-01 19:06:34 [INFO] apscheduler.executors.default: Running job "Garden AI Processing (trigger: interval[0:00:10], next run at: 2026-05-01 13:36:44 UTC)" (scheduled at 2026-05-01 13:36:34.723931+00:00)
2026-05-01 19:06:34 [INFO] garden_cron: [2026-05-01 19:06:34] Cronjob triggered
2026-05-01 19:06:34 [INFO] services.garden_processor: No garden updates with status='Ready to Process' found.
2026-05-01 19:06:34 [INFO] garden_cron: Cronjob complete — 0 garden(s) processed.
2026-05-01 19:06:34 [INFO] apscheduler.executors.default: Job "Garden AI Processing (trigger: interval[0:00:10], next run at: 2026-05-01 13:36:44 UTC)" executed successfully
2026-05-01 19:06:44 [INFO] apscheduler.executors.default: Running job "Garden AI Processing (trigger: interval[0:00:10], next run at: 2026-05-01 13:36:54 UTC)" (scheduled at 2026-05-01 13:36:44.723931+00:00)
2026-05-01 19:06:44 [INFO] garden_cron: [2026-05-01 19:06:44] Cronjob triggered
2026-05-01 19:06:44 [INFO] services.garden_processor: No garden updates with status='Ready to Process' found.
2026-05-01 19:06:44 [INFO] garden_cron: Cronjob complete — 0 garden(s) processed.
2026-05-01 19:06:44 [INFO] apscheduler.executors.default: Job "Garden AI Processing (trigger: interval[0:00:10], next run at: 2026-05-01 13:36:54 UTC)" executed successfully
2026-05-01 19:06:54 [INFO] apscheduler.executors.default: Running job "Garden AI Processing (trigger: interval[0:00:10], next run at: 2026-05-01 13:37:04 UTC)" (scheduled at 2026-05-01 13:36:54.723931+00:00)
2026-05-01 19:06:54 [INFO] garden_cron: [2026-05-01 19:06:54] Cronjob triggered
2026-05-01 19:06:54 [INFO] services.garden_processor: No garden updates with status='Ready to Process' found.
2026-05-01 19:06:54 [INFO] garden_cron: Cronjob complete — 0 garden(s) processed.
2026-05-01 19:06:54 [INFO] apscheduler.executors.default: Job "Garden AI Processing (trigger: interval[0:00:10], next run at: 2026-05-01 13:37:04 UTC)" executed successfully
2026-05-01 19:07:04 [INFO] apscheduler.executors.default: Running job "Garden AI Processing (trigger: interval[0:00:10], next run at: 2026-05-01 13:37:14 UTC)" (scheduled at 2026-05-01 13:37:04.723931+00:00)
2026-05-01 19:07:04 [INFO] garden_cron: [2026-05-01 19:07:04] Cronjob triggered
2026-05-01 19:07:04 [INFO] services.garden_processor: No garden updates with status='Ready to Process' found.
2026-05-01 19:07:04 [INFO] garden_cron: Cronjob complete — 0 garden(s) processed.
2026-05-01 19:07:04 [INFO] apscheduler.executors.default: Job "Garden AI Processing (trigger: interval[0:00:10], next run at: 2026-05-01 13:37:14 UTC)" executed successfully
2026-05-01 19:07:14 [INFO] apscheduler.executors.default: Running job "Garden AI Processing (trigger: interval[0:00:10], next run at: 2026-05-01 13:37:24 UTC)" (scheduled at 2026-05-01 13:37:14.723931+00:00)
2026-05-01 19:07:14 [INFO] garden_cron: [2026-05-01 19:07:14] Cronjob triggered
2026-05-01 19:07:14 [INFO] services.garden_processor: No garden updates with status='Ready to Process' found.
2026-05-01 19:07:14 [INFO] garden_cron: Cronjob complete — 0 garden(s) processed.
2026-05-01 19:07:14 [INFO] apscheduler.executors.default: Job "Garden AI Processing (trigger: interval[0:00:10], next run at: 2026-05-01 13:37:24 UTC)" executed successfully
2026-05-01 19:07:24 [INFO] apscheduler.executors.default: Running job "Garden AI Processing (trigger: interval[0:00:10], next run at: 2026-05-01 13:37:34 UTC)" (scheduled at 2026-05-01 13:37:24.723931+00:00)
2026-05-01 19:07:24 [INFO] garden_cron: [2026-05-01 19:07:24] Cronjob triggered
2026-05-01 19:07:24 [INFO] services.garden_processor: No garden updates with status='Ready to Process' found.
2026-05-01 19:07:24 [INFO] garden_cron: Cronjob complete — 0 garden(s) processed.
2026-05-01 19:07:24 [INFO] apscheduler.executors.default: Job "Garden AI Processing (trigger: interval[0:00:10], next run at: 2026-05-01 13:37:34 UTC)" executed successfully
2026-05-01 19:07:34 [INFO] apscheduler.executors.default: Running job "Garden AI Processing (trigger: interval[0:00:10], next run at: 2026-05-01 13:37:44 UTC)" (scheduled at 2026-05-01 13:37:34.723931+00:00)
2026-05-01 19:07:34 [INFO] garden_cron: [2026-05-01 19:07:34] Cronjob triggered
2026-05-01 19:07:34 [INFO] services.garden_processor: No garden updates with status='Ready to Process' found.
2026-05-01 19:07:34 [INFO] garden_cron: Cronjob complete — 0 garden(s) processed.
2026-05-01 19:07:34 [INFO] apscheduler.executors.default: Job "Garden AI Processing (trigger: interval[0:00:10], next run at: 2026-05-01 13:37:44 UTC)" executed successfully
2026-05-01 19:07:44 [INFO] apscheduler.executors.default: Running job "Garden AI Processing (trigger: interval[0:00:10], next run at: 2026-05-01 13:37:54 UTC)" (scheduled at 2026-05-01 13:37:44.723931+00:00)
2026-05-01 19:07:44 [INFO] garden_cron: [2026-05-01 19:07:44] Cronjob triggered
2026-05-01 19:07:44 [INFO] services.garden_processor: No garden updates with status='Ready to Process' found.
2026-05-01 19:07:44 [INFO] garden_cron: Cronjob complete — 0 garden(s) processed.
2026-05-01 19:07:44 [INFO] apscheduler.executors.default: Job "Garden AI Processing (trigger: interval[0:00:10], next run at: 2026-05-01 13:37:54 UTC)" executed successfully
2026-05-01 19:07:54 [INFO] apscheduler.executors.default: Running job "Garden AI Processing (trigger: interval[0:00:10], next run at: 2026-05-01 13:38:04 UTC)" (scheduled at 2026-05-01 13:37:54.723931+00:00)
2026-05-01 19:07:54 [INFO] garden_cron: [2026-05-01 19:07:54] Cronjob triggered
2026-05-01 19:07:54 [INFO] services.garden_processor: No garden updates with status='Ready to Process' found.
2026-05-01 19:07:54 [INFO] garden_cron: Cronjob complete — 0 garden(s) processed.
2026-05-01 19:07:54 [INFO] apscheduler.executors.default: Job "Garden AI Processing (trigger: interval[0:00:10], next run at: 2026-05-01 13:38:04 UTC)" executed successfully
2026-05-01 19:08:04 [INFO] apscheduler.executors.default: Running job "Garden AI Processing (trigger: interval[0:00:10], next run at: 2026-05-01 13:38:14 UTC)" (scheduled at 2026-05-01 13:38:04.723931+00:00)
2026-05-01 19:08:04 [INFO] garden_cron: [2026-05-01 19:08:04] Cronjob triggered
2026-05-01 19:08:04 [INFO] services.garden_processor: No garden updates with status='Ready to Process' found.
2026-05-01 19:08:04 [INFO] garden_cron: Cronjob complete — 0 garden(s) processed.
2026-05-01 19:08:04 [INFO] apscheduler.executors.default: Job "Garden AI Processing (trigger: interval[0:00:10], next run at: 2026-05-01 13:38:14 UTC)" executed successfully
2026-05-01 19:08:14 [INFO] apscheduler.executors.default: Running job "Garden AI Processing (trigger: interval[0:00:10], next run at: 2026-05-01 13:38:24 UTC)" (scheduled at 2026-05-01 13:38:14.723931+00:00)
2026-05-01 19:08:14 [INFO] garden_cron: [2026-05-01 19:08:14] Cronjob triggered
2026-05-01 19:08:14 [INFO] services.garden_processor: No garden updates with status='Ready to Process' found.
2026-05-01 19:08:14 [INFO] garden_cron: Cronjob complete — 0 garden(s) processed.
2026-05-01 19:08:14 [INFO] apscheduler.executors.default: Job "Garden AI Processing (trigger: interval[0:00:10], next run at: 2026-05-01 13:38:24 UTC)" executed successfully
2026-05-01 19:08:24 [INFO] apscheduler.executors.default: Running job "Garden AI Processing (trigger: interval[0:00:10], next run at: 2026-05-01 13:38:34 UTC)" (scheduled at 2026-05-01 13:38:24.723931+00:00)
2026-05-01 19:08:24 [INFO] garden_cron: [2026-05-01 19:08:24] Cronjob triggered
2026-05-01 19:08:24 [INFO] services.garden_processor: No garden updates with status='Ready to Process' found.
2026-05-01 19:08:24 [INFO] garden_cron: Cronjob complete — 0 garden(s) processed.
2026-05-01 19:08:24 [INFO] apscheduler.executors.default: Job "Garden AI Processing (trigger: interval[0:00:10], next run at: 2026-05-01 13:38:34 UTC)" executed successfully
2026-05-01 19:08:34 [INFO] apscheduler.executors.default: Running job "Garden AI Processing (trigger: interval[0:00:10], next run at: 2026-05-01 13:38:44 UTC)" (scheduled at 2026-05-01 13:38:34.723931+00:00)
2026-05-01 19:08:34 [INFO] garden_cron: [2026-05-01 19:08:34] Cronjob triggered
2026-05-01 19:08:34 [INFO] services.garden_processor: No garden updates with status='Ready to Process' found.
2026-05-01 19:08:34 [INFO] garden_cron: Cronjob complete — 0 garden(s) processed.
2026-05-01 19:08:34 [INFO] apscheduler.executors.default: Job "Garden AI Processing (trigger: interval[0:00:10], next run at: 2026-05-01 13:38:44 UTC)" executed successfully
2026-05-01 19:08:44 [INFO] apscheduler.executors.default: Running job "Garden AI Processing (trigger: interval[0:00:10], next run at: 2026-05-01 13:38:54 UTC)" (scheduled at 2026-05-01 13:38:44.723931+00:00)
2026-05-01 19:08:44 [INFO] garden_cron: [2026-05-01 19:08:44] Cronjob triggered
2026-05-01 19:08:44 [INFO] services.garden_processor: No garden updates with status='Ready to Process' found.
2026-05-01 19:08:44 [INFO] garden_cron: Cronjob complete — 0 garden(s) processed.
2026-05-01 19:08:44 [INFO] apscheduler.executors.default: Job "Garden AI Processing (trigger: interval[0:00:10], next run at: 2026-05-01 13:38:54 UTC)" executed successfully
2026-05-01 19:08:54 [INFO] apscheduler.executors.default: Running job "Garden AI Processing (trigger: interval[0:00:10], next run at: 2026-05-01 13:39:04 UTC)" (scheduled at 2026-05-01 13:38:54.723931+00:00)
2026-05-01 19:08:54 [INFO] garden_cron: [2026-05-01 19:08:54] Cronjob triggered
2026-05-01 19:08:54 [INFO] services.garden_processor: No garden updates with status='Ready to Process' found.
2026-05-01 19:08:54 [INFO] garden_cron: Cronjob complete — 0 garden(s) processed.
2026-05-01 19:08:54 [INFO] apscheduler.executors.default: Job "Garden AI Processing (trigger: interval[0:00:10], next run at: 2026-05-01 13:39:04 UTC)" executed successfully
2026-05-01 19:09:04 [INFO] apscheduler.executors.default: Running job "Garden AI Processing (trigger: interval[0:00:10], next run at: 2026-05-01 13:39:14 UTC)" (scheduled at 2026-05-01 13:39:04.723931+00:00)
2026-05-01 19:09:04 [INFO] garden_cron: [2026-05-01 19:09:04] Cronjob triggered
2026-05-01 19:09:04 [INFO] services.garden_processor: No garden updates with status='Ready to Process' found.
2026-05-01 19:09:04 [INFO] garden_cron: Cronjob complete — 0 garden(s) processed.
2026-05-01 19:09:04 [INFO] apscheduler.executors.default: Job "Garden AI Processing (trigger: interval[0:00:10], next run at: 2026-05-01 13:39:14 UTC)" executed successfully
2026-05-01 19:09:14 [INFO] apscheduler.executors.default: Running job "Garden AI Processing (trigger: interval[0:00:10], next run at: 2026-05-01 13:39:24 UTC)" (scheduled at 2026-05-01 13:39:14.723931+00:00)
2026-05-01 19:09:14 [INFO] garden_cron: [2026-05-01 19:09:14] Cronjob triggered
2026-05-01 19:09:14 [INFO] services.garden_processor: No garden updates with status='Ready to Process' found.
2026-05-01 19:09:14 [INFO] garden_cron: Cronjob complete — 0 garden(s) processed.
2026-05-01 19:09:14 [INFO] apscheduler.executors.default: Job "Garden AI Processing (trigger: interval[0:00:10], next run at: 2026-05-01 13:39:24 UTC)" executed successfully
2026-05-01 19:09:24 [INFO] apscheduler.executors.default: Running job "Garden AI Processing (trigger: interval[0:00:10], next run at: 2026-05-01 13:39:34 UTC)" (scheduled at 2026-05-01 13:39:24.723931+00:00)
2026-05-01 19:09:24 [INFO] garden_cron: [2026-05-01 19:09:24] Cronjob triggered
2026-05-01 19:09:24 [INFO] services.garden_processor: No garden updates with status='Ready to Process' found.
2026-05-01 19:09:24 [INFO] garden_cron: Cronjob complete — 0 garden(s) processed.
2026-05-01 19:09:24 [INFO] apscheduler.executors.default: Job "Garden AI Processing (trigger: interval[0:00:10], next run at: 2026-05-01 13:39:34 UTC)" executed successfully
2026-05-01 19:09:34 [INFO] apscheduler.executors.default: Running job "Garden AI Processing (trigger: interval[0:00:10], next run at: 2026-05-01 13:39:44 UTC)" (scheduled at 2026-05-01 13:39:34.723931+00:00)
2026-05-01 19:09:34 [INFO] garden_cron: [2026-05-01 19:09:34] Cronjob triggered
2026-05-01 19:09:34 [INFO] services.garden_processor: No garden updates with status='Ready to Process' found.
2026-05-01 19:09:34 [INFO] garden_cron: Cronjob complete — 0 garden(s) processed.
2026-05-01 19:09:34 [INFO] apscheduler.executors.default: Job "Garden AI Processing (trigger: interval[0:00:10], next run at: 2026-05-01 13:39:44 UTC)" executed successfully
2026-05-01 19:09:44 [INFO] apscheduler.executors.default: Running job "Garden AI Processing (trigger: interval[0:00:10], next run at: 2026-05-01 13:39:54 UTC)" (scheduled at 2026-05-01 13:39:44.723931+00:00)
2026-05-01 19:09:44 [INFO] garden_cron: [2026-05-01 19:09:44] Cronjob triggered
2026-05-01 19:09:44 [INFO] services.garden_processor: No garden updates with status='Ready to Process' found.
2026-05-01 19:09:44 [INFO] garden_cron: Cronjob complete — 0 garden(s) processed.
2026-05-01 19:09:44 [INFO] apscheduler.executors.default: Job "Garden AI Processing (trigger: interval[0:00:10], next run at: 2026-05-01 13:39:54 UTC)" executed successfully
2026-05-01 19:09:54 [INFO] apscheduler.executors.default: Running job "Garden AI Processing (trigger: interval[0:00:10], next run at: 2026-05-01 13:40:04 UTC)" (scheduled at 2026-05-01 13:39:54.723931+00:00)
2026-05-01 19:09:54 [INFO] garden_cron: [2026-05-01 19:09:54] Cronjob triggered
2026-05-01 19:09:54 [INFO] services.garden_processor: No garden updates with status='Ready to Process' found.
2026-05-01 19:09:54 [INFO] garden_cron: Cronjob complete — 0 garden(s) processed.
2026-05-01 19:09:54 [INFO] apscheduler.executors.default: Job "Garden AI Processing (trigger: interval[0:00:10], next run at: 2026-05-01 13:40:04 UTC)" executed successfully
2026-05-01 19:10:04 [INFO] apscheduler.executors.default: Running job "Garden AI Processing (trigger: interval[0:00:10], next run at: 2026-05-01 13:40:14 UTC)" (scheduled at 2026-05-01 13:40:04.723931+00:00)
2026-05-01 19:10:04 [INFO] garden_cron: [2026-05-01 19:10:04] Cronjob triggered
2026-05-01 19:10:04 [INFO] services.garden_processor: No garden updates with status='Ready to Process' found.
2026-05-01 19:10:04 [INFO] garden_cron: Cronjob complete — 0 garden(s) processed.
2026-05-01 19:10:04 [INFO] apscheduler.executors.default: Job "Garden AI Processing (trigger: interval[0:00:10], next run at: 2026-05-01 13:40:14 UTC)" executed successfully
2026-05-01 19:10:14 [INFO] apscheduler.executors.default: Running job "Garden AI Processing (trigger: interval[0:00:10], next run at: 2026-05-01 13:40:24 UTC)" (scheduled at 2026-05-01 13:40:14.723931+00:00)
2026-05-01 19:10:14 [INFO] garden_cron: [2026-05-01 19:10:14] Cronjob triggered
2026-05-01 19:10:14 [INFO] services.garden_processor: No garden updates with status='Ready to Process' found.
2026-05-01 19:10:14 [INFO] garden_cron: Cronjob complete — 0 garden(s) processed.
2026-05-01 19:10:14 [INFO] apscheduler.executors.default: Job "Garden AI Processing (trigger: interval[0:00:10], next run at: 2026-05-01 13:40:24 UTC)" executed successfully
2026-05-01 19:10:24 [INFO] apscheduler.executors.default: Running job "Garden AI Processing (trigger: interval[0:00:10], next run at: 2026-05-01 13:40:34 UTC)" (scheduled at 2026-05-01 13:40:24.723931+00:00)
2026-05-01 19:10:24 [INFO] garden_cron: [2026-05-01 19:10:24] Cronjob triggered
2026-05-01 19:10:24 [INFO] services.garden_processor: No garden updates with status='Ready to Process' found.
2026-05-01 19:10:24 [INFO] garden_cron: Cronjob complete — 0 garden(s) processed.
2026-05-01 19:10:24 [INFO] apscheduler.executors.default: Job "Garden AI Processing (trigger: interval[0:00:10], next run at: 2026-05-01 13:40:34 UTC)" executed successfully
2026-05-01 19:10:34 [INFO] apscheduler.executors.default: Running job "Garden AI Processing (trigger: interval[0:00:10], next run at: 2026-05-01 13:40:44 UTC)" (scheduled at 2026-05-01 13:40:34.723931+00:00)
2026-05-01 19:10:34 [INFO] garden_cron: [2026-05-01 19:10:34] Cronjob triggered
2026-05-01 19:10:34 [INFO] services.garden_processor: No garden updates with status='Ready to Process' found.
2026-05-01 19:10:34 [INFO] garden_cron: Cronjob complete — 0 garden(s) processed.
2026-05-01 19:10:34 [INFO] apscheduler.executors.default: Job "Garden AI Processing (trigger: interval[0:00:10], next run at: 2026-05-01 13:40:44 UTC)" executed successfully
2026-05-01 19:10:44 [INFO] apscheduler.executors.default: Running job "Garden AI Processing (trigger: interval[0:00:10], next run at: 2026-05-01 13:40:54 UTC)" (scheduled at 2026-05-01 13:40:44.723931+00:00)
2026-05-01 19:10:44 [INFO] garden_cron: [2026-05-01 19:10:44] Cronjob triggered
2026-05-01 19:10:44 [INFO] services.garden_processor: No garden updates with status='Ready to Process' found.
2026-05-01 19:10:44 [INFO] garden_cron: Cronjob complete — 0 garden(s) processed.
2026-05-01 19:10:44 [INFO] apscheduler.executors.default: Job "Garden AI Processing (trigger: interval[0:00:10], next run at: 2026-05-01 13:40:54 UTC)" executed successfully
2026-05-01 19:10:54 [INFO] apscheduler.executors.default: Running job "Garden AI Processing (trigger: interval[0:00:10], next run at: 2026-05-01 13:41:04 UTC)" (scheduled at 2026-05-01 13:40:54.723931+00:00)
2026-05-01 19:10:54 [INFO] garden_cron: [2026-05-01 19:10:54] Cronjob triggered
2026-05-01 19:10:54 [INFO] services.garden_processor: No garden updates with status='Ready to Process' found.
2026-05-01 19:10:54 [INFO] garden_cron: Cronjob complete — 0 garden(s) processed.
2026-05-01 19:10:54 [INFO] apscheduler.executors.default: Job "Garden AI Processing (trigger: interval[0:00:10], next run at: 2026-05-01 13:41:04 UTC)" executed successfully
2026-05-01 19:11:04 [INFO] apscheduler.executors.default: Running job "Garden AI Processing (trigger: interval[0:00:10], next run at: 2026-05-01 13:41:14 UTC)" (scheduled at 2026-05-01 13:41:04.723931+00:00)
2026-05-01 19:11:04 [INFO] garden_cron: [2026-05-01 19:11:04] Cronjob triggered
2026-05-01 19:11:04 [INFO] services.garden_processor: No garden updates with status='Ready to Process' found.
2026-05-01 19:11:04 [INFO] garden_cron: Cronjob complete — 0 garden(s) processed.
2026-05-01 19:11:04 [INFO] apscheduler.executors.default: Job "Garden AI Processing (trigger: interval[0:00:10], next run at: 2026-05-01 13:41:14 UTC)" executed successfully
2026-05-01 19:11:14 [INFO] apscheduler.executors.default: Running job "Garden AI Processing (trigger: interval[0:00:10], next run at: 2026-05-01 13:41:24 UTC)" (scheduled at 2026-05-01 13:41:14.723931+00:00)
2026-05-01 19:11:14 [INFO] garden_cron: [2026-05-01 19:11:14] Cronjob triggered
2026-05-01 19:11:14 [INFO] services.garden_processor: No garden updates with status='Ready to Process' found.
2026-05-01 19:11:14 [INFO] garden_cron: Cronjob complete — 0 garden(s) processed.
2026-05-01 19:11:14 [INFO] apscheduler.executors.default: Job "Garden AI Processing (trigger: interval[0:00:10], next run at: 2026-05-01 13:41:24 UTC)" executed successfully
2026-05-01 19:11:24 [INFO] apscheduler.executors.default: Running job "Garden AI Processing (trigger: interval[0:00:10], next run at: 2026-05-01 13:41:34 UTC)" (scheduled at 2026-05-01 13:41:24.723931+00:00)
2026-05-01 19:11:24 [INFO] garden_cron: [2026-05-01 19:11:24] Cronjob triggered
2026-05-01 19:11:24 [INFO] services.garden_processor: No garden updates with status='Ready to Process' found.
2026-05-01 19:11:24 [INFO] garden_cron: Cronjob complete — 0 garden(s) processed.
2026-05-01 19:11:24 [INFO] apscheduler.executors.default: Job "Garden AI Processing (trigger: interval[0:00:10], next run at: 2026-05-01 13:41:34 UTC)" executed successfully
2026-05-01 19:11:34 [INFO] apscheduler.executors.default: Running job "Garden AI Processing (trigger: interval[0:00:10], next run at: 2026-05-01 13:41:44 UTC)" (scheduled at 2026-05-01 13:41:34.723931+00:00)
2026-05-01 19:11:34 [INFO] garden_cron: [2026-05-01 19:11:34] Cronjob triggered
2026-05-01 19:11:34 [INFO] services.garden_processor: No garden updates with status='Ready to Process' found.
2026-05-01 19:11:34 [INFO] garden_cron: Cronjob complete — 0 garden(s) processed.
2026-05-01 19:11:34 [INFO] apscheduler.executors.default: Job "Garden AI Processing (trigger: interval[0:00:10], next run at: 2026-05-01 13:41:44 UTC)" executed successfully
2026-05-01 19:11:44 [INFO] apscheduler.executors.default: Running job "Garden AI Processing (trigger: interval[0:00:10], next run at: 2026-05-01 13:41:54 UTC)" (scheduled at 2026-05-01 13:41:44.723931+00:00)
2026-05-01 19:11:44 [INFO] garden_cron: [2026-05-01 19:11:44] Cronjob triggered
2026-05-01 19:11:44 [INFO] services.garden_processor: No garden updates with status='Ready to Process' found.
2026-05-01 19:11:44 [INFO] garden_cron: Cronjob complete — 0 garden(s) processed.
2026-05-01 19:11:44 [INFO] apscheduler.executors.default: Job "Garden AI Processing (trigger: interval[0:00:10], next run at: 2026-05-01 13:41:54 UTC)" executed successfully
2026-05-01 19:11:54 [INFO] apscheduler.executors.default: Running job "Garden AI Processing (trigger: interval[0:00:10], next run at: 2026-05-01 13:42:04 UTC)" (scheduled at 2026-05-01 13:41:54.723931+00:00)
2026-05-01 19:11:54 [INFO] garden_cron: [2026-05-01 19:11:54] Cronjob triggered
2026-05-01 19:11:54 [INFO] services.garden_processor: No garden updates with status='Ready to Process' found.
2026-05-01 19:11:54 [INFO] garden_cron: Cronjob complete — 0 garden(s) processed.
2026-05-01 19:11:54 [INFO] apscheduler.executors.default: Job "Garden AI Processing (trigger: interval[0:00:10], next run at: 2026-05-01 13:42:04 UTC)" executed successfully
2026-05-01 19:12:04 [INFO] apscheduler.executors.default: Running job "Garden AI Processing (trigger: interval[0:00:10], next run at: 2026-05-01 13:42:14 UTC)" (scheduled at 2026-05-01 13:42:04.723931+00:00)
2026-05-01 19:12:04 [INFO] garden_cron: [2026-05-01 19:12:04] Cronjob triggered
2026-05-01 19:12:04 [INFO] services.garden_processor: No garden updates with status='Ready to Process' found.
2026-05-01 19:12:04 [INFO] garden_cron: Cronjob complete — 0 garden(s) processed.
2026-05-01 19:12:04 [INFO] apscheduler.executors.default: Job "Garden AI Processing (trigger: interval[0:00:10], next run at: 2026-05-01 13:42:14 UTC)" executed successfully
2026-05-01 19:12:14 [INFO] apscheduler.executors.default: Running job "Garden AI Processing (trigger: interval[0:00:10], next run at: 2026-05-01 13:42:24 UTC)" (scheduled at 2026-05-01 13:42:14.723931+00:00)
2026-05-01 19:12:14 [INFO] garden_cron: [2026-05-01 19:12:14] Cronjob triggered
2026-05-01 19:12:14 [INFO] services.garden_processor: No garden updates with status='Ready to Process' found.
2026-05-01 19:12:14 [INFO] garden_cron: Cronjob complete — 0 garden(s) processed.
2026-05-01 19:12:14 [INFO] apscheduler.executors.default: Job "Garden AI Processing (trigger: interval[0:00:10], next run at: 2026-05-01 13:42:24 UTC)" executed successfully
2026-05-01 19:12:24 [INFO] apscheduler.executors.default: Running job "Garden AI Processing (trigger: interval[0:00:10], next run at: 2026-05-01 13:42:34 UTC)" (scheduled at 2026-05-01 13:42:24.723931+00:00)
2026-05-01 19:12:24 [INFO] garden_cron: [2026-05-01 19:12:24] Cronjob triggered
2026-05-01 19:12:24 [INFO] services.garden_processor: No garden updates with status='Ready to Process' found.
2026-05-01 19:12:24 [INFO] garden_cron: Cronjob complete — 0 garden(s) processed.
2026-05-01 19:12:24 [INFO] apscheduler.executors.default: Job "Garden AI Processing (trigger: interval[0:00:10], next run at: 2026-05-01 13:42:34 UTC)" executed successfully
2026-05-01 19:12:34 [INFO] apscheduler.executors.default: Running job "Garden AI Processing (trigger: interval[0:00:10], next run at: 2026-05-01 13:42:44 UTC)" (scheduled at 2026-05-01 13:42:34.723931+00:00)
2026-05-01 19:12:34 [INFO] garden_cron: [2026-05-01 19:12:34] Cronjob triggered
2026-05-01 19:12:34 [INFO] services.garden_processor: No garden updates with status='Ready to Process' found.
2026-05-01 19:12:34 [INFO] garden_cron: Cronjob complete — 0 garden(s) processed.
2026-05-01 19:12:34 [INFO] apscheduler.executors.default: Job "Garden AI Processing (trigger: interval[0:00:10], next run at: 2026-05-01 13:42:44 UTC)" executed successfully
2026-05-01 19:12:44 [INFO] apscheduler.executors.default: Running job "Garden AI Processing (trigger: interval[0:00:10], next run at: 2026-05-01 13:42:54 UTC)" (scheduled at 2026-05-01 13:42:44.723931+00:00)
2026-05-01 19:12:44 [INFO] garden_cron: [2026-05-01 19:12:44] Cronjob triggered
2026-05-01 19:12:44 [INFO] services.garden_processor: No garden updates with status='Ready to Process' found.
2026-05-01 19:12:44 [INFO] garden_cron: Cronjob complete — 0 garden(s) processed.
2026-05-01 19:12:44 [INFO] apscheduler.executors.default: Job "Garden AI Processing (trigger: interval[0:00:10], next run at: 2026-05-01 13:42:54 UTC)" executed successfully
2026-05-01 19:12:54 [INFO] apscheduler.executors.default: Running job "Garden AI Processing (trigger: interval[0:00:10], next run at: 2026-05-01 13:43:04 UTC)" (scheduled at 2026-05-01 13:42:54.723931+00:00)
2026-05-01 19:12:54 [INFO] garden_cron: [2026-05-01 19:12:54] Cronjob triggered
2026-05-01 19:12:54 [INFO] services.garden_processor: No garden updates with status='Ready to Process' found.
2026-05-01 19:12:54 [INFO] garden_cron: Cronjob complete — 0 garden(s) processed.
2026-05-01 19:12:54 [INFO] apscheduler.executors.default: Job "Garden AI Processing (trigger: interval[0:00:10], next run at: 2026-05-01 13:43:04 UTC)" executed successfully
2026-05-01 19:13:04 [INFO] apscheduler.executors.default: Running job "Garden AI Processing (trigger: interval[0:00:10], next run at: 2026-05-01 13:43:14 UTC)" (scheduled at 2026-05-01 13:43:04.723931+00:00)
2026-05-01 19:13:04 [INFO] garden_cron: [2026-05-01 19:13:04] Cronjob triggered
2026-05-01 19:13:04 [INFO] services.garden_processor: No garden updates with status='Ready to Process' found.
2026-05-01 19:13:04 [INFO] garden_cron: Cronjob complete — 0 garden(s) processed.
2026-05-01 19:13:04 [INFO] apscheduler.executors.default: Job "Garden AI Processing (trigger: interval[0:00:10], next run at: 2026-05-01 13:43:14 UTC)" executed successfully
2026-05-01 19:13:14 [INFO] apscheduler.executors.default: Running job "Garden AI Processing (trigger: interval[0:00:10], next run at: 2026-05-01 13:43:24 UTC)" (scheduled at 2026-05-01 13:43:14.723931+00:00)
2026-05-01 19:13:14 [INFO] garden_cron: [2026-05-01 19:13:14] Cronjob triggered
2026-05-01 19:13:14 [INFO] services.garden_processor: No garden updates with status='Ready to Process' found.
2026-05-01 19:13:14 [INFO] garden_cron: Cronjob complete — 0 garden(s) processed.
2026-05-01 19:13:14 [INFO] apscheduler.executors.default: Job "Garden AI Processing (trigger: interval[0:00:10], next run at: 2026-05-01 13:43:24 UTC)" executed successfully
2026-05-01 19:13:24 [INFO] apscheduler.executors.default: Running job "Garden AI Processing (trigger: interval[0:00:10], next run at: 2026-05-01 13:43:34 UTC)" (scheduled at 2026-05-01 13:43:24.723931+00:00)
2026-05-01 19:13:24 [INFO] garden_cron: [2026-05-01 19:13:24] Cronjob triggered
2026-05-01 19:13:24 [INFO] services.garden_processor: No garden updates with status='Ready to Process' found.
2026-05-01 19:13:24 [INFO] garden_cron: Cronjob complete — 0 garden(s) processed.
2026-05-01 19:13:24 [INFO] apscheduler.executors.default: Job "Garden AI Processing (trigger: interval[0:00:10], next run at: 2026-05-01 13:43:34 UTC)" executed successfully
2026-05-01 19:13:34 [INFO] apscheduler.executors.default: Running job "Garden AI Processing (trigger: interval[0:00:10], next run at: 2026-05-01 13:43:44 UTC)" (scheduled at 2026-05-01 13:43:34.723931+00:00)
2026-05-01 19:13:34 [INFO] garden_cron: [2026-05-01 19:13:34] Cronjob triggered
2026-05-01 19:13:34 [INFO] services.garden_processor: No garden updates with status='Ready to Process' found.
2026-05-01 19:13:34 [INFO] garden_cron: Cronjob complete — 0 garden(s) processed.
2026-05-01 19:13:34 [INFO] apscheduler.executors.default: Job "Garden AI Processing (trigger: interval[0:00:10], next run at: 2026-05-01 13:43:44 UTC)" executed successfully
2026-05-01 19:13:44 [INFO] apscheduler.executors.default: Running job "Garden AI Processing (trigger: interval[0:00:10], next run at: 2026-05-01 13:43:54 UTC)" (scheduled at 2026-05-01 13:43:44.723931+00:00)
2026-05-01 19:13:44 [INFO] garden_cron: [2026-05-01 19:13:44] Cronjob triggered
2026-05-01 19:13:44 [INFO] services.garden_processor: No garden updates with status='Ready to Process' found.
2026-05-01 19:13:44 [INFO] garden_cron: Cronjob complete — 0 garden(s) processed.
2026-05-01 19:13:44 [INFO] apscheduler.executors.default: Job "Garden AI Processing (trigger: interval[0:00:10], next run at: 2026-05-01 13:43:54 UTC)" executed successfully
2026-05-01 19:13:54 [INFO] apscheduler.executors.default: Running job "Garden AI Processing (trigger: interval[0:00:10], next run at: 2026-05-01 13:44:04 UTC)" (scheduled at 2026-05-01 13:43:54.723931+00:00)
2026-05-01 19:13:54 [INFO] garden_cron: [2026-05-01 19:13:54] Cronjob triggered
2026-05-01 19:13:54 [INFO] services.garden_processor: No garden updates with status='Ready to Process' found.
2026-05-01 19:13:54 [INFO] garden_cron: Cronjob complete — 0 garden(s) processed.
2026-05-01 19:13:54 [INFO] apscheduler.executors.default: Job "Garden AI Processing (trigger: interval[0:00:10], next run at: 2026-05-01 13:44:04 UTC)" executed successfully
2026-05-01 19:14:04 [INFO] apscheduler.executors.default: Running job "Garden AI Processing (trigger: interval[0:00:10], next run at: 2026-05-01 13:44:14 UTC)" (scheduled at 2026-05-01 13:44:04.723931+00:00)
2026-05-01 19:14:04 [INFO] garden_cron: [2026-05-01 19:14:04] Cronjob triggered
2026-05-01 19:14:04 [INFO] services.garden_processor: No garden updates with status='Ready to Process' found.
2026-05-01 19:14:04 [INFO] garden_cron: Cronjob complete — 0 garden(s) processed.
2026-05-01 19:14:04 [INFO] apscheduler.executors.default: Job "Garden AI Processing (trigger: interval[0:00:10], next run at: 2026-05-01 13:44:14 UTC)" executed successfully
2026-05-01 19:14:14 [INFO] apscheduler.executors.default: Running job "Garden AI Processing (trigger: interval[0:00:10], next run at: 2026-05-01 13:44:24 UTC)" (scheduled at 2026-05-01 13:44:14.723931+00:00)
2026-05-01 19:14:14 [INFO] garden_cron: [2026-05-01 19:14:14] Cronjob triggered
2026-05-01 19:14:14 [INFO] services.garden_processor: No garden updates with status='Ready to Process' found.
2026-05-01 19:14:14 [INFO] garden_cron: Cronjob complete — 0 garden(s) processed.
2026-05-01 19:14:14 [INFO] apscheduler.executors.default: Job "Garden AI Processing (trigger: interval[0:00:10], next run at: 2026-05-01 13:44:24 UTC)" executed successfully
2026-05-01 19:14:24 [INFO] apscheduler.executors.default: Running job "Garden AI Processing (trigger: interval[0:00:10], next run at: 2026-05-01 13:44:34 UTC)" (scheduled at 2026-05-01 13:44:24.723931+00:00)
2026-05-01 19:14:24 [INFO] garden_cron: [2026-05-01 19:14:24] Cronjob triggered
2026-05-01 19:14:24 [INFO] services.garden_processor: No garden updates with status='Ready to Process' found.
2026-05-01 19:14:24 [INFO] garden_cron: Cronjob complete — 0 garden(s) processed.
2026-05-01 19:14:24 [INFO] apscheduler.executors.default: Job "Garden AI Processing (trigger: interval[0:00:10], next run at: 2026-05-01 13:44:34 UTC)" executed successfully
2026-05-01 19:14:34 [INFO] apscheduler.executors.default: Running job "Garden AI Processing (trigger: interval[0:00:10], next run at: 2026-05-01 13:44:44 UTC)" (scheduled at 2026-05-01 13:44:34.723931+00:00)
2026-05-01 19:14:34 [INFO] garden_cron: [2026-05-01 19:14:34] Cronjob triggered
2026-05-01 19:14:34 [INFO] services.garden_processor: No garden updates with status='Ready to Process' found.
2026-05-01 19:14:34 [INFO] garden_cron: Cronjob complete — 0 garden(s) processed.
2026-05-01 19:14:34 [INFO] apscheduler.executors.default: Job "Garden AI Processing (trigger: interval[0:00:10], next run at: 2026-05-01 13:44:44 UTC)" executed successfully
2026-05-01 19:14:44 [INFO] apscheduler.executors.default: Running job "Garden AI Processing (trigger: interval[0:00:10], next run at: 2026-05-01 13:44:54 UTC)" (scheduled at 2026-05-01 13:44:44.723931+00:00)
2026-05-01 19:14:44 [INFO] garden_cron: [2026-05-01 19:14:44] Cronjob triggered
2026-05-01 19:14:44 [INFO] services.garden_processor: No garden updates with status='Ready to Process' found.
2026-05-01 19:14:44 [INFO] garden_cron: Cronjob complete — 0 garden(s) processed.
2026-05-01 19:14:44 [INFO] apscheduler.executors.default: Job "Garden AI Processing (trigger: interval[0:00:10], next run at: 2026-05-01 13:44:54 UTC)" executed successfully
2026-05-01 19:14:54 [INFO] apscheduler.executors.default: Running job "Garden AI Processing (trigger: interval[0:00:10], next run at: 2026-05-01 13:45:04 UTC)" (scheduled at 2026-05-01 13:44:54.723931+00:00)
2026-05-01 19:14:54 [INFO] garden_cron: [2026-05-01 19:14:54] Cronjob triggered
2026-05-01 19:14:54 [INFO] services.garden_processor: No garden updates with status='Ready to Process' found.
2026-05-01 19:14:54 [INFO] garden_cron: Cronjob complete — 0 garden(s) processed.
2026-05-01 19:14:54 [INFO] apscheduler.executors.default: Job "Garden AI Processing (trigger: interval[0:00:10], next run at: 2026-05-01 13:45:04 UTC)" executed successfully
2026-05-01 19:15:04 [INFO] apscheduler.executors.default: Running job "Garden AI Processing (trigger: interval[0:00:10], next run at: 2026-05-01 13:45:14 UTC)" (scheduled at 2026-05-01 13:45:04.723931+00:00)
2026-05-01 19:15:04 [INFO] garden_cron: [2026-05-01 19:15:04] Cronjob triggered
2026-05-01 19:15:04 [INFO] services.garden_processor: No garden updates with status='Ready to Process' found.
2026-05-01 19:15:04 [INFO] garden_cron: Cronjob complete — 0 garden(s) processed.
2026-05-01 19:15:04 [INFO] apscheduler.executors.default: Job "Garden AI Processing (trigger: interval[0:00:10], next run at: 2026-05-01 13:45:14 UTC)" executed successfully
2026-05-01 19:15:14 [INFO] apscheduler.executors.default: Running job "Garden AI Processing (trigger: interval[0:00:10], next run at: 2026-05-01 13:45:24 UTC)" (scheduled at 2026-05-01 13:45:14.723931+00:00)
2026-05-01 19:15:14 [INFO] garden_cron: [2026-05-01 19:15:14] Cronjob triggered
2026-05-01 19:15:14 [INFO] services.garden_processor: No garden updates with status='Ready to Process' found.
2026-05-01 19:15:14 [INFO] garden_cron: Cronjob complete — 0 garden(s) processed.
2026-05-01 19:15:14 [INFO] apscheduler.executors.default: Job "Garden AI Processing (trigger: interval[0:00:10], next run at: 2026-05-01 13:45:24 UTC)" executed successfully
2026-05-01 19:15:24 [INFO] apscheduler.executors.default: Running job "Garden AI Processing (trigger: interval[0:00:10], next run at: 2026-05-01 13:45:34 UTC)" (scheduled at 2026-05-01 13:45:24.723931+00:00)
2026-05-01 19:15:24 [INFO] garden_cron: [2026-05-01 19:15:24] Cronjob triggered
2026-05-01 19:15:24 [INFO] services.garden_processor: No garden updates with status='Ready to Process' found.
2026-05-01 19:15:24 [INFO] garden_cron: Cronjob complete — 0 garden(s) processed.
2026-05-01 19:15:24 [INFO] apscheduler.executors.default: Job "Garden AI Processing (trigger: interval[0:00:10], next run at: 2026-05-01 13:45:34 UTC)" executed successfully
2026-05-01 19:15:34 [INFO] apscheduler.executors.default: Running job "Garden AI Processing (trigger: interval[0:00:10], next run at: 2026-05-01 13:45:44 UTC)" (scheduled at 2026-05-01 13:45:34.723931+00:00)
2026-05-01 19:15:34 [INFO] garden_cron: [2026-05-01 19:15:34] Cronjob triggered
2026-05-01 19:15:34 [INFO] services.garden_processor: No garden updates with status='Ready to Process' found.
2026-05-01 19:15:34 [INFO] garden_cron: Cronjob complete — 0 garden(s) processed.
2026-05-01 19:15:34 [INFO] apscheduler.executors.default: Job "Garden AI Processing (trigger: interval[0:00:10], next run at: 2026-05-01 13:45:44 UTC)" executed successfully
2026-05-01 19:15:44 [INFO] apscheduler.executors.default: Running job "Garden AI Processing (trigger: interval[0:00:10], next run at: 2026-05-01 13:45:54 UTC)" (scheduled at 2026-05-01 13:45:44.723931+00:00)
2026-05-01 19:15:44 [INFO] garden_cron: [2026-05-01 19:15:44] Cronjob triggered
2026-05-01 19:15:44 [INFO] services.garden_processor: No garden updates with status='Ready to Process' found.
2026-05-01 19:15:44 [INFO] garden_cron: Cronjob complete — 0 garden(s) processed.
2026-05-01 19:15:44 [INFO] apscheduler.executors.default: Job "Garden AI Processing (trigger: interval[0:00:10], next run at: 2026-05-01 13:45:54 UTC)" executed successfully
2026-05-01 19:15:54 [INFO] apscheduler.executors.default: Running job "Garden AI Processing (trigger: interval[0:00:10], next run at: 2026-05-01 13:46:04 UTC)" (scheduled at 2026-05-01 13:45:54.723931+00:00)
2026-05-01 19:15:54 [INFO] garden_cron: [2026-05-01 19:15:54] Cronjob triggered
2026-05-01 19:15:54 [INFO] services.garden_processor: No garden updates with status='Ready to Process' found.
2026-05-01 19:15:54 [INFO] garden_cron: Cronjob complete — 0 garden(s) processed.
2026-05-01 19:15:54 [INFO] apscheduler.executors.default: Job "Garden AI Processing (trigger: interval[0:00:10], next run at: 2026-05-01 13:46:04 UTC)" executed successfully
2026-05-01 19:16:04 [INFO] apscheduler.executors.default: Running job "Garden AI Processing (trigger: interval[0:00:10], next run at: 2026-05-01 13:46:14 UTC)" (scheduled at 2026-05-01 13:46:04.723931+00:00)
2026-05-01 19:16:04 [INFO] garden_cron: [2026-05-01 19:16:04] Cronjob triggered
2026-05-01 19:16:04 [INFO] services.garden_processor: No garden updates with status='Ready to Process' found.
2026-05-01 19:16:04 [INFO] garden_cron: Cronjob complete — 0 garden(s) processed.
2026-05-01 19:16:04 [INFO] apscheduler.executors.default: Job "Garden AI Processing (trigger: interval[0:00:10], next run at: 2026-05-01 13:46:14 UTC)" executed successfully
2026-05-01 19:16:14 [INFO] apscheduler.executors.default: Running job "Garden AI Processing (trigger: interval[0:00:10], next run at: 2026-05-01 13:46:24 UTC)" (scheduled at 2026-05-01 13:46:14.723931+00:00)
2026-05-01 19:16:14 [INFO] garden_cron: [2026-05-01 19:16:14] Cronjob triggered
2026-05-01 19:16:14 [INFO] services.garden_processor: No garden updates with status='Ready to Process' found.
2026-05-01 19:16:14 [INFO] garden_cron: Cronjob complete — 0 garden(s) processed.
2026-05-01 19:16:14 [INFO] apscheduler.executors.default: Job "Garden AI Processing (trigger: interval[0:00:10], next run at: 2026-05-01 13:46:24 UTC)" executed successfully
2026-05-01 19:16:24 [INFO] apscheduler.executors.default: Running job "Garden AI Processing (trigger: interval[0:00:10], next run at: 2026-05-01 13:46:34 UTC)" (scheduled at 2026-05-01 13:46:24.723931+00:00)
2026-05-01 19:16:24 [INFO] garden_cron: [2026-05-01 19:16:24] Cronjob triggered
2026-05-01 19:16:24 [INFO] services.garden_processor: No garden updates with status='Ready to Process' found.
2026-05-01 19:16:24 [INFO] garden_cron: Cronjob complete — 0 garden(s) processed.
2026-05-01 19:16:24 [INFO] apscheduler.executors.default: Job "Garden AI Processing (trigger: interval[0:00:10], next run at: 2026-05-01 13:46:34 UTC)" executed successfully
2026-05-01 19:16:34 [INFO] apscheduler.executors.default: Running job "Garden AI Processing (trigger: interval[0:00:10], next run at: 2026-05-01 13:46:44 UTC)" (scheduled at 2026-05-01 13:46:34.723931+00:00)
2026-05-01 19:16:34 [INFO] garden_cron: [2026-05-01 19:16:34] Cronjob triggered
2026-05-01 19:16:34 [INFO] services.garden_processor: No garden updates with status='Ready to Process' found.
2026-05-01 19:16:34 [INFO] garden_cron: Cronjob complete — 0 garden(s) processed.
2026-05-01 19:16:34 [INFO] apscheduler.executors.default: Job "Garden AI Processing (trigger: interval[0:00:10], next run at: 2026-05-01 13:46:44 UTC)" executed successfully
2026-05-01 19:16:44 [INFO] apscheduler.executors.default: Running job "Garden AI Processing (trigger: interval[0:00:10], next run at: 2026-05-01 13:46:54 UTC)" (scheduled at 2026-05-01 13:46:44.723931+00:00)
2026-05-01 19:16:44 [INFO] garden_cron: [2026-05-01 19:16:44] Cronjob triggered
2026-05-01 19:16:44 [INFO] services.garden_processor: No garden updates with status='Ready to Process' found.
2026-05-01 19:16:44 [INFO] garden_cron: Cronjob complete — 0 garden(s) processed.
2026-05-01 19:16:44 [INFO] apscheduler.executors.default: Job "Garden AI Processing (trigger: interval[0:00:10], next run at: 2026-05-01 13:46:54 UTC)" executed successfully
2026-05-01 19:16:54 [INFO] apscheduler.executors.default: Running job "Garden AI Processing (trigger: interval[0:00:10], next run at: 2026-05-01 13:47:04 UTC)" (scheduled at 2026-05-01 13:46:54.723931+00:00)
2026-05-01 19:16:54 [INFO] garden_cron: [2026-05-01 19:16:54] Cronjob triggered
2026-05-01 19:16:54 [INFO] services.garden_processor: No garden updates with status='Ready to Process' found.
2026-05-01 19:16:54 [INFO] garden_cron: Cronjob complete — 0 garden(s) processed.
2026-05-01 19:16:54 [INFO] apscheduler.executors.default: Job "Garden AI Processing (trigger: interval[0:00:10], next run at: 2026-05-01 13:47:04 UTC)" executed successfully
2026-05-01 19:17:04 [INFO] apscheduler.executors.default: Running job "Garden AI Processing (trigger: interval[0:00:10], next run at: 2026-05-01 13:47:14 UTC)" (scheduled at 2026-05-01 13:47:04.723931+00:00)
2026-05-01 19:17:04 [INFO] garden_cron: [2026-05-01 19:17:04] Cronjob triggered
2026-05-01 19:17:04 [INFO] services.garden_processor: No garden updates with status='Ready to Process' found.
2026-05-01 19:17:04 [INFO] garden_cron: Cronjob complete — 0 garden(s) processed.
2026-05-01 19:17:04 [INFO] apscheduler.executors.default: Job "Garden AI Processing (trigger: interval[0:00:10], next run at: 2026-05-01 13:47:14 UTC)" executed successfully
2026-05-01 19:17:14 [INFO] apscheduler.executors.default: Running job "Garden AI Processing (trigger: interval[0:00:10], next run at: 2026-05-01 13:47:24 UTC)" (scheduled at 2026-05-01 13:47:14.723931+00:00)
2026-05-01 19:17:14 [INFO] garden_cron: [2026-05-01 19:17:14] Cronjob triggered
2026-05-01 19:17:14 [INFO] services.garden_processor: No garden updates with status='Ready to Process' found.
2026-05-01 19:17:14 [INFO] garden_cron: Cronjob complete — 0 garden(s) processed.
2026-05-01 19:17:14 [INFO] apscheduler.executors.default: Job "Garden AI Processing (trigger: interval[0:00:10], next run at: 2026-05-01 13:47:24 UTC)" executed successfully
2026-05-01 19:17:24 [INFO] apscheduler.executors.default: Running job "Garden AI Processing (trigger: interval[0:00:10], next run at: 2026-05-01 13:47:34 UTC)" (scheduled at 2026-05-01 13:47:24.723931+00:00)
2026-05-01 19:17:24 [INFO] garden_cron: [2026-05-01 19:17:24] Cronjob triggered
2026-05-01 19:17:24 [INFO] services.garden_processor: No garden updates with status='Ready to Process' found.
2026-05-01 19:17:24 [INFO] garden_cron: Cronjob complete — 0 garden(s) processed.
2026-05-01 19:17:24 [INFO] apscheduler.executors.default: Job "Garden AI Processing (trigger: interval[0:00:10], next run at: 2026-05-01 13:47:34 UTC)" executed successfully
2026-05-01 19:17:34 [INFO] apscheduler.executors.default: Running job "Garden AI Processing (trigger: interval[0:00:10], next run at: 2026-05-01 13:47:44 UTC)" (scheduled at 2026-05-01 13:47:34.723931+00:00)
2026-05-01 19:17:34 [INFO] garden_cron: [2026-05-01 19:17:34] Cronjob triggered
2026-05-01 19:17:34 [INFO] services.garden_processor: No garden updates with status='Ready to Process' found.
2026-05-01 19:17:34 [INFO] garden_cron: Cronjob complete — 0 garden(s) processed.
2026-05-01 19:17:34 [INFO] apscheduler.executors.default: Job "Garden AI Processing (trigger: interval[0:00:10], next run at: 2026-05-01 13:47:44 UTC)" executed successfully
2026-05-01 19:17:44 [INFO] apscheduler.executors.default: Running job "Garden AI Processing (trigger: interval[0:00:10], next run at: 2026-05-01 13:47:54 UTC)" (scheduled at 2026-05-01 13:47:44.723931+00:00)
2026-05-01 19:17:44 [INFO] garden_cron: [2026-05-01 19:17:44] Cronjob triggered
2026-05-01 19:17:44 [INFO] services.garden_processor: No garden updates with status='Ready to Process' found.
2026-05-01 19:17:44 [INFO] garden_cron: Cronjob complete — 0 garden(s) processed.
2026-05-01 19:17:44 [INFO] apscheduler.executors.default: Job "Garden AI Processing (trigger: interval[0:00:10], next run at: 2026-05-01 13:47:54 UTC)" executed successfully
2026-05-01 19:17:54 [INFO] apscheduler.executors.default: Running job "Garden AI Processing (trigger: interval[0:00:10], next run at: 2026-05-01 13:48:04 UTC)" (scheduled at 2026-05-01 13:47:54.723931+00:00)
2026-05-01 19:17:54 [INFO] garden_cron: [2026-05-01 19:17:54] Cronjob triggered
2026-05-01 19:17:54 [INFO] services.garden_processor: No garden updates with status='Ready to Process' found.
2026-05-01 19:17:54 [INFO] garden_cron: Cronjob complete — 0 garden(s) processed.
2026-05-01 19:17:54 [INFO] apscheduler.executors.default: Job "Garden AI Processing (trigger: interval[0:00:10], next run at: 2026-05-01 13:48:04 UTC)" executed successfully
2026-05-01 19:18:04 [INFO] apscheduler.executors.default: Running job "Garden AI Processing (trigger: interval[0:00:10], next run at: 2026-05-01 13:48:14 UTC)" (scheduled at 2026-05-01 13:48:04.723931+00:00)
2026-05-01 19:18:04 [INFO] garden_cron: [2026-05-01 19:18:04] Cronjob triggered
2026-05-01 19:18:04 [INFO] services.garden_processor: No garden updates with status='Ready to Process' found.
2026-05-01 19:18:04 [INFO] garden_cron: Cronjob complete — 0 garden(s) processed.
2026-05-01 19:18:04 [INFO] apscheduler.executors.default: Job "Garden AI Processing (trigger: interval[0:00:10], next run at: 2026-05-01 13:48:14 UTC)" executed successfully
2026-05-01 19:18:14 [INFO] apscheduler.executors.default: Running job "Garden AI Processing (trigger: interval[0:00:10], next run at: 2026-05-01 13:48:24 UTC)" (scheduled at 2026-05-01 13:48:14.723931+00:00)
2026-05-01 19:18:14 [INFO] garden_cron: [2026-05-01 19:18:14] Cronjob triggered
2026-05-01 19:18:14 [INFO] services.garden_processor: No garden updates with status='Ready to Process' found.
2026-05-01 19:18:14 [INFO] garden_cron: Cronjob complete — 0 garden(s) processed.
2026-05-01 19:18:14 [INFO] apscheduler.executors.default: Job "Garden AI Processing (trigger: interval[0:00:10], next run at: 2026-05-01 13:48:24 UTC)" executed successfully
2026-05-01 19:18:24 [INFO] apscheduler.executors.default: Running job "Garden AI Processing (trigger: interval[0:00:10], next run at: 2026-05-01 13:48:34 UTC)" (scheduled at 2026-05-01 13:48:24.723931+00:00)
2026-05-01 19:18:24 [INFO] garden_cron: [2026-05-01 19:18:24] Cronjob triggered
2026-05-01 19:18:24 [INFO] services.garden_processor: No garden updates with status='Ready to Process' found.
2026-05-01 19:18:24 [INFO] garden_cron: Cronjob complete — 0 garden(s) processed.
2026-05-01 19:18:24 [INFO] apscheduler.executors.default: Job "Garden AI Processing (trigger: interval[0:00:10], next run at: 2026-05-01 13:48:34 UTC)" executed successfully
2026-05-01 19:18:34 [INFO] apscheduler.executors.default: Running job "Garden AI Processing (trigger: interval[0:00:10], next run at: 2026-05-01 13:48:44 UTC)" (scheduled at 2026-05-01 13:48:34.723931+00:00)
2026-05-01 19:18:34 [INFO] garden_cron: [2026-05-01 19:18:34] Cronjob triggered
2026-05-01 19:18:34 [INFO] services.garden_processor: No garden updates with status='Ready to Process' found.
2026-05-01 19:18:34 [INFO] garden_cron: Cronjob complete — 0 garden(s) processed.
2026-05-01 19:18:34 [INFO] apscheduler.executors.default: Job "Garden AI Processing (trigger: interval[0:00:10], next run at: 2026-05-01 13:48:44 UTC)" executed successfully
2026-05-01 19:18:44 [INFO] apscheduler.executors.default: Running job "Garden AI Processing (trigger: interval[0:00:10], next run at: 2026-05-01 13:48:54 UTC)" (scheduled at 2026-05-01 13:48:44.723931+00:00)
2026-05-01 19:18:44 [INFO] garden_cron: [2026-05-01 19:18:44] Cronjob triggered
2026-05-01 19:18:44 [INFO] services.garden_processor: No garden updates with status='Ready to Process' found.
2026-05-01 19:18:44 [INFO] garden_cron: Cronjob complete — 0 garden(s) processed.
2026-05-01 19:18:44 [INFO] apscheduler.executors.default: Job "Garden AI Processing (trigger: interval[0:00:10], next run at: 2026-05-01 13:48:54 UTC)" executed successfully
2026-05-01 19:18:54 [INFO] apscheduler.executors.default: Running job "Garden AI Processing (trigger: interval[0:00:10], next run at: 2026-05-01 13:49:04 UTC)" (scheduled at 2026-05-01 13:48:54.723931+00:00)
2026-05-01 19:18:54 [INFO] garden_cron: [2026-05-01 19:18:54] Cronjob triggered
2026-05-01 19:18:54 [INFO] services.garden_processor: No garden updates with status='Ready to Process' found.
2026-05-01 19:18:54 [INFO] garden_cron: Cronjob complete — 0 garden(s) processed.
2026-05-01 19:18:54 [INFO] apscheduler.executors.default: Job "Garden AI Processing (trigger: interval[0:00:10], next run at: 2026-05-01 13:49:04 UTC)" executed successfully
2026-05-01 19:19:04 [INFO] apscheduler.executors.default: Running job "Garden AI Processing (trigger: interval[0:00:10], next run at: 2026-05-01 13:49:14 UTC)" (scheduled at 2026-05-01 13:49:04.723931+00:00)
2026-05-01 19:19:04 [INFO] garden_cron: [2026-05-01 19:19:04] Cronjob triggered
2026-05-01 19:19:04 [INFO] services.garden_processor: No garden updates with status='Ready to Process' found.
2026-05-01 19:19:04 [INFO] garden_cron: Cronjob complete — 0 garden(s) processed.
2026-05-01 19:19:04 [INFO] apscheduler.executors.default: Job "Garden AI Processing (trigger: interval[0:00:10], next run at: 2026-05-01 13:49:14 UTC)" executed successfully
2026-05-01 19:19:14 [INFO] apscheduler.executors.default: Running job "Garden AI Processing (trigger: interval[0:00:10], next run at: 2026-05-01 13:49:24 UTC)" (scheduled at 2026-05-01 13:49:14.723931+00:00)
2026-05-01 19:19:14 [INFO] garden_cron: [2026-05-01 19:19:14] Cronjob triggered
2026-05-01 19:19:14 [INFO] services.garden_processor: No garden updates with status='Ready to Process' found.
2026-05-01 19:19:14 [INFO] garden_cron: Cronjob complete — 0 garden(s) processed.
2026-05-01 19:19:14 [INFO] apscheduler.executors.default: Job "Garden AI Processing (trigger: interval[0:00:10], next run at: 2026-05-01 13:49:24 UTC)" executed successfully
2026-05-01 19:19:24 [INFO] apscheduler.executors.default: Running job "Garden AI Processing (trigger: interval[0:00:10], next run at: 2026-05-01 13:49:34 UTC)" (scheduled at 2026-05-01 13:49:24.723931+00:00)
2026-05-01 19:19:24 [INFO] garden_cron: [2026-05-01 19:19:24] Cronjob triggered
2026-05-01 19:19:24 [INFO] services.garden_processor: No garden updates with status='Ready to Process' found.
2026-05-01 19:19:24 [INFO] garden_cron: Cronjob complete — 0 garden(s) processed.
2026-05-01 19:19:24 [INFO] apscheduler.executors.default: Job "Garden AI Processing (trigger: interval[0:00:10], next run at: 2026-05-01 13:49:34 UTC)" executed successfully
2026-05-01 19:19:34 [INFO] apscheduler.executors.default: Running job "Garden AI Processing (trigger: interval[0:00:10], next run at: 2026-05-01 13:49:44 UTC)" (scheduled at 2026-05-01 13:49:34.723931+00:00)
2026-05-01 19:19:34 [INFO] garden_cron: [2026-05-01 19:19:34] Cronjob triggered
2026-05-01 19:19:34 [INFO] services.garden_processor: No garden updates with status='Ready to Process' found.
2026-05-01 19:19:34 [INFO] garden_cron: Cronjob complete — 0 garden(s) processed.
2026-05-01 19:19:34 [INFO] apscheduler.executors.default: Job "Garden AI Processing (trigger: interval[0:00:10], next run at: 2026-05-01 13:49:44 UTC)" executed successfully
2026-05-01 19:19:44 [INFO] apscheduler.executors.default: Running job "Garden AI Processing (trigger: interval[0:00:10], next run at: 2026-05-01 13:49:54 UTC)" (scheduled at 2026-05-01 13:49:44.723931+00:00)
2026-05-01 19:19:44 [INFO] garden_cron: [2026-05-01 19:19:44] Cronjob triggered
2026-05-01 19:19:44 [INFO] services.garden_processor: No garden updates with status='Ready to Process' found.
2026-05-01 19:19:44 [INFO] garden_cron: Cronjob complete — 0 garden(s) processed.
2026-05-01 19:19:44 [INFO] apscheduler.executors.default: Job "Garden AI Processing (trigger: interval[0:00:10], next run at: 2026-05-01 13:49:54 UTC)" executed successfully
2026-05-01 19:19:54 [INFO] apscheduler.executors.default: Running job "Garden AI Processing (trigger: interval[0:00:10], next run at: 2026-05-01 13:50:04 UTC)" (scheduled at 2026-05-01 13:49:54.723931+00:00)
2026-05-01 19:19:54 [INFO] garden_cron: [2026-05-01 19:19:54] Cronjob triggered
2026-05-01 19:19:54 [INFO] services.garden_processor: No garden updates with status='Ready to Process' found.
2026-05-01 19:19:54 [INFO] garden_cron: Cronjob complete — 0 garden(s) processed.
2026-05-01 19:19:54 [INFO] apscheduler.executors.default: Job "Garden AI Processing (trigger: interval[0:00:10], next run at: 2026-05-01 13:50:04 UTC)" executed successfully
2026-05-01 19:20:04 [INFO] apscheduler.executors.default: Running job "Garden AI Processing (trigger: interval[0:00:10], next run at: 2026-05-01 13:50:14 UTC)" (scheduled at 2026-05-01 13:50:04.723931+00:00)
2026-05-01 19:20:04 [INFO] garden_cron: [2026-05-01 19:20:04] Cronjob triggered
2026-05-01 19:20:04 [INFO] services.garden_processor: No garden updates with status='Ready to Process' found.
2026-05-01 19:20:04 [INFO] garden_cron: Cronjob complete — 0 garden(s) processed.
2026-05-01 19:20:04 [INFO] apscheduler.executors.default: Job "Garden AI Processing (trigger: interval[0:00:10], next run at: 2026-05-01 13:50:14 UTC)" executed successfully
2026-05-01 19:20:14 [INFO] apscheduler.executors.default: Running job "Garden AI Processing (trigger: interval[0:00:10], next run at: 2026-05-01 13:50:24 UTC)" (scheduled at 2026-05-01 13:50:14.723931+00:00)
2026-05-01 19:20:14 [INFO] garden_cron: [2026-05-01 19:20:14] Cronjob triggered
2026-05-01 19:20:14 [INFO] services.garden_processor: No garden updates with status='Ready to Process' found.
2026-05-01 19:20:14 [INFO] garden_cron: Cronjob complete — 0 garden(s) processed.
2026-05-01 19:20:14 [INFO] apscheduler.executors.default: Job "Garden AI Processing (trigger: interval[0:00:10], next run at: 2026-05-01 13:50:24 UTC)" executed successfully
2026-05-01 19:20:24 [INFO] apscheduler.executors.default: Running job "Garden AI Processing (trigger: interval[0:00:10], next run at: 2026-05-01 13:50:34 UTC)" (scheduled at 2026-05-01 13:50:24.723931+00:00)
2026-05-01 19:20:24 [INFO] garden_cron: [2026-05-01 19:20:24] Cronjob triggered
2026-05-01 19:20:24 [INFO] services.garden_processor: No garden updates with status='Ready to Process' found.
2026-05-01 19:20:24 [INFO] garden_cron: Cronjob complete — 0 garden(s) processed.
2026-05-01 19:20:24 [INFO] apscheduler.executors.default: Job "Garden AI Processing (trigger: interval[0:00:10], next run at: 2026-05-01 13:50:34 UTC)" executed successfully
2026-05-01 19:20:34 [INFO] apscheduler.executors.default: Running job "Garden AI Processing (trigger: interval[0:00:10], next run at: 2026-05-01 13:50:44 UTC)" (scheduled at 2026-05-01 13:50:34.723931+00:00)
2026-05-01 19:20:34 [INFO] garden_cron: [2026-05-01 19:20:34] Cronjob triggered
2026-05-01 19:20:34 [INFO] services.garden_processor: No garden updates with status='Ready to Process' found.
2026-05-01 19:20:34 [INFO] garden_cron: Cronjob complete — 0 garden(s) processed.
2026-05-01 19:20:34 [INFO] apscheduler.executors.default: Job "Garden AI Processing (trigger: interval[0:00:10], next run at: 2026-05-01 13:50:44 UTC)" executed successfully
2026-05-01 19:20:44 [INFO] apscheduler.executors.default: Running job "Garden AI Processing (trigger: interval[0:00:10], next run at: 2026-05-01 13:50:54 UTC)" (scheduled at 2026-05-01 13:50:44.723931+00:00)
2026-05-01 19:20:44 [INFO] garden_cron: [2026-05-01 19:20:44] Cronjob triggered
2026-05-01 19:20:44 [INFO] services.garden_processor: No garden updates with status='Ready to Process' found.
2026-05-01 19:20:44 [INFO] garden_cron: Cronjob complete — 0 garden(s) processed.
2026-05-01 19:20:44 [INFO] apscheduler.executors.default: Job "Garden AI Processing (trigger: interval[0:00:10], next run at: 2026-05-01 13:50:54 UTC)" executed successfully
2026-05-01 19:20:54 [INFO] apscheduler.executors.default: Running job "Garden AI Processing (trigger: interval[0:00:10], next run at: 2026-05-01 13:51:04 UTC)" (scheduled at 2026-05-01 13:50:54.723931+00:00)
2026-05-01 19:20:54 [INFO] garden_cron: [2026-05-01 19:20:54] Cronjob triggered
2026-05-01 19:20:54 [INFO] services.garden_processor: No garden updates with status='Ready to Process' found.
2026-05-01 19:20:54 [INFO] garden_cron: Cronjob complete — 0 garden(s) processed.
2026-05-01 19:20:54 [INFO] apscheduler.executors.default: Job "Garden AI Processing (trigger: interval[0:00:10], next run at: 2026-05-01 13:51:04 UTC)" executed successfully
2026-05-01 19:21:04 [INFO] apscheduler.executors.default: Running job "Garden AI Processing (trigger: interval[0:00:10], next run at: 2026-05-01 13:51:14 UTC)" (scheduled at 2026-05-01 13:51:04.723931+00:00)
2026-05-01 19:21:04 [INFO] garden_cron: [2026-05-01 19:21:04] Cronjob triggered
2026-05-01 19:21:04 [INFO] services.garden_processor: No garden updates with status='Ready to Process' found.
2026-05-01 19:21:04 [INFO] garden_cron: Cronjob complete — 0 garden(s) processed.
2026-05-01 19:21:04 [INFO] apscheduler.executors.default: Job "Garden AI Processing (trigger: interval[0:00:10], next run at: 2026-05-01 13:51:14 UTC)" executed successfully
2026-05-01 19:21:14 [INFO] apscheduler.executors.default: Running job "Garden AI Processing (trigger: interval[0:00:10], next run at: 2026-05-01 13:51:24 UTC)" (scheduled at 2026-05-01 13:51:14.723931+00:00)
2026-05-01 19:21:14 [INFO] garden_cron: [2026-05-01 19:21:14] Cronjob triggered
2026-05-01 19:21:14 [INFO] services.garden_processor: No garden updates with status='Ready to Process' found.
2026-05-01 19:21:14 [INFO] garden_cron: Cronjob complete — 0 garden(s) processed.
2026-05-01 19:21:14 [INFO] apscheduler.executors.default: Job "Garden AI Processing (trigger: interval[0:00:10], next run at: 2026-05-01 13:51:24 UTC)" executed successfully
2026-05-01 19:21:24 [INFO] apscheduler.executors.default: Running job "Garden AI Processing (trigger: interval[0:00:10], next run at: 2026-05-01 13:51:34 UTC)" (scheduled at 2026-05-01 13:51:24.723931+00:00)
2026-05-01 19:21:24 [INFO] garden_cron: [2026-05-01 19:21:24] Cronjob triggered
2026-05-01 19:21:24 [INFO] services.garden_processor: No garden updates with status='Ready to Process' found.
2026-05-01 19:21:24 [INFO] garden_cron: Cronjob complete — 0 garden(s) processed.
2026-05-01 19:21:24 [INFO] apscheduler.executors.default: Job "Garden AI Processing (trigger: interval[0:00:10], next run at: 2026-05-01 13:51:34 UTC)" executed successfully
2026-05-01 19:21:34 [INFO] apscheduler.executors.default: Running job "Garden AI Processing (trigger: interval[0:00:10], next run at: 2026-05-01 13:51:44 UTC)" (scheduled at 2026-05-01 13:51:34.723931+00:00)
2026-05-01 19:21:34 [INFO] garden_cron: [2026-05-01 19:21:34] Cronjob triggered
2026-05-01 19:21:34 [INFO] services.garden_processor: No garden updates with status='Ready to Process' found.
2026-05-01 19:21:34 [INFO] garden_cron: Cronjob complete — 0 garden(s) processed.
2026-05-01 19:21:34 [INFO] apscheduler.executors.default: Job "Garden AI Processing (trigger: interval[0:00:10], next run at: 2026-05-01 13:51:44 UTC)" executed successfully
2026-05-01 19:21:44 [INFO] apscheduler.executors.default: Running job "Garden AI Processing (trigger: interval[0:00:10], next run at: 2026-05-01 13:51:54 UTC)" (scheduled at 2026-05-01 13:51:44.723931+00:00)
2026-05-01 19:21:44 [INFO] garden_cron: [2026-05-01 19:21:44] Cronjob triggered
2026-05-01 19:21:44 [INFO] services.garden_processor: No garden updates with status='Ready to Process' found.
2026-05-01 19:21:44 [INFO] garden_cron: Cronjob complete — 0 garden(s) processed.
2026-05-01 19:21:44 [INFO] apscheduler.executors.default: Job "Garden AI Processing (trigger: interval[0:00:10], next run at: 2026-05-01 13:51:54 UTC)" executed successfully
2026-05-01 19:21:54 [INFO] apscheduler.executors.default: Running job "Garden AI Processing (trigger: interval[0:00:10], next run at: 2026-05-01 13:52:04 UTC)" (scheduled at 2026-05-01 13:51:54.723931+00:00)
2026-05-01 19:21:54 [INFO] garden_cron: [2026-05-01 19:21:54] Cronjob triggered
2026-05-01 19:21:54 [INFO] services.garden_processor: No garden updates with status='Ready to Process' found.
2026-05-01 19:21:54 [INFO] garden_cron: Cronjob complete — 0 garden(s) processed.
2026-05-01 19:21:54 [INFO] apscheduler.executors.default: Job "Garden AI Processing (trigger: interval[0:00:10], next run at: 2026-05-01 13:52:04 UTC)" executed successfully
2026-05-01 19:22:04 [INFO] apscheduler.executors.default: Running job "Garden AI Processing (trigger: interval[0:00:10], next run at: 2026-05-01 13:52:14 UTC)" (scheduled at 2026-05-01 13:52:04.723931+00:00)
2026-05-01 19:22:04 [INFO] garden_cron: [2026-05-01 19:22:04] Cronjob triggered
2026-05-01 19:22:04 [INFO] services.garden_processor: No garden updates with status='Ready to Process' found.
2026-05-01 19:22:04 [INFO] garden_cron: Cronjob complete — 0 garden(s) processed.
2026-05-01 19:22:04 [INFO] apscheduler.executors.default: Job "Garden AI Processing (trigger: interval[0:00:10], next run at: 2026-05-01 13:52:14 UTC)" executed successfully
2026-05-01 19:22:14 [INFO] apscheduler.executors.default: Running job "Garden AI Processing (trigger: interval[0:00:10], next run at: 2026-05-01 13:52:24 UTC)" (scheduled at 2026-05-01 13:52:14.723931+00:00)
2026-05-01 19:22:14 [INFO] garden_cron: [2026-05-01 19:22:14] Cronjob triggered
2026-05-01 19:22:14 [INFO] services.garden_processor: No garden updates with status='Ready to Process' found.
2026-05-01 19:22:14 [INFO] garden_cron: Cronjob complete — 0 garden(s) processed.
2026-05-01 19:22:14 [INFO] apscheduler.executors.default: Job "Garden AI Processing (trigger: interval[0:00:10], next run at: 2026-05-01 13:52:24 UTC)" executed successfully
2026-05-01 19:22:24 [INFO] apscheduler.executors.default: Running job "Garden AI Processing (trigger: interval[0:00:10], next run at: 2026-05-01 13:52:34 UTC)" (scheduled at 2026-05-01 13:52:24.723931+00:00)
2026-05-01 19:22:24 [INFO] garden_cron: [2026-05-01 19:22:24] Cronjob triggered
2026-05-01 19:22:24 [INFO] services.garden_processor: No garden updates with status='Ready to Process' found.
2026-05-01 19:22:24 [INFO] garden_cron: Cronjob complete — 0 garden(s) processed.
2026-05-01 19:22:24 [INFO] apscheduler.executors.default: Job "Garden AI Processing (trigger: interval[0:00:10], next run at: 2026-05-01 13:52:34 UTC)" executed successfully
2026-05-01 19:22:34 [INFO] apscheduler.executors.default: Running job "Garden AI Processing (trigger: interval[0:00:10], next run at: 2026-05-01 13:52:44 UTC)" (scheduled at 2026-05-01 13:52:34.723931+00:00)
2026-05-01 19:22:34 [INFO] garden_cron: [2026-05-01 19:22:34] Cronjob triggered
2026-05-01 19:22:34 [INFO] services.garden_processor: No garden updates with status='Ready to Process' found.
2026-05-01 19:22:34 [INFO] garden_cron: Cronjob complete — 0 garden(s) processed.
2026-05-01 19:22:34 [INFO] apscheduler.executors.default: Job "Garden AI Processing (trigger: interval[0:00:10], next run at: 2026-05-01 13:52:44 UTC)" executed successfully
2026-05-01 19:22:44 [INFO] apscheduler.executors.default: Running job "Garden AI Processing (trigger: interval[0:00:10], next run at: 2026-05-01 13:52:54 UTC)" (scheduled at 2026-05-01 13:52:44.723931+00:00)
2026-05-01 19:22:44 [INFO] garden_cron: [2026-05-01 19:22:44] Cronjob triggered
2026-05-01 19:22:44 [INFO] services.garden_processor: No garden updates with status='Ready to Process' found.
2026-05-01 19:22:44 [INFO] garden_cron: Cronjob complete — 0 garden(s) processed.
2026-05-01 19:22:44 [INFO] apscheduler.executors.default: Job "Garden AI Processing (trigger: interval[0:00:10], next run at: 2026-05-01 13:52:54 UTC)" executed successfully
2026-05-01 19:22:54 [INFO] apscheduler.executors.default: Running job "Garden AI Processing (trigger: interval[0:00:10], next run at: 2026-05-01 13:53:04 UTC)" (scheduled at 2026-05-01 13:52:54.723931+00:00)
2026-05-01 19:22:54 [INFO] garden_cron: [2026-05-01 19:22:54] Cronjob triggered
2026-05-01 19:22:54 [INFO] services.garden_processor: No garden updates with status='Ready to Process' found.
2026-05-01 19:22:54 [INFO] garden_cron: Cronjob complete — 0 garden(s) processed.
2026-05-01 19:22:54 [INFO] apscheduler.executors.default: Job "Garden AI Processing (trigger: interval[0:00:10], next run at: 2026-05-01 13:53:04 UTC)" executed successfully
2026-05-01 19:23:04 [INFO] apscheduler.executors.default: Running job "Garden AI Processing (trigger: interval[0:00:10], next run at: 2026-05-01 13:53:14 UTC)" (scheduled at 2026-05-01 13:53:04.723931+00:00)
2026-05-01 19:23:04 [INFO] garden_cron: [2026-05-01 19:23:04] Cronjob triggered
2026-05-01 19:23:04 [INFO] services.garden_processor: No garden updates with status='Ready to Process' found.
2026-05-01 19:23:04 [INFO] garden_cron: Cronjob complete — 0 garden(s) processed.
2026-05-01 19:23:04 [INFO] apscheduler.executors.default: Job "Garden AI Processing (trigger: interval[0:00:10], next run at: 2026-05-01 13:53:14 UTC)" executed successfully
2026-05-01 19:23:14 [INFO] apscheduler.executors.default: Running job "Garden AI Processing (trigger: interval[0:00:10], next run at: 2026-05-01 13:53:24 UTC)" (scheduled at 2026-05-01 13:53:14.723931+00:00)
2026-05-01 19:23:14 [INFO] garden_cron: [2026-05-01 19:23:14] Cronjob triggered
2026-05-01 19:23:14 [INFO] services.garden_processor: No garden updates with status='Ready to Process' found.
2026-05-01 19:23:14 [INFO] garden_cron: Cronjob complete — 0 garden(s) processed.
2026-05-01 19:23:14 [INFO] apscheduler.executors.default: Job "Garden AI Processing (trigger: interval[0:00:10], next run at: 2026-05-01 13:53:24 UTC)" executed successfully
2026-05-01 19:23:24 [INFO] apscheduler.executors.default: Running job "Garden AI Processing (trigger: interval[0:00:10], next run at: 2026-05-01 13:53:34 UTC)" (scheduled at 2026-05-01 13:53:24.723931+00:00)
2026-05-01 19:23:24 [INFO] garden_cron: [2026-05-01 19:23:24] Cronjob triggered
2026-05-01 19:23:24 [INFO] services.garden_processor: No garden updates with status='Ready to Process' found.
2026-05-01 19:23:24 [INFO] garden_cron: Cronjob complete — 0 garden(s) processed.
2026-05-01 19:23:24 [INFO] apscheduler.executors.default: Job "Garden AI Processing (trigger: interval[0:00:10], next run at: 2026-05-01 13:53:34 UTC)" executed successfully
2026-05-01 19:23:34 [INFO] apscheduler.executors.default: Running job "Garden AI Processing (trigger: interval[0:00:10], next run at: 2026-05-01 13:53:44 UTC)" (scheduled at 2026-05-01 13:53:34.723931+00:00)
2026-05-01 19:23:34 [INFO] garden_cron: [2026-05-01 19:23:34] Cronjob triggered
2026-05-01 19:23:34 [INFO] services.garden_processor: No garden updates with status='Ready to Process' found.
2026-05-01 19:23:34 [INFO] garden_cron: Cronjob complete — 0 garden(s) processed.
2026-05-01 19:23:34 [INFO] apscheduler.executors.default: Job "Garden AI Processing (trigger: interval[0:00:10], next run at: 2026-05-01 13:53:44 UTC)" executed successfully
2026-05-01 19:23:44 [INFO] apscheduler.executors.default: Running job "Garden AI Processing (trigger: interval[0:00:10], next run at: 2026-05-01 13:53:54 UTC)" (scheduled at 2026-05-01 13:53:44.723931+00:00)
2026-05-01 19:23:44 [INFO] garden_cron: [2026-05-01 19:23:44] Cronjob triggered
2026-05-01 19:23:44 [INFO] services.garden_processor: No garden updates with status='Ready to Process' found.
2026-05-01 19:23:44 [INFO] garden_cron: Cronjob complete — 0 garden(s) processed.
2026-05-01 19:23:44 [INFO] apscheduler.executors.default: Job "Garden AI Processing (trigger: interval[0:00:10], next run at: 2026-05-01 13:53:54 UTC)" executed successfully
2026-05-01 19:23:54 [INFO] apscheduler.executors.default: Running job "Garden AI Processing (trigger: interval[0:00:10], next run at: 2026-05-01 13:54:04 UTC)" (scheduled at 2026-05-01 13:53:54.723931+00:00)
2026-05-01 19:23:54 [INFO] garden_cron: [2026-05-01 19:23:54] Cronjob triggered
2026-05-01 19:23:54 [INFO] services.garden_processor: No garden updates with status='Ready to Process' found.
2026-05-01 19:23:54 [INFO] garden_cron: Cronjob complete — 0 garden(s) processed.
2026-05-01 19:23:54 [INFO] apscheduler.executors.default: Job "Garden AI Processing (trigger: interval[0:00:10], next run at: 2026-05-01 13:54:04 UTC)" executed successfully
2026-05-01 19:24:04 [INFO] apscheduler.executors.default: Running job "Garden AI Processing (trigger: interval[0:00:10], next run at: 2026-05-01 13:54:14 UTC)" (scheduled at 2026-05-01 13:54:04.723931+00:00)
2026-05-01 19:24:04 [INFO] garden_cron: [2026-05-01 19:24:04] Cronjob triggered
2026-05-01 19:24:04 [INFO] services.garden_processor: No garden updates with status='Ready to Process' found.
2026-05-01 19:24:04 [INFO] garden_cron: Cronjob complete — 0 garden(s) processed.
2026-05-01 19:24:04 [INFO] apscheduler.executors.default: Job "Garden AI Processing (trigger: interval[0:00:10], next run at: 2026-05-01 13:54:14 UTC)" executed successfully
2026-05-01 19:24:14 [INFO] apscheduler.executors.default: Running job "Garden AI Processing (trigger: interval[0:00:10], next run at: 2026-05-01 13:54:24 UTC)" (scheduled at 2026-05-01 13:54:14.723931+00:00)
2026-05-01 19:24:14 [INFO] garden_cron: [2026-05-01 19:24:14] Cronjob triggered
2026-05-01 19:24:14 [INFO] services.garden_processor: No garden updates with status='Ready to Process' found.
2026-05-01 19:24:14 [INFO] garden_cron: Cronjob complete — 0 garden(s) processed.
2026-05-01 19:24:14 [INFO] apscheduler.executors.default: Job "Garden AI Processing (trigger: interval[0:00:10], next run at: 2026-05-01 13:54:24 UTC)" executed successfully
2026-05-01 19:24:24 [INFO] apscheduler.executors.default: Running job "Garden AI Processing (trigger: interval[0:00:10], next run at: 2026-05-01 13:54:34 UTC)" (scheduled at 2026-05-01 13:54:24.723931+00:00)
2026-05-01 19:24:24 [INFO] garden_cron: [2026-05-01 19:24:24] Cronjob triggered
2026-05-01 19:24:24 [INFO] services.garden_processor: No garden updates with status='Ready to Process' found.
2026-05-01 19:24:24 [INFO] garden_cron: Cronjob complete — 0 garden(s) processed.
2026-05-01 19:24:24 [INFO] apscheduler.executors.default: Job "Garden AI Processing (trigger: interval[0:00:10], next run at: 2026-05-01 13:54:34 UTC)" executed successfully
2026-05-01 19:24:34 [INFO] apscheduler.executors.default: Running job "Garden AI Processing (trigger: interval[0:00:10], next run at: 2026-05-01 13:54:44 UTC)" (scheduled at 2026-05-01 13:54:34.723931+00:00)
2026-05-01 19:24:34 [INFO] garden_cron: [2026-05-01 19:24:34] Cronjob triggered
2026-05-01 19:24:34 [INFO] services.garden_processor: No garden updates with status='Ready to Process' found.
2026-05-01 19:24:34 [INFO] garden_cron: Cronjob complete — 0 garden(s) processed.
2026-05-01 19:24:34 [INFO] apscheduler.executors.default: Job "Garden AI Processing (trigger: interval[0:00:10], next run at: 2026-05-01 13:54:44 UTC)" executed successfully
2026-05-01 19:24:44 [INFO] apscheduler.executors.default: Running job "Garden AI Processing (trigger: interval[0:00:10], next run at: 2026-05-01 13:54:54 UTC)" (scheduled at 2026-05-01 13:54:44.723931+00:00)
2026-05-01 19:24:44 [INFO] garden_cron: [2026-05-01 19:24:44] Cronjob triggered
2026-05-01 19:24:44 [INFO] services.garden_processor: No garden updates with status='Ready to Process' found.
2026-05-01 19:24:44 [INFO] garden_cron: Cronjob complete — 0 garden(s) processed.
2026-05-01 19:24:44 [INFO] apscheduler.executors.default: Job "Garden AI Processing (trigger: interval[0:00:10], next run at: 2026-05-01 13:54:54 UTC)" executed successfully
2026-05-01 19:24:54 [INFO] apscheduler.executors.default: Running job "Garden AI Processing (trigger: interval[0:00:10], next run at: 2026-05-01 13:55:04 UTC)" (scheduled at 2026-05-01 13:54:54.723931+00:00)
2026-05-01 19:24:54 [INFO] garden_cron: [2026-05-01 19:24:54] Cronjob triggered
2026-05-01 19:24:54 [INFO] services.garden_processor: No garden updates with status='Ready to Process' found.
2026-05-01 19:24:54 [INFO] garden_cron: Cronjob complete — 0 garden(s) processed.
2026-05-01 19:24:54 [INFO] apscheduler.executors.default: Job "Garden AI Processing (trigger: interval[0:00:10], next run at: 2026-05-01 13:55:04 UTC)" executed successfully
2026-05-01 19:25:04 [INFO] apscheduler.executors.default: Running job "Garden AI Processing (trigger: interval[0:00:10], next run at: 2026-05-01 13:55:14 UTC)" (scheduled at 2026-05-01 13:55:04.723931+00:00)
2026-05-01 19:25:04 [INFO] garden_cron: [2026-05-01 19:25:04] Cronjob triggered
2026-05-01 19:25:04 [INFO] services.garden_processor: No garden updates with status='Ready to Process' found.
2026-05-01 19:25:04 [INFO] garden_cron: Cronjob complete — 0 garden(s) processed.
2026-05-01 19:25:04 [INFO] apscheduler.executors.default: Job "Garden AI Processing (trigger: interval[0:00:10], next run at: 2026-05-01 13:55:14 UTC)" executed successfully
2026-05-01 19:25:14 [INFO] apscheduler.executors.default: Running job "Garden AI Processing (trigger: interval[0:00:10], next run at: 2026-05-01 13:55:24 UTC)" (scheduled at 2026-05-01 13:55:14.723931+00:00)
2026-05-01 19:25:14 [INFO] garden_cron: [2026-05-01 19:25:14] Cronjob triggered
2026-05-01 19:25:14 [INFO] services.garden_processor: No garden updates with status='Ready to Process' found.
2026-05-01 19:25:14 [INFO] garden_cron: Cronjob complete — 0 garden(s) processed.
2026-05-01 19:25:14 [INFO] apscheduler.executors.default: Job "Garden AI Processing (trigger: interval[0:00:10], next run at: 2026-05-01 13:55:24 UTC)" executed successfully
2026-05-01 19:25:24 [INFO] apscheduler.executors.default: Running job "Garden AI Processing (trigger: interval[0:00:10], next run at: 2026-05-01 13:55:34 UTC)" (scheduled at 2026-05-01 13:55:24.723931+00:00)
2026-05-01 19:25:24 [INFO] garden_cron: [2026-05-01 19:25:24] Cronjob triggered
2026-05-01 19:25:24 [INFO] services.garden_processor: No garden updates with status='Ready to Process' found.
2026-05-01 19:25:24 [INFO] garden_cron: Cronjob complete — 0 garden(s) processed.
2026-05-01 19:25:24 [INFO] apscheduler.executors.default: Job "Garden AI Processing (trigger: interval[0:00:10], next run at: 2026-05-01 13:55:34 UTC)" executed successfully
2026-05-01 19:25:34 [INFO] apscheduler.executors.default: Running job "Garden AI Processing (trigger: interval[0:00:10], next run at: 2026-05-01 13:55:44 UTC)" (scheduled at 2026-05-01 13:55:34.723931+00:00)
2026-05-01 19:25:34 [INFO] garden_cron: [2026-05-01 19:25:34] Cronjob triggered
2026-05-01 19:25:34 [INFO] services.garden_processor: No garden updates with status='Ready to Process' found.
2026-05-01 19:25:34 [INFO] garden_cron: Cronjob complete — 0 garden(s) processed.
2026-05-01 19:25:34 [INFO] apscheduler.executors.default: Job "Garden AI Processing (trigger: interval[0:00:10], next run at: 2026-05-01 13:55:44 UTC)" executed successfully
2026-05-01 19:25:44 [INFO] apscheduler.executors.default: Running job "Garden AI Processing (trigger: interval[0:00:10], next run at: 2026-05-01 13:55:54 UTC)" (scheduled at 2026-05-01 13:55:44.723931+00:00)
2026-05-01 19:25:44 [INFO] garden_cron: [2026-05-01 19:25:44] Cronjob triggered
2026-05-01 19:25:44 [INFO] services.garden_processor: No garden updates with status='Ready to Process' found.
2026-05-01 19:25:44 [INFO] garden_cron: Cronjob complete — 0 garden(s) processed.
2026-05-01 19:25:44 [INFO] apscheduler.executors.default: Job "Garden AI Processing (trigger: interval[0:00:10], next run at: 2026-05-01 13:55:54 UTC)" executed successfully
2026-05-01 19:25:54 [INFO] apscheduler.executors.default: Running job "Garden AI Processing (trigger: interval[0:00:10], next run at: 2026-05-01 13:56:04 UTC)" (scheduled at 2026-05-01 13:55:54.723931+00:00)
2026-05-01 19:25:54 [INFO] garden_cron: [2026-05-01 19:25:54] Cronjob triggered
2026-05-01 19:25:54 [INFO] services.garden_processor: No garden updates with status='Ready to Process' found.
2026-05-01 19:25:54 [INFO] garden_cron: Cronjob complete — 0 garden(s) processed.
2026-05-01 19:25:54 [INFO] apscheduler.executors.default: Job "Garden AI Processing (trigger: interval[0:00:10], next run at: 2026-05-01 13:56:04 UTC)" executed successfully
2026-05-01 19:26:04 [INFO] apscheduler.executors.default: Running job "Garden AI Processing (trigger: interval[0:00:10], next run at: 2026-05-01 13:56:14 UTC)" (scheduled at 2026-05-01 13:56:04.723931+00:00)
2026-05-01 19:26:04 [INFO] garden_cron: [2026-05-01 19:26:04] Cronjob triggered
2026-05-01 19:26:04 [INFO] services.garden_processor: No garden updates with status='Ready to Process' found.
2026-05-01 19:26:04 [INFO] garden_cron: Cronjob complete — 0 garden(s) processed.
2026-05-01 19:26:04 [INFO] apscheduler.executors.default: Job "Garden AI Processing (trigger: interval[0:00:10], next run at: 2026-05-01 13:56:14 UTC)" executed successfully
2026-05-01 19:26:14 [INFO] apscheduler.executors.default: Running job "Garden AI Processing (trigger: interval[0:00:10], next run at: 2026-05-01 13:56:24 UTC)" (scheduled at 2026-05-01 13:56:14.723931+00:00)
2026-05-01 19:26:14 [INFO] garden_cron: [2026-05-01 19:26:14] Cronjob triggered
2026-05-01 19:26:14 [INFO] services.garden_processor: No garden updates with status='Ready to Process' found.
2026-05-01 19:26:14 [INFO] garden_cron: Cronjob complete — 0 garden(s) processed.
2026-05-01 19:26:14 [INFO] apscheduler.executors.default: Job "Garden AI Processing (trigger: interval[0:00:10], next run at: 2026-05-01 13:56:24 UTC)" executed successfully
2026-05-01 19:26:24 [INFO] apscheduler.executors.default: Running job "Garden AI Processing (trigger: interval[0:00:10], next run at: 2026-05-01 13:56:34 UTC)" (scheduled at 2026-05-01 13:56:24.723931+00:00)
2026-05-01 19:26:24 [INFO] garden_cron: [2026-05-01 19:26:24] Cronjob triggered
2026-05-01 19:26:24 [INFO] services.garden_processor: No garden updates with status='Ready to Process' found.
2026-05-01 19:26:24 [INFO] garden_cron: Cronjob complete — 0 garden(s) processed.
2026-05-01 19:26:24 [INFO] apscheduler.executors.default: Job "Garden AI Processing (trigger: interval[0:00:10], next run at: 2026-05-01 13:56:34 UTC)" executed successfully
2026-05-01 19:26:34 [INFO] apscheduler.executors.default: Running job "Garden AI Processing (trigger: interval[0:00:10], next run at: 2026-05-01 13:56:44 UTC)" (scheduled at 2026-05-01 13:56:34.723931+00:00)
2026-05-01 19:26:34 [INFO] garden_cron: [2026-05-01 19:26:34] Cronjob triggered
2026-05-01 19:26:34 [INFO] services.garden_processor: No garden updates with status='Ready to Process' found.
2026-05-01 19:26:34 [INFO] garden_cron: Cronjob complete — 0 garden(s) processed.
2026-05-01 19:26:34 [INFO] apscheduler.executors.default: Job "Garden AI Processing (trigger: interval[0:00:10], next run at: 2026-05-01 13:56:44 UTC)" executed successfully
2026-05-01 19:26:44 [INFO] apscheduler.executors.default: Running job "Garden AI Processing (trigger: interval[0:00:10], next run at: 2026-05-01 13:56:54 UTC)" (scheduled at 2026-05-01 13:56:44.723931+00:00)
2026-05-01 19:26:44 [INFO] garden_cron: [2026-05-01 19:26:44] Cronjob triggered
2026-05-01 19:26:44 [INFO] services.garden_processor: No garden updates with status='Ready to Process' found.
2026-05-01 19:26:44 [INFO] garden_cron: Cronjob complete — 0 garden(s) processed.
2026-05-01 19:26:44 [INFO] apscheduler.executors.default: Job "Garden AI Processing (trigger: interval[0:00:10], next run at: 2026-05-01 13:56:54 UTC)" executed successfully
2026-05-01 19:26:54 [INFO] apscheduler.executors.default: Running job "Garden AI Processing (trigger: interval[0:00:10], next run at: 2026-05-01 13:57:04 UTC)" (scheduled at 2026-05-01 13:56:54.723931+00:00)
2026-05-01 19:26:54 [INFO] garden_cron: [2026-05-01 19:26:54] Cronjob triggered
2026-05-01 19:26:54 [INFO] services.garden_processor: No garden updates with status='Ready to Process' found.
2026-05-01 19:26:54 [INFO] garden_cron: Cronjob complete — 0 garden(s) processed.
2026-05-01 19:26:54 [INFO] apscheduler.executors.default: Job "Garden AI Processing (trigger: interval[0:00:10], next run at: 2026-05-01 13:57:04 UTC)" executed successfully
2026-05-01 19:27:04 [INFO] apscheduler.executors.default: Running job "Garden AI Processing (trigger: interval[0:00:10], next run at: 2026-05-01 13:57:14 UTC)" (scheduled at 2026-05-01 13:57:04.723931+00:00)
2026-05-01 19:27:04 [INFO] garden_cron: [2026-05-01 19:27:04] Cronjob triggered
2026-05-01 19:27:04 [INFO] services.garden_processor: No garden updates with status='Ready to Process' found.
2026-05-01 19:27:04 [INFO] garden_cron: Cronjob complete — 0 garden(s) processed.
2026-05-01 19:27:04 [INFO] apscheduler.executors.default: Job "Garden AI Processing (trigger: interval[0:00:10], next run at: 2026-05-01 13:57:14 UTC)" executed successfully
2026-05-01 19:27:14 [INFO] apscheduler.executors.default: Running job "Garden AI Processing (trigger: interval[0:00:10], next run at: 2026-05-01 13:57:24 UTC)" (scheduled at 2026-05-01 13:57:14.723931+00:00)
2026-05-01 19:27:14 [INFO] garden_cron: [2026-05-01 19:27:14] Cronjob triggered
2026-05-01 19:27:14 [INFO] services.garden_processor: No garden updates with status='Ready to Process' found.
2026-05-01 19:27:14 [INFO] garden_cron: Cronjob complete — 0 garden(s) processed.
2026-05-01 19:27:14 [INFO] apscheduler.executors.default: Job "Garden AI Processing (trigger: interval[0:00:10], next run at: 2026-05-01 13:57:24 UTC)" executed successfully
2026-05-01 19:27:24 [INFO] apscheduler.executors.default: Running job "Garden AI Processing (trigger: interval[0:00:10], next run at: 2026-05-01 13:57:34 UTC)" (scheduled at 2026-05-01 13:57:24.723931+00:00)
2026-05-01 19:27:24 [INFO] garden_cron: [2026-05-01 19:27:24] Cronjob triggered
2026-05-01 19:27:24 [INFO] services.garden_processor: No garden updates with status='Ready to Process' found.
2026-05-01 19:27:24 [INFO] garden_cron: Cronjob complete — 0 garden(s) processed.
2026-05-01 19:27:24 [INFO] apscheduler.executors.default: Job "Garden AI Processing (trigger: interval[0:00:10], next run at: 2026-05-01 13:57:34 UTC)" executed successfully
2026-05-01 19:27:34 [INFO] apscheduler.executors.default: Running job "Garden AI Processing (trigger: interval[0:00:10], next run at: 2026-05-01 13:57:44 UTC)" (scheduled at 2026-05-01 13:57:34.723931+00:00)
2026-05-01 19:27:34 [INFO] garden_cron: [2026-05-01 19:27:34] Cronjob triggered
2026-05-01 19:27:34 [INFO] services.garden_processor: No garden updates with status='Ready to Process' found.
2026-05-01 19:27:34 [INFO] garden_cron: Cronjob complete — 0 garden(s) processed.
2026-05-01 19:27:34 [INFO] apscheduler.executors.default: Job "Garden AI Processing (trigger: interval[0:00:10], next run at: 2026-05-01 13:57:44 UTC)" executed successfully
2026-05-01 19:27:44 [INFO] apscheduler.executors.default: Running job "Garden AI Processing (trigger: interval[0:00:10], next run at: 2026-05-01 13:57:54 UTC)" (scheduled at 2026-05-01 13:57:44.723931+00:00)
2026-05-01 19:27:44 [INFO] garden_cron: [2026-05-01 19:27:44] Cronjob triggered
2026-05-01 19:27:44 [INFO] services.garden_processor: No garden updates with status='Ready to Process' found.
2026-05-01 19:27:44 [INFO] garden_cron: Cronjob complete — 0 garden(s) processed.
2026-05-01 19:27:44 [INFO] apscheduler.executors.default: Job "Garden AI Processing (trigger: interval[0:00:10], next run at: 2026-05-01 13:57:54 UTC)" executed successfully
2026-05-01 19:27:54 [INFO] apscheduler.executors.default: Running job "Garden AI Processing (trigger: interval[0:00:10], next run at: 2026-05-01 13:58:04 UTC)" (scheduled at 2026-05-01 13:57:54.723931+00:00)
2026-05-01 19:27:54 [INFO] garden_cron: [2026-05-01 19:27:54] Cronjob triggered
2026-05-01 19:27:54 [INFO] services.garden_processor: No garden updates with status='Ready to Process' found.
2026-05-01 19:27:54 [INFO] garden_cron: Cronjob complete — 0 garden(s) processed.
2026-05-01 19:27:54 [INFO] apscheduler.executors.default: Job "Garden AI Processing (trigger: interval[0:00:10], next run at: 2026-05-01 13:58:04 UTC)" executed successfully
2026-05-01 19:28:04 [INFO] apscheduler.executors.default: Running job "Garden AI Processing (trigger: interval[0:00:10], next run at: 2026-05-01 13:58:14 UTC)" (scheduled at 2026-05-01 13:58:04.723931+00:00)
2026-05-01 19:28:04 [INFO] garden_cron: [2026-05-01 19:28:04] Cronjob triggered
2026-05-01 19:28:04 [INFO] services.garden_processor: No garden updates with status='Ready to Process' found.
2026-05-01 19:28:04 [INFO] garden_cron: Cronjob complete — 0 garden(s) processed.
2026-05-01 19:28:04 [INFO] apscheduler.executors.default: Job "Garden AI Processing (trigger: interval[0:00:10], next run at: 2026-05-01 13:58:14 UTC)" executed successfully
2026-05-01 19:28:14 [INFO] apscheduler.executors.default: Running job "Garden AI Processing (trigger: interval[0:00:10], next run at: 2026-05-01 13:58:24 UTC)" (scheduled at 2026-05-01 13:58:14.723931+00:00)
2026-05-01 19:28:14 [INFO] garden_cron: [2026-05-01 19:28:14] Cronjob triggered
2026-05-01 19:28:14 [INFO] services.garden_processor: No garden updates with status='Ready to Process' found.
2026-05-01 19:28:14 [INFO] garden_cron: Cronjob complete — 0 garden(s) processed.
2026-05-01 19:28:14 [INFO] apscheduler.executors.default: Job "Garden AI Processing (trigger: interval[0:00:10], next run at: 2026-05-01 13:58:24 UTC)" executed successfully
2026-05-01 19:28:24 [INFO] apscheduler.executors.default: Running job "Garden AI Processing (trigger: interval[0:00:10], next run at: 2026-05-01 13:58:34 UTC)" (scheduled at 2026-05-01 13:58:24.723931+00:00)
2026-05-01 19:28:24 [INFO] garden_cron: [2026-05-01 19:28:24] Cronjob triggered
2026-05-01 19:28:24 [INFO] services.garden_processor: No garden updates with status='Ready to Process' found.
2026-05-01 19:28:24 [INFO] garden_cron: Cronjob complete — 0 garden(s) processed.
2026-05-01 19:28:24 [INFO] apscheduler.executors.default: Job "Garden AI Processing (trigger: interval[0:00:10], next run at: 2026-05-01 13:58:34 UTC)" executed successfully
2026-05-01 19:28:34 [INFO] apscheduler.executors.default: Running job "Garden AI Processing (trigger: interval[0:00:10], next run at: 2026-05-01 13:58:44 UTC)" (scheduled at 2026-05-01 13:58:34.723931+00:00)
2026-05-01 19:28:34 [INFO] garden_cron: [2026-05-01 19:28:34] Cronjob triggered
2026-05-01 19:28:34 [INFO] services.garden_processor: No garden updates with status='Ready to Process' found.
2026-05-01 19:28:34 [INFO] garden_cron: Cronjob complete — 0 garden(s) processed.
2026-05-01 19:28:34 [INFO] apscheduler.executors.default: Job "Garden AI Processing (trigger: interval[0:00:10], next run at: 2026-05-01 13:58:44 UTC)" executed successfully
2026-05-01 19:28:44 [INFO] apscheduler.executors.default: Running job "Garden AI Processing (trigger: interval[0:00:10], next run at: 2026-05-01 13:58:54 UTC)" (scheduled at 2026-05-01 13:58:44.723931+00:00)
2026-05-01 19:28:44 [INFO] garden_cron: [2026-05-01 19:28:44] Cronjob triggered
2026-05-01 19:28:44 [INFO] services.garden_processor: No garden updates with status='Ready to Process' found.
2026-05-01 19:28:44 [INFO] garden_cron: Cronjob complete — 0 garden(s) processed.
2026-05-01 19:28:44 [INFO] apscheduler.executors.default: Job "Garden AI Processing (trigger: interval[0:00:10], next run at: 2026-05-01 13:58:54 UTC)" executed successfully
2026-05-01 19:28:54 [INFO] apscheduler.executors.default: Running job "Garden AI Processing (trigger: interval[0:00:10], next run at: 2026-05-01 13:59:04 UTC)" (scheduled at 2026-05-01 13:58:54.723931+00:00)
2026-05-01 19:28:54 [INFO] garden_cron: [2026-05-01 19:28:54] Cronjob triggered
2026-05-01 19:28:54 [INFO] services.garden_processor: No garden updates with status='Ready to Process' found.
2026-05-01 19:28:54 [INFO] garden_cron: Cronjob complete — 0 garden(s) processed.
2026-05-01 19:28:54 [INFO] apscheduler.executors.default: Job "Garden AI Processing (trigger: interval[0:00:10], next run at: 2026-05-01 13:59:04 UTC)" executed successfully
2026-05-01 19:29:04 [INFO] apscheduler.executors.default: Running job "Garden AI Processing (trigger: interval[0:00:10], next run at: 2026-05-01 13:59:14 UTC)" (scheduled at 2026-05-01 13:59:04.723931+00:00)
2026-05-01 19:29:04 [INFO] garden_cron: [2026-05-01 19:29:04] Cronjob triggered
2026-05-01 19:29:04 [INFO] services.garden_processor: No garden updates with status='Ready to Process' found.
2026-05-01 19:29:04 [INFO] garden_cron: Cronjob complete — 0 garden(s) processed.
2026-05-01 19:29:04 [INFO] apscheduler.executors.default: Job "Garden AI Processing (trigger: interval[0:00:10], next run at: 2026-05-01 13:59:14 UTC)" executed successfully
2026-05-01 19:29:14 [INFO] apscheduler.executors.default: Running job "Garden AI Processing (trigger: interval[0:00:10], next run at: 2026-05-01 13:59:24 UTC)" (scheduled at 2026-05-01 13:59:14.723931+00:00)
2026-05-01 19:29:14 [INFO] garden_cron: [2026-05-01 19:29:14] Cronjob triggered
2026-05-01 19:29:14 [INFO] services.garden_processor: No garden updates with status='Ready to Process' found.
2026-05-01 19:29:14 [INFO] garden_cron: Cronjob complete — 0 garden(s) processed.
2026-05-01 19:29:14 [INFO] apscheduler.executors.default: Job "Garden AI Processing (trigger: interval[0:00:10], next run at: 2026-05-01 13:59:24 UTC)" executed successfully
2026-05-01 19:29:24 [INFO] apscheduler.executors.default: Running job "Garden AI Processing (trigger: interval[0:00:10], next run at: 2026-05-01 13:59:34 UTC)" (scheduled at 2026-05-01 13:59:24.723931+00:00)
2026-05-01 19:29:24 [INFO] garden_cron: [2026-05-01 19:29:24] Cronjob triggered
2026-05-01 19:29:24 [INFO] services.garden_processor: No garden updates with status='Ready to Process' found.
2026-05-01 19:29:24 [INFO] garden_cron: Cronjob complete — 0 garden(s) processed.
2026-05-01 19:29:24 [INFO] apscheduler.executors.default: Job "Garden AI Processing (trigger: interval[0:00:10], next run at: 2026-05-01 13:59:34 UTC)" executed successfully
2026-05-01 19:29:34 [INFO] apscheduler.executors.default: Running job "Garden AI Processing (trigger: interval[0:00:10], next run at: 2026-05-01 13:59:44 UTC)" (scheduled at 2026-05-01 13:59:34.723931+00:00)
2026-05-01 19:29:34 [INFO] garden_cron: [2026-05-01 19:29:34] Cronjob triggered
2026-05-01 19:29:34 [INFO] services.garden_processor: No garden updates with status='Ready to Process' found.
2026-05-01 19:29:34 [INFO] garden_cron: Cronjob complete — 0 garden(s) processed.
2026-05-01 19:29:34 [INFO] apscheduler.executors.default: Job "Garden AI Processing (trigger: interval[0:00:10], next run at: 2026-05-01 13:59:44 UTC)" executed successfully
2026-05-01 19:29:44 [INFO] apscheduler.executors.default: Running job "Garden AI Processing (trigger: interval[0:00:10], next run at: 2026-05-01 13:59:54 UTC)" (scheduled at 2026-05-01 13:59:44.723931+00:00)
2026-05-01 19:29:44 [INFO] garden_cron: [2026-05-01 19:29:44] Cronjob triggered
2026-05-01 19:29:44 [INFO] services.garden_processor: No garden updates with status='Ready to Process' found.
2026-05-01 19:29:44 [INFO] garden_cron: Cronjob complete — 0 garden(s) processed.
2026-05-01 19:29:44 [INFO] apscheduler.executors.default: Job "Garden AI Processing (trigger: interval[0:00:10], next run at: 2026-05-01 13:59:54 UTC)" executed successfully
2026-05-01 19:29:54 [INFO] apscheduler.executors.default: Running job "Garden AI Processing (trigger: interval[0:00:10], next run at: 2026-05-01 14:00:04 UTC)" (scheduled at 2026-05-01 13:59:54.723931+00:00)
2026-05-01 19:29:54 [INFO] garden_cron: [2026-05-01 19:29:54] Cronjob triggered
2026-05-01 19:29:54 [INFO] services.garden_processor: No garden updates with status='Ready to Process' found.
2026-05-01 19:29:54 [INFO] garden_cron: Cronjob complete — 0 garden(s) processed.
2026-05-01 19:29:54 [INFO] apscheduler.executors.default: Job "Garden AI Processing (trigger: interval[0:00:10], next run at: 2026-05-01 14:00:04 UTC)" executed successfully
2026-05-01 19:30:04 [INFO] apscheduler.executors.default: Running job "Garden AI Processing (trigger: interval[0:00:10], next run at: 2026-05-01 14:00:14 UTC)" (scheduled at 2026-05-01 14:00:04.723931+00:00)
2026-05-01 19:30:04 [INFO] garden_cron: [2026-05-01 19:30:04] Cronjob triggered
2026-05-01 19:30:04 [INFO] services.garden_processor: No garden updates with status='Ready to Process' found.
2026-05-01 19:30:04 [INFO] garden_cron: Cronjob complete — 0 garden(s) processed.
2026-05-01 19:30:04 [INFO] apscheduler.executors.default: Job "Garden AI Processing (trigger: interval[0:00:10], next run at: 2026-05-01 14:00:14 UTC)" executed successfully
2026-05-01 19:30:14 [INFO] apscheduler.executors.default: Running job "Garden AI Processing (trigger: interval[0:00:10], next run at: 2026-05-01 14:00:24 UTC)" (scheduled at 2026-05-01 14:00:14.723931+00:00)
2026-05-01 19:30:14 [INFO] garden_cron: [2026-05-01 19:30:14] Cronjob triggered
2026-05-01 19:30:14 [INFO] services.garden_processor: No garden updates with status='Ready to Process' found.
2026-05-01 19:30:14 [INFO] garden_cron: Cronjob complete — 0 garden(s) processed.
2026-05-01 19:30:14 [INFO] apscheduler.executors.default: Job "Garden AI Processing (trigger: interval[0:00:10], next run at: 2026-05-01 14:00:24 UTC)" executed successfully
2026-05-01 19:30:24 [INFO] apscheduler.executors.default: Running job "Garden AI Processing (trigger: interval[0:00:10], next run at: 2026-05-01 14:00:34 UTC)" (scheduled at 2026-05-01 14:00:24.723931+00:00)
2026-05-01 19:30:24 [INFO] garden_cron: [2026-05-01 19:30:24] Cronjob triggered
2026-05-01 19:30:24 [INFO] services.garden_processor: No garden updates with status='Ready to Process' found.
2026-05-01 19:30:24 [INFO] garden_cron: Cronjob complete — 0 garden(s) processed.
2026-05-01 19:30:24 [INFO] apscheduler.executors.default: Job "Garden AI Processing (trigger: interval[0:00:10], next run at: 2026-05-01 14:00:34 UTC)" executed successfully
2026-05-01 19:30:34 [INFO] apscheduler.executors.default: Running job "Garden AI Processing (trigger: interval[0:00:10], next run at: 2026-05-01 14:00:44 UTC)" (scheduled at 2026-05-01 14:00:34.723931+00:00)
2026-05-01 19:30:34 [INFO] garden_cron: [2026-05-01 19:30:34] Cronjob triggered
2026-05-01 19:30:34 [INFO] services.garden_processor: No garden updates with status='Ready to Process' found.
2026-05-01 19:30:34 [INFO] garden_cron: Cronjob complete — 0 garden(s) processed.
2026-05-01 19:30:34 [INFO] apscheduler.executors.default: Job "Garden AI Processing (trigger: interval[0:00:10], next run at: 2026-05-01 14:00:44 UTC)" executed successfully
2026-05-01 19:30:44 [INFO] apscheduler.executors.default: Running job "Garden AI Processing (trigger: interval[0:00:10], next run at: 2026-05-01 14:00:54 UTC)" (scheduled at 2026-05-01 14:00:44.723931+00:00)
2026-05-01 19:30:44 [INFO] garden_cron: [2026-05-01 19:30:44] Cronjob triggered
2026-05-01 19:30:44 [INFO] services.garden_processor: No garden updates with status='Ready to Process' found.
2026-05-01 19:30:44 [INFO] garden_cron: Cronjob complete — 0 garden(s) processed.
2026-05-01 19:30:44 [INFO] apscheduler.executors.default: Job "Garden AI Processing (trigger: interval[0:00:10], next run at: 2026-05-01 14:00:54 UTC)" executed successfully
2026-05-01 19:30:54 [INFO] apscheduler.executors.default: Running job "Garden AI Processing (trigger: interval[0:00:10], next run at: 2026-05-01 14:01:04 UTC)" (scheduled at 2026-05-01 14:00:54.723931+00:00)
2026-05-01 19:30:54 [INFO] garden_cron: [2026-05-01 19:30:54] Cronjob triggered
2026-05-01 19:30:54 [INFO] services.garden_processor: No garden updates with status='Ready to Process' found.
2026-05-01 19:30:54 [INFO] garden_cron: Cronjob complete — 0 garden(s) processed.
2026-05-01 19:30:54 [INFO] apscheduler.executors.default: Job "Garden AI Processing (trigger: interval[0:00:10], next run at: 2026-05-01 14:01:04 UTC)" executed successfully
2026-05-01 19:31:04 [INFO] apscheduler.executors.default: Running job "Garden AI Processing (trigger: interval[0:00:10], next run at: 2026-05-01 14:01:14 UTC)" (scheduled at 2026-05-01 14:01:04.723931+00:00)
2026-05-01 19:31:04 [INFO] garden_cron: [2026-05-01 19:31:04] Cronjob triggered
2026-05-01 19:31:04 [INFO] services.garden_processor: No garden updates with status='Ready to Process' found.
2026-05-01 19:31:04 [INFO] garden_cron: Cronjob complete — 0 garden(s) processed.
2026-05-01 19:31:04 [INFO] apscheduler.executors.default: Job "Garden AI Processing (trigger: interval[0:00:10], next run at: 2026-05-01 14:01:14 UTC)" executed successfully
2026-05-01 19:31:14 [INFO] apscheduler.executors.default: Running job "Garden AI Processing (trigger: interval[0:00:10], next run at: 2026-05-01 14:01:24 UTC)" (scheduled at 2026-05-01 14:01:14.723931+00:00)
2026-05-01 19:31:14 [INFO] garden_cron: [2026-05-01 19:31:14] Cronjob triggered
2026-05-01 19:31:14 [INFO] services.garden_processor: No garden updates with status='Ready to Process' found.
2026-05-01 19:31:14 [INFO] garden_cron: Cronjob complete — 0 garden(s) processed.
2026-05-01 19:31:14 [INFO] apscheduler.executors.default: Job "Garden AI Processing (trigger: interval[0:00:10], next run at: 2026-05-01 14:01:24 UTC)" executed successfully
2026-05-01 19:31:24 [INFO] apscheduler.executors.default: Running job "Garden AI Processing (trigger: interval[0:00:10], next run at: 2026-05-01 14:01:34 UTC)" (scheduled at 2026-05-01 14:01:24.723931+00:00)
2026-05-01 19:31:24 [INFO] garden_cron: [2026-05-01 19:31:24] Cronjob triggered
2026-05-01 19:31:24 [INFO] services.garden_processor: No garden updates with status='Ready to Process' found.
2026-05-01 19:31:24 [INFO] garden_cron: Cronjob complete — 0 garden(s) processed.
2026-05-01 19:31:24 [INFO] apscheduler.executors.default: Job "Garden AI Processing (trigger: interval[0:00:10], next run at: 2026-05-01 14:01:34 UTC)" executed successfully
2026-05-01 19:31:34 [INFO] apscheduler.executors.default: Running job "Garden AI Processing (trigger: interval[0:00:10], next run at: 2026-05-01 14:01:44 UTC)" (scheduled at 2026-05-01 14:01:34.723931+00:00)
2026-05-01 19:31:34 [INFO] garden_cron: [2026-05-01 19:31:34] Cronjob triggered
2026-05-01 19:31:34 [INFO] services.garden_processor: No garden updates with status='Ready to Process' found.
2026-05-01 19:31:34 [INFO] garden_cron: Cronjob complete — 0 garden(s) processed.
2026-05-01 19:31:34 [INFO] apscheduler.executors.default: Job "Garden AI Processing (trigger: interval[0:00:10], next run at: 2026-05-01 14:01:44 UTC)" executed successfully
2026-05-01 19:31:44 [INFO] apscheduler.executors.default: Running job "Garden AI Processing (trigger: interval[0:00:10], next run at: 2026-05-01 14:01:54 UTC)" (scheduled at 2026-05-01 14:01:44.723931+00:00)
2026-05-01 19:31:44 [INFO] garden_cron: [2026-05-01 19:31:44] Cronjob triggered
2026-05-01 19:31:44 [INFO] services.garden_processor: No garden updates with status='Ready to Process' found.
2026-05-01 19:31:44 [INFO] garden_cron: Cronjob complete — 0 garden(s) processed.
2026-05-01 19:31:44 [INFO] apscheduler.executors.default: Job "Garden AI Processing (trigger: interval[0:00:10], next run at: 2026-05-01 14:01:54 UTC)" executed successfully
2026-05-01 19:31:54 [INFO] apscheduler.executors.default: Running job "Garden AI Processing (trigger: interval[0:00:10], next run at: 2026-05-01 14:02:04 UTC)" (scheduled at 2026-05-01 14:01:54.723931+00:00)
2026-05-01 19:31:54 [INFO] garden_cron: [2026-05-01 19:31:54] Cronjob triggered
2026-05-01 19:31:54 [INFO] services.garden_processor: No garden updates with status='Ready to Process' found.
2026-05-01 19:31:54 [INFO] garden_cron: Cronjob complete — 0 garden(s) processed.
2026-05-01 19:31:54 [INFO] apscheduler.executors.default: Job "Garden AI Processing (trigger: interval[0:00:10], next run at: 2026-05-01 14:02:04 UTC)" executed successfully
2026-05-01 19:32:04 [INFO] apscheduler.executors.default: Running job "Garden AI Processing (trigger: interval[0:00:10], next run at: 2026-05-01 14:02:14 UTC)" (scheduled at 2026-05-01 14:02:04.723931+00:00)
2026-05-01 19:32:04 [INFO] garden_cron: [2026-05-01 19:32:04] Cronjob triggered
2026-05-01 19:32:04 [INFO] services.garden_processor: No garden updates with status='Ready to Process' found.
2026-05-01 19:32:04 [INFO] garden_cron: Cronjob complete — 0 garden(s) processed.
2026-05-01 19:32:04 [INFO] apscheduler.executors.default: Job "Garden AI Processing (trigger: interval[0:00:10], next run at: 2026-05-01 14:02:14 UTC)" executed successfully
2026-05-01 19:32:14 [INFO] apscheduler.executors.default: Running job "Garden AI Processing (trigger: interval[0:00:10], next run at: 2026-05-01 14:02:24 UTC)" (scheduled at 2026-05-01 14:02:14.723931+00:00)
2026-05-01 19:32:14 [INFO] garden_cron: [2026-05-01 19:32:14] Cronjob triggered
2026-05-01 19:32:14 [INFO] services.garden_processor: No garden updates with status='Ready to Process' found.
2026-05-01 19:32:14 [INFO] garden_cron: Cronjob complete — 0 garden(s) processed.
2026-05-01 19:32:14 [INFO] apscheduler.executors.default: Job "Garden AI Processing (trigger: interval[0:00:10], next run at: 2026-05-01 14:02:24 UTC)" executed successfully
2026-05-01 19:32:24 [INFO] apscheduler.executors.default: Running job "Garden AI Processing (trigger: interval[0:00:10], next run at: 2026-05-01 14:02:34 UTC)" (scheduled at 2026-05-01 14:02:24.723931+00:00)
2026-05-01 19:32:24 [INFO] garden_cron: [2026-05-01 19:32:24] Cronjob triggered
2026-05-01 19:32:24 [INFO] services.garden_processor: No garden updates with status='Ready to Process' found.
2026-05-01 19:32:24 [INFO] garden_cron: Cronjob complete — 0 garden(s) processed.
2026-05-01 19:32:24 [INFO] apscheduler.executors.default: Job "Garden AI Processing (trigger: interval[0:00:10], next run at: 2026-05-01 14:02:34 UTC)" executed successfully
2026-05-01 19:32:34 [INFO] apscheduler.executors.default: Running job "Garden AI Processing (trigger: interval[0:00:10], next run at: 2026-05-01 14:02:44 UTC)" (scheduled at 2026-05-01 14:02:34.723931+00:00)
2026-05-01 19:32:34 [INFO] garden_cron: [2026-05-01 19:32:34] Cronjob triggered
2026-05-01 19:32:34 [INFO] services.garden_processor: No garden updates with status='Ready to Process' found.
2026-05-01 19:32:34 [INFO] garden_cron: Cronjob complete — 0 garden(s) processed.
2026-05-01 19:32:34 [INFO] apscheduler.executors.default: Job "Garden AI Processing (trigger: interval[0:00:10], next run at: 2026-05-01 14:02:44 UTC)" executed successfully
2026-05-01 19:32:44 [INFO] apscheduler.executors.default: Running job "Garden AI Processing (trigger: interval[0:00:10], next run at: 2026-05-01 14:02:54 UTC)" (scheduled at 2026-05-01 14:02:44.723931+00:00)
2026-05-01 19:32:44 [INFO] garden_cron: [2026-05-01 19:32:44] Cronjob triggered
2026-05-01 19:32:44 [INFO] services.garden_processor: No garden updates with status='Ready to Process' found.
2026-05-01 19:32:44 [INFO] garden_cron: Cronjob complete — 0 garden(s) processed.
2026-05-01 19:32:44 [INFO] apscheduler.executors.default: Job "Garden AI Processing (trigger: interval[0:00:10], next run at: 2026-05-01 14:02:54 UTC)" executed successfully
2026-05-01 19:32:54 [INFO] apscheduler.executors.default: Running job "Garden AI Processing (trigger: interval[0:00:10], next run at: 2026-05-01 14:03:04 UTC)" (scheduled at 2026-05-01 14:02:54.723931+00:00)
2026-05-01 19:32:54 [INFO] garden_cron: [2026-05-01 19:32:54] Cronjob triggered
2026-05-01 19:32:54 [INFO] services.garden_processor: No garden updates with status='Ready to Process' found.
2026-05-01 19:32:54 [INFO] garden_cron: Cronjob complete — 0 garden(s) processed.
2026-05-01 19:32:54 [INFO] apscheduler.executors.default: Job "Garden AI Processing (trigger: interval[0:00:10], next run at: 2026-05-01 14:03:04 UTC)" executed successfully
2026-05-01 19:33:04 [INFO] apscheduler.executors.default: Running job "Garden AI Processing (trigger: interval[0:00:10], next run at: 2026-05-01 14:03:14 UTC)" (scheduled at 2026-05-01 14:03:04.723931+00:00)
2026-05-01 19:33:04 [INFO] garden_cron: [2026-05-01 19:33:04] Cronjob triggered
2026-05-01 19:33:04 [INFO] services.garden_processor: No garden updates with status='Ready to Process' found.
2026-05-01 19:33:04 [INFO] garden_cron: Cronjob complete — 0 garden(s) processed.
2026-05-01 19:33:04 [INFO] apscheduler.executors.default: Job "Garden AI Processing (trigger: interval[0:00:10], next run at: 2026-05-01 14:03:14 UTC)" executed successfully
2026-05-01 19:33:14 [INFO] apscheduler.executors.default: Running job "Garden AI Processing (trigger: interval[0:00:10], next run at: 2026-05-01 14:03:24 UTC)" (scheduled at 2026-05-01 14:03:14.723931+00:00)
2026-05-01 19:33:14 [INFO] garden_cron: [2026-05-01 19:33:14] Cronjob triggered
2026-05-01 19:33:14 [INFO] services.garden_processor: No garden updates with status='Ready to Process' found.
2026-05-01 19:33:14 [INFO] garden_cron: Cronjob complete — 0 garden(s) processed.
2026-05-01 19:33:14 [INFO] apscheduler.executors.default: Job "Garden AI Processing (trigger: interval[0:00:10], next run at: 2026-05-01 14:03:24 UTC)" executed successfully
2026-05-01 19:33:24 [INFO] apscheduler.executors.default: Running job "Garden AI Processing (trigger: interval[0:00:10], next run at: 2026-05-01 14:03:34 UTC)" (scheduled at 2026-05-01 14:03:24.723931+00:00)
2026-05-01 19:33:24 [INFO] garden_cron: [2026-05-01 19:33:24] Cronjob triggered
2026-05-01 19:33:24 [INFO] services.garden_processor: No garden updates with status='Ready to Process' found.
2026-05-01 19:33:24 [INFO] garden_cron: Cronjob complete — 0 garden(s) processed.
2026-05-01 19:33:24 [INFO] apscheduler.executors.default: Job "Garden AI Processing (trigger: interval[0:00:10], next run at: 2026-05-01 14:03:34 UTC)" executed successfully
2026-05-01 19:33:34 [INFO] apscheduler.executors.default: Running job "Garden AI Processing (trigger: interval[0:00:10], next run at: 2026-05-01 14:03:44 UTC)" (scheduled at 2026-05-01 14:03:34.723931+00:00)
2026-05-01 19:33:34 [INFO] garden_cron: [2026-05-01 19:33:34] Cronjob triggered
2026-05-01 19:33:34 [INFO] services.garden_processor: No garden updates with status='Ready to Process' found.
2026-05-01 19:33:34 [INFO] garden_cron: Cronjob complete — 0 garden(s) processed.
2026-05-01 19:33:34 [INFO] apscheduler.executors.default: Job "Garden AI Processing (trigger: interval[0:00:10], next run at: 2026-05-01 14:03:44 UTC)" executed successfully
2026-05-01 19:33:44 [INFO] apscheduler.executors.default: Running job "Garden AI Processing (trigger: interval[0:00:10], next run at: 2026-05-01 14:03:54 UTC)" (scheduled at 2026-05-01 14:03:44.723931+00:00)
2026-05-01 19:33:44 [INFO] garden_cron: [2026-05-01 19:33:44] Cronjob triggered
2026-05-01 19:33:44 [INFO] services.garden_processor: No garden updates with status='Ready to Process' found.
2026-05-01 19:33:44 [INFO] garden_cron: Cronjob complete — 0 garden(s) processed.
2026-05-01 19:33:44 [INFO] apscheduler.executors.default: Job "Garden AI Processing (trigger: interval[0:00:10], next run at: 2026-05-01 14:03:54 UTC)" executed successfully
2026-05-01 19:33:54 [INFO] apscheduler.executors.default: Running job "Garden AI Processing (trigger: interval[0:00:10], next run at: 2026-05-01 14:04:04 UTC)" (scheduled at 2026-05-01 14:03:54.723931+00:00)
2026-05-01 19:33:54 [INFO] garden_cron: [2026-05-01 19:33:54] Cronjob triggered
2026-05-01 19:33:54 [INFO] services.garden_processor: No garden updates with status='Ready to Process' found.
2026-05-01 19:33:54 [INFO] garden_cron: Cronjob complete — 0 garden(s) processed.
2026-05-01 19:33:54 [INFO] apscheduler.executors.default: Job "Garden AI Processing (trigger: interval[0:00:10], next run at: 2026-05-01 14:04:04 UTC)" executed successfully
2026-05-01 19:34:04 [INFO] apscheduler.executors.default: Running job "Garden AI Processing (trigger: interval[0:00:10], next run at: 2026-05-01 14:04:14 UTC)" (scheduled at 2026-05-01 14:04:04.723931+00:00)
2026-05-01 19:34:04 [INFO] garden_cron: [2026-05-01 19:34:04] Cronjob triggered
2026-05-01 19:34:04 [INFO] services.garden_processor: No garden updates with status='Ready to Process' found.
2026-05-01 19:34:04 [INFO] garden_cron: Cronjob complete — 0 garden(s) processed.
2026-05-01 19:34:04 [INFO] apscheduler.executors.default: Job "Garden AI Processing (trigger: interval[0:00:10], next run at: 2026-05-01 14:04:14 UTC)" executed successfully
2026-05-01 19:34:14 [INFO] apscheduler.executors.default: Running job "Garden AI Processing (trigger: interval[0:00:10], next run at: 2026-05-01 14:04:24 UTC)" (scheduled at 2026-05-01 14:04:14.723931+00:00)
2026-05-01 19:34:14 [INFO] garden_cron: [2026-05-01 19:34:14] Cronjob triggered
2026-05-01 19:34:14 [INFO] services.garden_processor: No garden updates with status='Ready to Process' found.
2026-05-01 19:34:14 [INFO] garden_cron: Cronjob complete — 0 garden(s) processed.
2026-05-01 19:34:14 [INFO] apscheduler.executors.default: Job "Garden AI Processing (trigger: interval[0:00:10], next run at: 2026-05-01 14:04:24 UTC)" executed successfully
2026-05-01 19:34:24 [INFO] apscheduler.executors.default: Running job "Garden AI Processing (trigger: interval[0:00:10], next run at: 2026-05-01 14:04:34 UTC)" (scheduled at 2026-05-01 14:04:24.723931+00:00)
2026-05-01 19:34:24 [INFO] garden_cron: [2026-05-01 19:34:24] Cronjob triggered
2026-05-01 19:34:24 [INFO] services.garden_processor: No garden updates with status='Ready to Process' found.
2026-05-01 19:34:24 [INFO] garden_cron: Cronjob complete — 0 garden(s) processed.
2026-05-01 19:34:24 [INFO] apscheduler.executors.default: Job "Garden AI Processing (trigger: interval[0:00:10], next run at: 2026-05-01 14:04:34 UTC)" executed successfully
2026-05-01 19:34:34 [INFO] apscheduler.executors.default: Running job "Garden AI Processing (trigger: interval[0:00:10], next run at: 2026-05-01 14:04:44 UTC)" (scheduled at 2026-05-01 14:04:34.723931+00:00)
2026-05-01 19:34:34 [INFO] garden_cron: [2026-05-01 19:34:34] Cronjob triggered
2026-05-01 19:34:34 [INFO] services.garden_processor: No garden updates with status='Ready to Process' found.
2026-05-01 19:34:34 [INFO] garden_cron: Cronjob complete — 0 garden(s) processed.
2026-05-01 19:34:34 [INFO] apscheduler.executors.default: Job "Garden AI Processing (trigger: interval[0:00:10], next run at: 2026-05-01 14:04:44 UTC)" executed successfully
2026-05-01 19:34:44 [INFO] apscheduler.executors.default: Running job "Garden AI Processing (trigger: interval[0:00:10], next run at: 2026-05-01 14:04:54 UTC)" (scheduled at 2026-05-01 14:04:44.723931+00:00)
2026-05-01 19:34:44 [INFO] garden_cron: [2026-05-01 19:34:44] Cronjob triggered
2026-05-01 19:34:44 [INFO] services.garden_processor: No garden updates with status='Ready to Process' found.
2026-05-01 19:34:44 [INFO] garden_cron: Cronjob complete — 0 garden(s) processed.
2026-05-01 19:34:44 [INFO] apscheduler.executors.default: Job "Garden AI Processing (trigger: interval[0:00:10], next run at: 2026-05-01 14:04:54 UTC)" executed successfully
2026-05-01 19:34:54 [INFO] apscheduler.executors.default: Running job "Garden AI Processing (trigger: interval[0:00:10], next run at: 2026-05-01 14:05:04 UTC)" (scheduled at 2026-05-01 14:04:54.723931+00:00)
2026-05-01 19:34:54 [INFO] garden_cron: [2026-05-01 19:34:54] Cronjob triggered
2026-05-01 19:34:54 [INFO] services.garden_processor: No garden updates with status='Ready to Process' found.
2026-05-01 19:34:54 [INFO] garden_cron: Cronjob complete — 0 garden(s) processed.
2026-05-01 19:34:54 [INFO] apscheduler.executors.default: Job "Garden AI Processing (trigger: interval[0:00:10], next run at: 2026-05-01 14:05:04 UTC)" executed successfully
2026-05-01 19:35:04 [INFO] apscheduler.executors.default: Running job "Garden AI Processing (trigger: interval[0:00:10], next run at: 2026-05-01 14:05:14 UTC)" (scheduled at 2026-05-01 14:05:04.723931+00:00)
2026-05-01 19:35:04 [INFO] garden_cron: [2026-05-01 19:35:04] Cronjob triggered
2026-05-01 19:35:04 [INFO] services.garden_processor: No garden updates with status='Ready to Process' found.
2026-05-01 19:35:04 [INFO] garden_cron: Cronjob complete — 0 garden(s) processed.
2026-05-01 19:35:04 [INFO] apscheduler.executors.default: Job "Garden AI Processing (trigger: interval[0:00:10], next run at: 2026-05-01 14:05:14 UTC)" executed successfully
2026-05-01 19:35:14 [INFO] apscheduler.executors.default: Running job "Garden AI Processing (trigger: interval[0:00:10], next run at: 2026-05-01 14:05:24 UTC)" (scheduled at 2026-05-01 14:05:14.723931+00:00)
2026-05-01 19:35:14 [INFO] garden_cron: [2026-05-01 19:35:14] Cronjob triggered
2026-05-01 19:35:14 [INFO] services.garden_processor: No garden updates with status='Ready to Process' found.
2026-05-01 19:35:14 [INFO] garden_cron: Cronjob complete — 0 garden(s) processed.
2026-05-01 19:35:14 [INFO] apscheduler.executors.default: Job "Garden AI Processing (trigger: interval[0:00:10], next run at: 2026-05-01 14:05:24 UTC)" executed successfully
2026-05-01 19:35:24 [INFO] apscheduler.executors.default: Running job "Garden AI Processing (trigger: interval[0:00:10], next run at: 2026-05-01 14:05:34 UTC)" (scheduled at 2026-05-01 14:05:24.723931+00:00)
2026-05-01 19:35:24 [INFO] garden_cron: [2026-05-01 19:35:24] Cronjob triggered
2026-05-01 19:35:24 [INFO] services.garden_processor: No garden updates with status='Ready to Process' found.
2026-05-01 19:35:24 [INFO] garden_cron: Cronjob complete — 0 garden(s) processed.
2026-05-01 19:35:24 [INFO] apscheduler.executors.default: Job "Garden AI Processing (trigger: interval[0:00:10], next run at: 2026-05-01 14:05:34 UTC)" executed successfully
2026-05-01 19:35:34 [INFO] apscheduler.executors.default: Running job "Garden AI Processing (trigger: interval[0:00:10], next run at: 2026-05-01 14:05:44 UTC)" (scheduled at 2026-05-01 14:05:34.723931+00:00)
2026-05-01 19:35:34 [INFO] garden_cron: [2026-05-01 19:35:34] Cronjob triggered
2026-05-01 19:35:34 [INFO] services.garden_processor: No garden updates with status='Ready to Process' found.
2026-05-01 19:35:34 [INFO] garden_cron: Cronjob complete — 0 garden(s) processed.
2026-05-01 19:35:34 [INFO] apscheduler.executors.default: Job "Garden AI Processing (trigger: interval[0:00:10], next run at: 2026-05-01 14:05:44 UTC)" executed successfully
2026-05-01 19:35:44 [INFO] apscheduler.executors.default: Running job "Garden AI Processing (trigger: interval[0:00:10], next run at: 2026-05-01 14:05:54 UTC)" (scheduled at 2026-05-01 14:05:44.723931+00:00)
2026-05-01 19:35:44 [INFO] garden_cron: [2026-05-01 19:35:44] Cronjob triggered
2026-05-01 19:35:44 [INFO] services.garden_processor: No garden updates with status='Ready to Process' found.
2026-05-01 19:35:44 [INFO] garden_cron: Cronjob complete — 0 garden(s) processed.
2026-05-01 19:35:44 [INFO] apscheduler.executors.default: Job "Garden AI Processing (trigger: interval[0:00:10], next run at: 2026-05-01 14:05:54 UTC)" executed successfully
2026-05-01 19:35:54 [INFO] apscheduler.executors.default: Running job "Garden AI Processing (trigger: interval[0:00:10], next run at: 2026-05-01 14:06:04 UTC)" (scheduled at 2026-05-01 14:05:54.723931+00:00)
2026-05-01 19:35:54 [INFO] garden_cron: [2026-05-01 19:35:54] Cronjob triggered
2026-05-01 19:35:54 [INFO] services.garden_processor: No garden updates with status='Ready to Process' found.
2026-05-01 19:35:54 [INFO] garden_cron: Cronjob complete — 0 garden(s) processed.
2026-05-01 19:35:54 [INFO] apscheduler.executors.default: Job "Garden AI Processing (trigger: interval[0:00:10], next run at: 2026-05-01 14:06:04 UTC)" executed successfully
2026-05-01 19:36:04 [INFO] apscheduler.executors.default: Running job "Garden AI Processing (trigger: interval[0:00:10], next run at: 2026-05-01 14:06:14 UTC)" (scheduled at 2026-05-01 14:06:04.723931+00:00)
2026-05-01 19:36:04 [INFO] garden_cron: [2026-05-01 19:36:04] Cronjob triggered
2026-05-01 19:36:04 [INFO] services.garden_processor: No garden updates with status='Ready to Process' found.
2026-05-01 19:36:04 [INFO] garden_cron: Cronjob complete — 0 garden(s) processed.
2026-05-01 19:36:04 [INFO] apscheduler.executors.default: Job "Garden AI Processing (trigger: interval[0:00:10], next run at: 2026-05-01 14:06:14 UTC)" executed successfully
2026-05-01 19:36:14 [INFO] apscheduler.executors.default: Running job "Garden AI Processing (trigger: interval[0:00:10], next run at: 2026-05-01 14:06:24 UTC)" (scheduled at 2026-05-01 14:06:14.723931+00:00)
2026-05-01 19:36:14 [INFO] garden_cron: [2026-05-01 19:36:14] Cronjob triggered
2026-05-01 19:36:14 [INFO] services.garden_processor: No garden updates with status='Ready to Process' found.
2026-05-01 19:36:14 [INFO] garden_cron: Cronjob complete — 0 garden(s) processed.
2026-05-01 19:36:14 [INFO] apscheduler.executors.default: Job "Garden AI Processing (trigger: interval[0:00:10], next run at: 2026-05-01 14:06:24 UTC)" executed successfully
2026-05-01 19:36:24 [INFO] apscheduler.executors.default: Running job "Garden AI Processing (trigger: interval[0:00:10], next run at: 2026-05-01 14:06:34 UTC)" (scheduled at 2026-05-01 14:06:24.723931+00:00)
2026-05-01 19:36:24 [INFO] garden_cron: [2026-05-01 19:36:24] Cronjob triggered
2026-05-01 19:36:24 [INFO] services.garden_processor: No garden updates with status='Ready to Process' found.
2026-05-01 19:36:24 [INFO] garden_cron: Cronjob complete — 0 garden(s) processed.
2026-05-01 19:36:24 [INFO] apscheduler.executors.default: Job "Garden AI Processing (trigger: interval[0:00:10], next run at: 2026-05-01 14:06:34 UTC)" executed successfully
2026-05-01 19:36:34 [INFO] apscheduler.executors.default: Running job "Garden AI Processing (trigger: interval[0:00:10], next run at: 2026-05-01 14:06:44 UTC)" (scheduled at 2026-05-01 14:06:34.723931+00:00)
2026-05-01 19:36:34 [INFO] garden_cron: [2026-05-01 19:36:34] Cronjob triggered
2026-05-01 19:36:34 [INFO] services.garden_processor: No garden updates with status='Ready to Process' found.
2026-05-01 19:36:34 [INFO] garden_cron: Cronjob complete — 0 garden(s) processed.
2026-05-01 19:36:34 [INFO] apscheduler.executors.default: Job "Garden AI Processing (trigger: interval[0:00:10], next run at: 2026-05-01 14:06:44 UTC)" executed successfully
2026-05-01 19:36:44 [INFO] apscheduler.executors.default: Running job "Garden AI Processing (trigger: interval[0:00:10], next run at: 2026-05-01 14:06:54 UTC)" (scheduled at 2026-05-01 14:06:44.723931+00:00)
2026-05-01 19:36:44 [INFO] garden_cron: [2026-05-01 19:36:44] Cronjob triggered
2026-05-01 19:36:44 [INFO] services.garden_processor: No garden updates with status='Ready to Process' found.
2026-05-01 19:36:44 [INFO] garden_cron: Cronjob complete — 0 garden(s) processed.
2026-05-01 19:36:44 [INFO] apscheduler.executors.default: Job "Garden AI Processing (trigger: interval[0:00:10], next run at: 2026-05-01 14:06:54 UTC)" executed successfully
2026-05-01 19:36:54 [INFO] apscheduler.executors.default: Running job "Garden AI Processing (trigger: interval[0:00:10], next run at: 2026-05-01 14:07:04 UTC)" (scheduled at 2026-05-01 14:06:54.723931+00:00)
2026-05-01 19:36:54 [INFO] garden_cron: [2026-05-01 19:36:54] Cronjob triggered
2026-05-01 19:36:54 [INFO] services.garden_processor: No garden updates with status='Ready to Process' found.
2026-05-01 19:36:54 [INFO] garden_cron: Cronjob complete — 0 garden(s) processed.
2026-05-01 19:36:54 [INFO] apscheduler.executors.default: Job "Garden AI Processing (trigger: interval[0:00:10], next run at: 2026-05-01 14:07:04 UTC)" executed successfully
2026-05-01 19:37:04 [INFO] apscheduler.executors.default: Running job "Garden AI Processing (trigger: interval[0:00:10], next run at: 2026-05-01 14:07:14 UTC)" (scheduled at 2026-05-01 14:07:04.723931+00:00)
2026-05-01 19:37:04 [INFO] garden_cron: [2026-05-01 19:37:04] Cronjob triggered
2026-05-01 19:37:04 [INFO] services.garden_processor: No garden updates with status='Ready to Process' found.
2026-05-01 19:37:04 [INFO] garden_cron: Cronjob complete — 0 garden(s) processed.
2026-05-01 19:37:04 [INFO] apscheduler.executors.default: Job "Garden AI Processing (trigger: interval[0:00:10], next run at: 2026-05-01 14:07:14 UTC)" executed successfully
2026-05-01 19:37:14 [INFO] apscheduler.executors.default: Running job "Garden AI Processing (trigger: interval[0:00:10], next run at: 2026-05-01 14:07:24 UTC)" (scheduled at 2026-05-01 14:07:14.723931+00:00)
2026-05-01 19:37:14 [INFO] garden_cron: [2026-05-01 19:37:14] Cronjob triggered
2026-05-01 19:37:14 [INFO] services.garden_processor: No garden updates with status='Ready to Process' found.
2026-05-01 19:37:14 [INFO] garden_cron: Cronjob complete — 0 garden(s) processed.
2026-05-01 19:37:14 [INFO] apscheduler.executors.default: Job "Garden AI Processing (trigger: interval[0:00:10], next run at: 2026-05-01 14:07:24 UTC)" executed successfully
2026-05-01 19:37:24 [INFO] apscheduler.executors.default: Running job "Garden AI Processing (trigger: interval[0:00:10], next run at: 2026-05-01 14:07:34 UTC)" (scheduled at 2026-05-01 14:07:24.723931+00:00)
2026-05-01 19:37:24 [INFO] garden_cron: [2026-05-01 19:37:24] Cronjob triggered
2026-05-01 19:37:24 [INFO] services.garden_processor: No garden updates with status='Ready to Process' found.
2026-05-01 19:37:24 [INFO] garden_cron: Cronjob complete — 0 garden(s) processed.
2026-05-01 19:37:24 [INFO] apscheduler.executors.default: Job "Garden AI Processing (trigger: interval[0:00:10], next run at: 2026-05-01 14:07:34 UTC)" executed successfully
2026-05-01 19:37:34 [INFO] apscheduler.executors.default: Running job "Garden AI Processing (trigger: interval[0:00:10], next run at: 2026-05-01 14:07:44 UTC)" (scheduled at 2026-05-01 14:07:34.723931+00:00)
2026-05-01 19:37:34 [INFO] garden_cron: [2026-05-01 19:37:34] Cronjob triggered
2026-05-01 19:37:34 [INFO] services.garden_processor: No garden updates with status='Ready to Process' found.
2026-05-01 19:37:34 [INFO] garden_cron: Cronjob complete — 0 garden(s) processed.
2026-05-01 19:37:34 [INFO] apscheduler.executors.default: Job "Garden AI Processing (trigger: interval[0:00:10], next run at: 2026-05-01 14:07:44 UTC)" executed successfully
2026-05-01 19:37:44 [INFO] apscheduler.executors.default: Running job "Garden AI Processing (trigger: interval[0:00:10], next run at: 2026-05-01 14:07:54 UTC)" (scheduled at 2026-05-01 14:07:44.723931+00:00)
2026-05-01 19:37:44 [INFO] garden_cron: [2026-05-01 19:37:44] Cronjob triggered
2026-05-01 19:37:44 [INFO] services.garden_processor: No garden updates with status='Ready to Process' found.
2026-05-01 19:37:44 [INFO] garden_cron: Cronjob complete — 0 garden(s) processed.
2026-05-01 19:37:44 [INFO] apscheduler.executors.default: Job "Garden AI Processing (trigger: interval[0:00:10], next run at: 2026-05-01 14:07:54 UTC)" executed successfully
2026-05-01 19:37:54 [INFO] apscheduler.executors.default: Running job "Garden AI Processing (trigger: interval[0:00:10], next run at: 2026-05-01 14:08:04 UTC)" (scheduled at 2026-05-01 14:07:54.723931+00:00)
2026-05-01 19:37:54 [INFO] garden_cron: [2026-05-01 19:37:54] Cronjob triggered
2026-05-01 19:37:54 [INFO] services.garden_processor: No garden updates with status='Ready to Process' found.
2026-05-01 19:37:54 [INFO] garden_cron: Cronjob complete — 0 garden(s) processed.
2026-05-01 19:37:54 [INFO] apscheduler.executors.default: Job "Garden AI Processing (trigger: interval[0:00:10], next run at: 2026-05-01 14:08:04 UTC)" executed successfully
2026-05-01 19:38:04 [INFO] apscheduler.executors.default: Running job "Garden AI Processing (trigger: interval[0:00:10], next run at: 2026-05-01 14:08:14 UTC)" (scheduled at 2026-05-01 14:08:04.723931+00:00)
2026-05-01 19:38:04 [INFO] garden_cron: [2026-05-01 19:38:04] Cronjob triggered
2026-05-01 19:38:04 [INFO] services.garden_processor: No garden updates with status='Ready to Process' found.
2026-05-01 19:38:04 [INFO] garden_cron: Cronjob complete — 0 garden(s) processed.
2026-05-01 19:38:04 [INFO] apscheduler.executors.default: Job "Garden AI Processing (trigger: interval[0:00:10], next run at: 2026-05-01 14:08:14 UTC)" executed successfully
2026-05-01 19:38:14 [INFO] apscheduler.executors.default: Running job "Garden AI Processing (trigger: interval[0:00:10], next run at: 2026-05-01 14:08:24 UTC)" (scheduled at 2026-05-01 14:08:14.723931+00:00)
2026-05-01 19:38:14 [INFO] garden_cron: [2026-05-01 19:38:14] Cronjob triggered
2026-05-01 19:38:14 [INFO] services.garden_processor: No garden updates with status='Ready to Process' found.
2026-05-01 19:38:14 [INFO] garden_cron: Cronjob complete — 0 garden(s) processed.
2026-05-01 19:38:14 [INFO] apscheduler.executors.default: Job "Garden AI Processing (trigger: interval[0:00:10], next run at: 2026-05-01 14:08:24 UTC)" executed successfully
2026-05-01 19:38:24 [INFO] apscheduler.executors.default: Running job "Garden AI Processing (trigger: interval[0:00:10], next run at: 2026-05-01 14:08:34 UTC)" (scheduled at 2026-05-01 14:08:24.723931+00:00)
2026-05-01 19:38:24 [INFO] garden_cron: [2026-05-01 19:38:24] Cronjob triggered
2026-05-01 19:38:24 [INFO] services.garden_processor: No garden updates with status='Ready to Process' found.
2026-05-01 19:38:24 [INFO] garden_cron: Cronjob complete — 0 garden(s) processed.
2026-05-01 19:38:24 [INFO] apscheduler.executors.default: Job "Garden AI Processing (trigger: interval[0:00:10], next run at: 2026-05-01 14:08:34 UTC)" executed successfully
2026-05-01 19:38:34 [INFO] apscheduler.executors.default: Running job "Garden AI Processing (trigger: interval[0:00:10], next run at: 2026-05-01 14:08:44 UTC)" (scheduled at 2026-05-01 14:08:34.723931+00:00)
2026-05-01 19:38:34 [INFO] garden_cron: [2026-05-01 19:38:34] Cronjob triggered
2026-05-01 19:38:34 [INFO] services.garden_processor: No garden updates with status='Ready to Process' found.
2026-05-01 19:38:34 [INFO] garden_cron: Cronjob complete — 0 garden(s) processed.
2026-05-01 19:38:34 [INFO] apscheduler.executors.default: Job "Garden AI Processing (trigger: interval[0:00:10], next run at: 2026-05-01 14:08:44 UTC)" executed successfully
2026-05-01 19:38:44 [INFO] apscheduler.executors.default: Running job "Garden AI Processing (trigger: interval[0:00:10], next run at: 2026-05-01 14:08:54 UTC)" (scheduled at 2026-05-01 14:08:44.723931+00:00)
2026-05-01 19:38:44 [INFO] garden_cron: [2026-05-01 19:38:44] Cronjob triggered
2026-05-01 19:38:44 [INFO] services.garden_processor: No garden updates with status='Ready to Process' found.
2026-05-01 19:38:44 [INFO] garden_cron: Cronjob complete — 0 garden(s) processed.
2026-05-01 19:38:44 [INFO] apscheduler.executors.default: Job "Garden AI Processing (trigger: interval[0:00:10], next run at: 2026-05-01 14:08:54 UTC)" executed successfully
2026-05-01 19:38:54 [INFO] apscheduler.executors.default: Running job "Garden AI Processing (trigger: interval[0:00:10], next run at: 2026-05-01 14:09:04 UTC)" (scheduled at 2026-05-01 14:08:54.723931+00:00)
2026-05-01 19:38:54 [INFO] garden_cron: [2026-05-01 19:38:54] Cronjob triggered
2026-05-01 19:38:54 [INFO] services.garden_processor: No garden updates with status='Ready to Process' found.
2026-05-01 19:38:54 [INFO] garden_cron: Cronjob complete — 0 garden(s) processed.
2026-05-01 19:38:54 [INFO] apscheduler.executors.default: Job "Garden AI Processing (trigger: interval[0:00:10], next run at: 2026-05-01 14:09:04 UTC)" executed successfully
2026-05-01 19:39:04 [INFO] apscheduler.executors.default: Running job "Garden AI Processing (trigger: interval[0:00:10], next run at: 2026-05-01 14:09:14 UTC)" (scheduled at 2026-05-01 14:09:04.723931+00:00)
2026-05-01 19:39:04 [INFO] garden_cron: [2026-05-01 19:39:04] Cronjob triggered
2026-05-01 19:39:04 [INFO] services.garden_processor: No garden updates with status='Ready to Process' found.
2026-05-01 19:39:04 [INFO] garden_cron: Cronjob complete — 0 garden(s) processed.
2026-05-01 19:39:04 [INFO] apscheduler.executors.default: Job "Garden AI Processing (trigger: interval[0:00:10], next run at: 2026-05-01 14:09:14 UTC)" executed successfully
2026-05-01 19:39:14 [INFO] apscheduler.executors.default: Running job "Garden AI Processing (trigger: interval[0:00:10], next run at: 2026-05-01 14:09:24 UTC)" (scheduled at 2026-05-01 14:09:14.723931+00:00)
2026-05-01 19:39:14 [INFO] garden_cron: [2026-05-01 19:39:14] Cronjob triggered
2026-05-01 19:39:14 [INFO] services.garden_processor: No garden updates with status='Ready to Process' found.
2026-05-01 19:39:14 [INFO] garden_cron: Cronjob complete — 0 garden(s) processed.
2026-05-01 19:39:14 [INFO] apscheduler.executors.default: Job "Garden AI Processing (trigger: interval[0:00:10], next run at: 2026-05-01 14:09:24 UTC)" executed successfully
2026-05-01 19:39:24 [INFO] apscheduler.executors.default: Running job "Garden AI Processing (trigger: interval[0:00:10], next run at: 2026-05-01 14:09:34 UTC)" (scheduled at 2026-05-01 14:09:24.723931+00:00)
2026-05-01 19:39:24 [INFO] garden_cron: [2026-05-01 19:39:24] Cronjob triggered
2026-05-01 19:39:24 [INFO] services.garden_processor: No garden updates with status='Ready to Process' found.
2026-05-01 19:39:24 [INFO] garden_cron: Cronjob complete — 0 garden(s) processed.
2026-05-01 19:39:24 [INFO] apscheduler.executors.default: Job "Garden AI Processing (trigger: interval[0:00:10], next run at: 2026-05-01 14:09:34 UTC)" executed successfully
2026-05-01 19:39:34 [INFO] apscheduler.executors.default: Running job "Garden AI Processing (trigger: interval[0:00:10], next run at: 2026-05-01 14:09:44 UTC)" (scheduled at 2026-05-01 14:09:34.723931+00:00)
2026-05-01 19:39:34 [INFO] garden_cron: [2026-05-01 19:39:34] Cronjob triggered
2026-05-01 19:39:34 [INFO] services.garden_processor: No garden updates with status='Ready to Process' found.
2026-05-01 19:39:34 [INFO] garden_cron: Cronjob complete — 0 garden(s) processed.
2026-05-01 19:39:34 [INFO] apscheduler.executors.default: Job "Garden AI Processing (trigger: interval[0:00:10], next run at: 2026-05-01 14:09:44 UTC)" executed successfully
2026-05-01 19:39:44 [INFO] apscheduler.executors.default: Running job "Garden AI Processing (trigger: interval[0:00:10], next run at: 2026-05-01 14:09:54 UTC)" (scheduled at 2026-05-01 14:09:44.723931+00:00)
2026-05-01 19:39:44 [INFO] garden_cron: [2026-05-01 19:39:44] Cronjob triggered
2026-05-01 19:39:44 [INFO] services.garden_processor: No garden updates with status='Ready to Process' found.
2026-05-01 19:39:44 [INFO] garden_cron: Cronjob complete — 0 garden(s) processed.
2026-05-01 19:39:44 [INFO] apscheduler.executors.default: Job "Garden AI Processing (trigger: interval[0:00:10], next run at: 2026-05-01 14:09:54 UTC)" executed successfully
2026-05-01 19:39:54 [INFO] apscheduler.executors.default: Running job "Garden AI Processing (trigger: interval[0:00:10], next run at: 2026-05-01 14:10:04 UTC)" (scheduled at 2026-05-01 14:09:54.723931+00:00)
2026-05-01 19:39:54 [INFO] garden_cron: [2026-05-01 19:39:54] Cronjob triggered
2026-05-01 19:39:54 [INFO] services.garden_processor: No garden updates with status='Ready to Process' found.
2026-05-01 19:39:54 [INFO] garden_cron: Cronjob complete — 0 garden(s) processed.
2026-05-01 19:39:54 [INFO] apscheduler.executors.default: Job "Garden AI Processing (trigger: interval[0:00:10], next run at: 2026-05-01 14:10:04 UTC)" executed successfully
2026-05-01 19:40:04 [INFO] apscheduler.executors.default: Running job "Garden AI Processing (trigger: interval[0:00:10], next run at: 2026-05-01 14:10:14 UTC)" (scheduled at 2026-05-01 14:10:04.723931+00:00)
2026-05-01 19:40:04 [INFO] garden_cron: [2026-05-01 19:40:04] Cronjob triggered
2026-05-01 19:40:04 [INFO] services.garden_processor: No garden updates with status='Ready to Process' found.
2026-05-01 19:40:04 [INFO] garden_cron: Cronjob complete — 0 garden(s) processed.
2026-05-01 19:40:04 [INFO] apscheduler.executors.default: Job "Garden AI Processing (trigger: interval[0:00:10], next run at: 2026-05-01 14:10:14 UTC)" executed successfully
2026-05-01 19:40:14 [INFO] apscheduler.executors.default: Running job "Garden AI Processing (trigger: interval[0:00:10], next run at: 2026-05-01 14:10:24 UTC)" (scheduled at 2026-05-01 14:10:14.723931+00:00)
2026-05-01 19:40:14 [INFO] garden_cron: [2026-05-01 19:40:14] Cronjob triggered
2026-05-01 19:40:14 [INFO] services.garden_processor: No garden updates with status='Ready to Process' found.
2026-05-01 19:40:14 [INFO] garden_cron: Cronjob complete — 0 garden(s) processed.
2026-05-01 19:40:14 [INFO] apscheduler.executors.default: Job "Garden AI Processing (trigger: interval[0:00:10], next run at: 2026-05-01 14:10:24 UTC)" executed successfully
2026-05-01 19:40:24 [INFO] apscheduler.executors.default: Running job "Garden AI Processing (trigger: interval[0:00:10], next run at: 2026-05-01 14:10:34 UTC)" (scheduled at 2026-05-01 14:10:24.723931+00:00)
2026-05-01 19:40:24 [INFO] garden_cron: [2026-05-01 19:40:24] Cronjob triggered
2026-05-01 19:40:24 [INFO] services.garden_processor: No garden updates with status='Ready to Process' found.
2026-05-01 19:40:24 [INFO] garden_cron: Cronjob complete — 0 garden(s) processed.
2026-05-01 19:40:24 [INFO] apscheduler.executors.default: Job "Garden AI Processing (trigger: interval[0:00:10], next run at: 2026-05-01 14:10:34 UTC)" executed successfully
2026-05-01 19:40:34 [INFO] apscheduler.executors.default: Running job "Garden AI Processing (trigger: interval[0:00:10], next run at: 2026-05-01 14:10:44 UTC)" (scheduled at 2026-05-01 14:10:34.723931+00:00)
2026-05-01 19:40:34 [INFO] garden_cron: [2026-05-01 19:40:34] Cronjob triggered
2026-05-01 19:40:34 [INFO] services.garden_processor: No garden updates with status='Ready to Process' found.
2026-05-01 19:40:34 [INFO] garden_cron: Cronjob complete — 0 garden(s) processed.
2026-05-01 19:40:34 [INFO] apscheduler.executors.default: Job "Garden AI Processing (trigger: interval[0:00:10], next run at: 2026-05-01 14:10:44 UTC)" executed successfully
2026-05-01 19:40:44 [INFO] apscheduler.executors.default: Running job "Garden AI Processing (trigger: interval[0:00:10], next run at: 2026-05-01 14:10:54 UTC)" (scheduled at 2026-05-01 14:10:44.723931+00:00)
2026-05-01 19:40:44 [INFO] garden_cron: [2026-05-01 19:40:44] Cronjob triggered
2026-05-01 19:40:44 [INFO] services.garden_processor: No garden updates with status='Ready to Process' found.
2026-05-01 19:40:44 [INFO] garden_cron: Cronjob complete — 0 garden(s) processed.
2026-05-01 19:40:44 [INFO] apscheduler.executors.default: Job "Garden AI Processing (trigger: interval[0:00:10], next run at: 2026-05-01 14:10:54 UTC)" executed successfully
2026-05-01 19:40:54 [INFO] apscheduler.executors.default: Running job "Garden AI Processing (trigger: interval[0:00:10], next run at: 2026-05-01 14:11:04 UTC)" (scheduled at 2026-05-01 14:10:54.723931+00:00)
2026-05-01 19:40:54 [INFO] garden_cron: [2026-05-01 19:40:54] Cronjob triggered
2026-05-01 19:40:54 [INFO] services.garden_processor: No garden updates with status='Ready to Process' found.
2026-05-01 19:40:54 [INFO] garden_cron: Cronjob complete — 0 garden(s) processed.
2026-05-01 19:40:54 [INFO] apscheduler.executors.default: Job "Garden AI Processing (trigger: interval[0:00:10], next run at: 2026-05-01 14:11:04 UTC)" executed successfully
2026-05-01 19:41:04 [INFO] apscheduler.executors.default: Running job "Garden AI Processing (trigger: interval[0:00:10], next run at: 2026-05-01 14:11:14 UTC)" (scheduled at 2026-05-01 14:11:04.723931+00:00)
2026-05-01 19:41:04 [INFO] garden_cron: [2026-05-01 19:41:04] Cronjob triggered
2026-05-01 19:41:04 [INFO] services.garden_processor: No garden updates with status='Ready to Process' found.
2026-05-01 19:41:04 [INFO] garden_cron: Cronjob complete — 0 garden(s) processed.
2026-05-01 19:41:04 [INFO] apscheduler.executors.default: Job "Garden AI Processing (trigger: interval[0:00:10], next run at: 2026-05-01 14:11:14 UTC)" executed successfully
2026-05-01 19:41:14 [INFO] apscheduler.executors.default: Running job "Garden AI Processing (trigger: interval[0:00:10], next run at: 2026-05-01 14:11:24 UTC)" (scheduled at 2026-05-01 14:11:14.723931+00:00)
2026-05-01 19:41:14 [INFO] garden_cron: [2026-05-01 19:41:14] Cronjob triggered
2026-05-01 19:41:14 [INFO] services.garden_processor: No garden updates with status='Ready to Process' found.
2026-05-01 19:41:14 [INFO] garden_cron: Cronjob complete — 0 garden(s) processed.
2026-05-01 19:41:14 [INFO] apscheduler.executors.default: Job "Garden AI Processing (trigger: interval[0:00:10], next run at: 2026-05-01 14:11:24 UTC)" executed successfully
2026-05-01 19:41:24 [INFO] apscheduler.executors.default: Running job "Garden AI Processing (trigger: interval[0:00:10], next run at: 2026-05-01 14:11:34 UTC)" (scheduled at 2026-05-01 14:11:24.723931+00:00)
2026-05-01 19:41:24 [INFO] garden_cron: [2026-05-01 19:41:24] Cronjob triggered
2026-05-01 19:41:24 [INFO] services.garden_processor: No garden updates with status='Ready to Process' found.
2026-05-01 19:41:24 [INFO] garden_cron: Cronjob complete — 0 garden(s) processed.
2026-05-01 19:41:24 [INFO] apscheduler.executors.default: Job "Garden AI Processing (trigger: interval[0:00:10], next run at: 2026-05-01 14:11:34 UTC)" executed successfully
2026-05-01 19:41:34 [INFO] apscheduler.executors.default: Running job "Garden AI Processing (trigger: interval[0:00:10], next run at: 2026-05-01 14:11:44 UTC)" (scheduled at 2026-05-01 14:11:34.723931+00:00)
2026-05-01 19:41:34 [INFO] garden_cron: [2026-05-01 19:41:34] Cronjob triggered
2026-05-01 19:41:34 [INFO] services.garden_processor: No garden updates with status='Ready to Process' found.
2026-05-01 19:41:34 [INFO] garden_cron: Cronjob complete — 0 garden(s) processed.
2026-05-01 19:41:34 [INFO] apscheduler.executors.default: Job "Garden AI Processing (trigger: interval[0:00:10], next run at: 2026-05-01 14:11:44 UTC)" executed successfully
2026-05-01 19:41:44 [INFO] apscheduler.executors.default: Running job "Garden AI Processing (trigger: interval[0:00:10], next run at: 2026-05-01 14:11:54 UTC)" (scheduled at 2026-05-01 14:11:44.723931+00:00)
2026-05-01 19:41:44 [INFO] garden_cron: [2026-05-01 19:41:44] Cronjob triggered
2026-05-01 19:41:44 [INFO] services.garden_processor: No garden updates with status='Ready to Process' found.
2026-05-01 19:41:44 [INFO] garden_cron: Cronjob complete — 0 garden(s) processed.
2026-05-01 19:41:44 [INFO] apscheduler.executors.default: Job "Garden AI Processing (trigger: interval[0:00:10], next run at: 2026-05-01 14:11:54 UTC)" executed successfully
2026-05-01 19:41:54 [INFO] apscheduler.executors.default: Running job "Garden AI Processing (trigger: interval[0:00:10], next run at: 2026-05-01 14:12:04 UTC)" (scheduled at 2026-05-01 14:11:54.723931+00:00)
2026-05-01 19:41:54 [INFO] garden_cron: [2026-05-01 19:41:54] Cronjob triggered
2026-05-01 19:41:54 [INFO] services.garden_processor: No garden updates with status='Ready to Process' found.
2026-05-01 19:41:54 [INFO] garden_cron: Cronjob complete — 0 garden(s) processed.
2026-05-01 19:41:54 [INFO] apscheduler.executors.default: Job "Garden AI Processing (trigger: interval[0:00:10], next run at: 2026-05-01 14:12:04 UTC)" executed successfully
2026-05-01 19:42:04 [INFO] apscheduler.executors.default: Running job "Garden AI Processing (trigger: interval[0:00:10], next run at: 2026-05-01 14:12:14 UTC)" (scheduled at 2026-05-01 14:12:04.723931+00:00)
2026-05-01 19:42:04 [INFO] garden_cron: [2026-05-01 19:42:04] Cronjob triggered
2026-05-01 19:42:04 [INFO] services.garden_processor: No garden updates with status='Ready to Process' found.
2026-05-01 19:42:04 [INFO] garden_cron: Cronjob complete — 0 garden(s) processed.
2026-05-01 19:42:04 [INFO] apscheduler.executors.default: Job "Garden AI Processing (trigger: interval[0:00:10], next run at: 2026-05-01 14:12:14 UTC)" executed successfully
2026-05-01 19:42:14 [INFO] apscheduler.executors.default: Running job "Garden AI Processing (trigger: interval[0:00:10], next run at: 2026-05-01 14:12:24 UTC)" (scheduled at 2026-05-01 14:12:14.723931+00:00)
2026-05-01 19:42:14 [INFO] garden_cron: [2026-05-01 19:42:14] Cronjob triggered
2026-05-01 19:42:14 [INFO] services.garden_processor: No garden updates with status='Ready to Process' found.
2026-05-01 19:42:14 [INFO] garden_cron: Cronjob complete — 0 garden(s) processed.
2026-05-01 19:42:14 [INFO] apscheduler.executors.default: Job "Garden AI Processing (trigger: interval[0:00:10], next run at: 2026-05-01 14:12:24 UTC)" executed successfully
2026-05-01 19:42:24 [INFO] apscheduler.executors.default: Running job "Garden AI Processing (trigger: interval[0:00:10], next run at: 2026-05-01 14:12:34 UTC)" (scheduled at 2026-05-01 14:12:24.723931+00:00)
2026-05-01 19:42:24 [INFO] garden_cron: [2026-05-01 19:42:24] Cronjob triggered
2026-05-01 19:42:24 [INFO] services.garden_processor: No garden updates with status='Ready to Process' found.
2026-05-01 19:42:24 [INFO] garden_cron: Cronjob complete — 0 garden(s) processed.
2026-05-01 19:42:24 [INFO] apscheduler.executors.default: Job "Garden AI Processing (trigger: interval[0:00:10], next run at: 2026-05-01 14:12:34 UTC)" executed successfully
2026-05-01 19:42:34 [INFO] apscheduler.executors.default: Running job "Garden AI Processing (trigger: interval[0:00:10], next run at: 2026-05-01 14:12:44 UTC)" (scheduled at 2026-05-01 14:12:34.723931+00:00)
2026-05-01 19:42:34 [INFO] garden_cron: [2026-05-01 19:42:34] Cronjob triggered
2026-05-01 19:42:34 [INFO] services.garden_processor: No garden updates with status='Ready to Process' found.
2026-05-01 19:42:34 [INFO] garden_cron: Cronjob complete — 0 garden(s) processed.
2026-05-01 19:42:34 [INFO] apscheduler.executors.default: Job "Garden AI Processing (trigger: interval[0:00:10], next run at: 2026-05-01 14:12:44 UTC)" executed successfully
2026-05-01 19:42:44 [INFO] apscheduler.executors.default: Running job "Garden AI Processing (trigger: interval[0:00:10], next run at: 2026-05-01 14:12:54 UTC)" (scheduled at 2026-05-01 14:12:44.723931+00:00)
2026-05-01 19:42:44 [INFO] garden_cron: [2026-05-01 19:42:44] Cronjob triggered
2026-05-01 19:42:44 [INFO] services.garden_processor: No garden updates with status='Ready to Process' found.
2026-05-01 19:42:44 [INFO] garden_cron: Cronjob complete — 0 garden(s) processed.
2026-05-01 19:42:44 [INFO] apscheduler.executors.default: Job "Garden AI Processing (trigger: interval[0:00:10], next run at: 2026-05-01 14:12:54 UTC)" executed successfully
2026-05-01 19:42:54 [INFO] apscheduler.executors.default: Running job "Garden AI Processing (trigger: interval[0:00:10], next run at: 2026-05-01 14:13:04 UTC)" (scheduled at 2026-05-01 14:12:54.723931+00:00)
2026-05-01 19:42:54 [INFO] garden_cron: [2026-05-01 19:42:54] Cronjob triggered
2026-05-01 19:42:54 [INFO] services.garden_processor: No garden updates with status='Ready to Process' found.
2026-05-01 19:42:54 [INFO] garden_cron: Cronjob complete — 0 garden(s) processed.
2026-05-01 19:42:54 [INFO] apscheduler.executors.default: Job "Garden AI Processing (trigger: interval[0:00:10], next run at: 2026-05-01 14:13:04 UTC)" executed successfully
2026-05-01 19:43:04 [INFO] apscheduler.executors.default: Running job "Garden AI Processing (trigger: interval[0:00:10], next run at: 2026-05-01 14:13:14 UTC)" (scheduled at 2026-05-01 14:13:04.723931+00:00)
2026-05-01 19:43:04 [INFO] garden_cron: [2026-05-01 19:43:04] Cronjob triggered
2026-05-01 19:43:04 [INFO] services.garden_processor: No garden updates with status='Ready to Process' found.
2026-05-01 19:43:04 [INFO] garden_cron: Cronjob complete — 0 garden(s) processed.
2026-05-01 19:43:04 [INFO] apscheduler.executors.default: Job "Garden AI Processing (trigger: interval[0:00:10], next run at: 2026-05-01 14:13:14 UTC)" executed successfully
2026-05-01 19:43:14 [INFO] apscheduler.executors.default: Running job "Garden AI Processing (trigger: interval[0:00:10], next run at: 2026-05-01 14:13:24 UTC)" (scheduled at 2026-05-01 14:13:14.723931+00:00)
2026-05-01 19:43:14 [INFO] garden_cron: [2026-05-01 19:43:14] Cronjob triggered
2026-05-01 19:43:14 [INFO] services.garden_processor: No garden updates with status='Ready to Process' found.
2026-05-01 19:43:14 [INFO] garden_cron: Cronjob complete — 0 garden(s) processed.
2026-05-01 19:43:14 [INFO] apscheduler.executors.default: Job "Garden AI Processing (trigger: interval[0:00:10], next run at: 2026-05-01 14:13:24 UTC)" executed successfully
2026-05-01 19:43:24 [INFO] apscheduler.executors.default: Running job "Garden AI Processing (trigger: interval[0:00:10], next run at: 2026-05-01 14:13:34 UTC)" (scheduled at 2026-05-01 14:13:24.723931+00:00)
2026-05-01 19:43:24 [INFO] garden_cron: [2026-05-01 19:43:24] Cronjob triggered
2026-05-01 19:43:24 [INFO] services.garden_processor: No garden updates with status='Ready to Process' found.
2026-05-01 19:43:24 [INFO] garden_cron: Cronjob complete — 0 garden(s) processed.
2026-05-01 19:43:24 [INFO] apscheduler.executors.default: Job "Garden AI Processing (trigger: interval[0:00:10], next run at: 2026-05-01 14:13:34 UTC)" executed successfully
2026-05-01 19:43:34 [INFO] apscheduler.executors.default: Running job "Garden AI Processing (trigger: interval[0:00:10], next run at: 2026-05-01 14:13:44 UTC)" (scheduled at 2026-05-01 14:13:34.723931+00:00)
2026-05-01 19:43:34 [INFO] garden_cron: [2026-05-01 19:43:34] Cronjob triggered
2026-05-01 19:43:34 [INFO] services.garden_processor: No garden updates with status='Ready to Process' found.
2026-05-01 19:43:34 [INFO] garden_cron: Cronjob complete — 0 garden(s) processed.
2026-05-01 19:43:34 [INFO] apscheduler.executors.default: Job "Garden AI Processing (trigger: interval[0:00:10], next run at: 2026-05-01 14:13:44 UTC)" executed successfully
2026-05-01 19:43:44 [INFO] apscheduler.executors.default: Running job "Garden AI Processing (trigger: interval[0:00:10], next run at: 2026-05-01 14:13:54 UTC)" (scheduled at 2026-05-01 14:13:44.723931+00:00)
2026-05-01 19:43:44 [INFO] garden_cron: [2026-05-01 19:43:44] Cronjob triggered
2026-05-01 19:43:44 [INFO] services.garden_processor: No garden updates with status='Ready to Process' found.
2026-05-01 19:43:44 [INFO] garden_cron: Cronjob complete — 0 garden(s) processed.
2026-05-01 19:43:44 [INFO] apscheduler.executors.default: Job "Garden AI Processing (trigger: interval[0:00:10], next run at: 2026-05-01 14:13:54 UTC)" executed successfully
2026-05-01 19:58:54 [INFO] apscheduler.executors.default: Running job "Garden AI Processing (trigger: interval[0:00:10], next run at: 2026-05-01 14:29:04 UTC)" (scheduled at 2026-05-01 14:28:54.723931+00:00)
2026-05-01 19:58:54 [INFO] garden_cron: [2026-05-01 19:58:54] Cronjob triggered
2026-05-01 19:58:54 [INFO] services.garden_processor: No garden updates with status='Ready to Process' found.
2026-05-01 19:58:54 [INFO] garden_cron: Cronjob complete — 0 garden(s) processed.
2026-05-01 19:58:54 [INFO] apscheduler.executors.default: Job "Garden AI Processing (trigger: interval[0:00:10], next run at: 2026-05-01 14:29:04 UTC)" executed successfully
2026-05-01 20:16:07 [WARNING] apscheduler.executors.default: Run time of job "Garden AI Processing (trigger: interval[0:00:10], next run at: 2026-05-01 14:46:14 UTC)" was missed by 0:00:02.691570
2026-05-01 20:43:06 [WARNING] apscheduler.executors.default: Run time of job "Garden AI Processing (trigger: interval[0:00:10], next run at: 2026-05-01 15:13:14 UTC)" was missed by 0:00:01.398923
2026-05-01 20:43:14 [INFO] apscheduler.executors.default: Running job "Garden AI Processing (trigger: interval[0:00:10], next run at: 2026-05-01 15:13:24 UTC)" (scheduled at 2026-05-01 15:13:14.723931+00:00)
2026-05-01 20:43:14 [INFO] garden_cron: [2026-05-01 20:43:14] Cronjob triggered
2026-05-01 20:43:14 [INFO] services.garden_processor: No garden updates with status='Ready to Process' found.
2026-05-01 20:43:14 [INFO] garden_cron: Cronjob complete — 0 garden(s) processed.
2026-05-01 20:43:14 [INFO] apscheduler.executors.default: Job "Garden AI Processing (trigger: interval[0:00:10], next run at: 2026-05-01 15:13:24 UTC)" executed successfully
2026-05-01 20:43:24 [INFO] apscheduler.executors.default: Running job "Garden AI Processing (trigger: interval[0:00:10], next run at: 2026-05-01 15:13:34 UTC)" (scheduled at 2026-05-01 15:13:24.723931+00:00)
2026-05-01 20:43:24 [INFO] garden_cron: [2026-05-01 20:43:24] Cronjob triggered
2026-05-01 20:43:24 [INFO] services.garden_processor: No garden updates with status='Ready to Process' found.
2026-05-01 20:43:24 [INFO] garden_cron: Cronjob complete — 0 garden(s) processed.
2026-05-01 20:43:24 [INFO] apscheduler.executors.default: Job "Garden AI Processing (trigger: interval[0:00:10], next run at: 2026-05-01 15:13:34 UTC)" executed successfully
2026-05-01 20:43:34 [INFO] apscheduler.executors.default: Running job "Garden AI Processing (trigger: interval[0:00:10], next run at: 2026-05-01 15:13:44 UTC)" (scheduled at 2026-05-01 15:13:34.723931+00:00)
2026-05-01 20:43:34 [INFO] garden_cron: [2026-05-01 20:43:34] Cronjob triggered
2026-05-01 20:43:34 [INFO] services.garden_processor: No garden updates with status='Ready to Process' found.
2026-05-01 20:43:34 [INFO] garden_cron: Cronjob complete — 0 garden(s) processed.
2026-05-01 20:43:34 [INFO] apscheduler.executors.default: Job "Garden AI Processing (trigger: interval[0:00:10], next run at: 2026-05-01 15:13:44 UTC)" executed successfully
2026-05-01 20:43:44 [INFO] apscheduler.executors.default: Running job "Garden AI Processing (trigger: interval[0:00:10], next run at: 2026-05-01 15:13:54 UTC)" (scheduled at 2026-05-01 15:13:44.723931+00:00)
2026-05-01 20:43:44 [INFO] garden_cron: [2026-05-01 20:43:44] Cronjob triggered
2026-05-01 20:43:44 [INFO] services.garden_processor: No garden updates with status='Ready to Process' found.
2026-05-01 20:43:44 [INFO] garden_cron: Cronjob complete — 0 garden(s) processed.
2026-05-01 20:43:44 [INFO] apscheduler.executors.default: Job "Garden AI Processing (trigger: interval[0:00:10], next run at: 2026-05-01 15:13:54 UTC)" executed successfully
2026-05-01 20:43:54 [INFO] apscheduler.executors.default: Running job "Garden AI Processing (trigger: interval[0:00:10], next run at: 2026-05-01 15:14:04 UTC)" (scheduled at 2026-05-01 15:13:54.723931+00:00)
2026-05-01 20:43:54 [INFO] garden_cron: [2026-05-01 20:43:54] Cronjob triggered
2026-05-01 20:43:54 [INFO] services.garden_processor: No garden updates with status='Ready to Process' found.
2026-05-01 20:43:54 [INFO] garden_cron: Cronjob complete — 0 garden(s) processed.
2026-05-01 20:43:54 [INFO] apscheduler.executors.default: Job "Garden AI Processing (trigger: interval[0:00:10], next run at: 2026-05-01 15:14:04 UTC)" executed successfully
2026-05-01 20:44:04 [INFO] apscheduler.executors.default: Running job "Garden AI Processing (trigger: interval[0:00:10], next run at: 2026-05-01 15:14:14 UTC)" (scheduled at 2026-05-01 15:14:04.723931+00:00)
2026-05-01 20:44:04 [INFO] garden_cron: [2026-05-01 20:44:04] Cronjob triggered
2026-05-01 20:44:04 [INFO] services.garden_processor: No garden updates with status='Ready to Process' found.
2026-05-01 20:44:04 [INFO] garden_cron: Cronjob complete — 0 garden(s) processed.
2026-05-01 20:44:04 [INFO] apscheduler.executors.default: Job "Garden AI Processing (trigger: interval[0:00:10], next run at: 2026-05-01 15:14:14 UTC)" executed successfully
2026-05-01 20:44:14 [INFO] apscheduler.executors.default: Running job "Garden AI Processing (trigger: interval[0:00:10], next run at: 2026-05-01 15:14:24 UTC)" (scheduled at 2026-05-01 15:14:14.723931+00:00)
2026-05-01 20:44:14 [INFO] garden_cron: [2026-05-01 20:44:14] Cronjob triggered
2026-05-01 20:44:14 [INFO] services.garden_processor: No garden updates with status='Ready to Process' found.
2026-05-01 20:44:14 [INFO] garden_cron: Cronjob complete — 0 garden(s) processed.
2026-05-01 20:44:14 [INFO] apscheduler.executors.default: Job "Garden AI Processing (trigger: interval[0:00:10], next run at: 2026-05-01 15:14:24 UTC)" executed successfully
2026-05-01 20:44:24 [INFO] apscheduler.executors.default: Running job "Garden AI Processing (trigger: interval[0:00:10], next run at: 2026-05-01 15:14:34 UTC)" (scheduled at 2026-05-01 15:14:24.723931+00:00)
2026-05-01 20:44:24 [INFO] garden_cron: [2026-05-01 20:44:24] Cronjob triggered
2026-05-01 20:44:24 [INFO] services.garden_processor: No garden updates with status='Ready to Process' found.
2026-05-01 20:44:24 [INFO] garden_cron: Cronjob complete — 0 garden(s) processed.
2026-05-01 20:44:24 [INFO] apscheduler.executors.default: Job "Garden AI Processing (trigger: interval[0:00:10], next run at: 2026-05-01 15:14:34 UTC)" executed successfully
2026-05-01 20:44:34 [INFO] apscheduler.executors.default: Running job "Garden AI Processing (trigger: interval[0:00:10], next run at: 2026-05-01 15:14:44 UTC)" (scheduled at 2026-05-01 15:14:34.723931+00:00)
2026-05-01 20:44:34 [INFO] garden_cron: [2026-05-01 20:44:34] Cronjob triggered
2026-05-01 20:44:34 [INFO] services.garden_processor: No garden updates with status='Ready to Process' found.
2026-05-01 20:44:34 [INFO] garden_cron: Cronjob complete — 0 garden(s) processed.
2026-05-01 20:44:34 [INFO] apscheduler.executors.default: Job "Garden AI Processing (trigger: interval[0:00:10], next run at: 2026-05-01 15:14:44 UTC)" executed successfully
2026-05-01 20:44:44 [INFO] apscheduler.executors.default: Running job "Garden AI Processing (trigger: interval[0:00:10], next run at: 2026-05-01 15:14:54 UTC)" (scheduled at 2026-05-01 15:14:44.723931+00:00)
2026-05-01 20:44:44 [INFO] garden_cron: [2026-05-01 20:44:44] Cronjob triggered
2026-05-01 20:44:44 [INFO] services.garden_processor: No garden updates with status='Ready to Process' found.
2026-05-01 20:44:44 [INFO] garden_cron: Cronjob complete — 0 garden(s) processed.
2026-05-01 20:44:44 [INFO] apscheduler.executors.default: Job "Garden AI Processing (trigger: interval[0:00:10], next run at: 2026-05-01 15:14:54 UTC)" executed successfully
2026-05-01 20:44:54 [INFO] apscheduler.executors.default: Running job "Garden AI Processing (trigger: interval[0:00:10], next run at: 2026-05-01 15:15:04 UTC)" (scheduled at 2026-05-01 15:14:54.723931+00:00)
2026-05-01 20:44:54 [INFO] garden_cron: [2026-05-01 20:44:54] Cronjob triggered
2026-05-01 20:44:54 [INFO] services.garden_processor: No garden updates with status='Ready to Process' found.
2026-05-01 20:44:54 [INFO] garden_cron: Cronjob complete — 0 garden(s) processed.
2026-05-01 20:44:54 [INFO] apscheduler.executors.default: Job "Garden AI Processing (trigger: interval[0:00:10], next run at: 2026-05-01 15:15:04 UTC)" executed successfully
2026-05-01 20:45:04 [INFO] apscheduler.executors.default: Running job "Garden AI Processing (trigger: interval[0:00:10], next run at: 2026-05-01 15:15:14 UTC)" (scheduled at 2026-05-01 15:15:04.723931+00:00)
2026-05-01 20:45:04 [INFO] garden_cron: [2026-05-01 20:45:04] Cronjob triggered
2026-05-01 20:45:04 [INFO] services.garden_processor: No garden updates with status='Ready to Process' found.
2026-05-01 20:45:04 [INFO] garden_cron: Cronjob complete — 0 garden(s) processed.
2026-05-01 20:45:04 [INFO] apscheduler.executors.default: Job "Garden AI Processing (trigger: interval[0:00:10], next run at: 2026-05-01 15:15:14 UTC)" executed successfully
2026-05-01 20:45:14 [INFO] apscheduler.executors.default: Running job "Garden AI Processing (trigger: interval[0:00:10], next run at: 2026-05-01 15:15:24 UTC)" (scheduled at 2026-05-01 15:15:14.723931+00:00)
2026-05-01 20:45:14 [INFO] garden_cron: [2026-05-01 20:45:14] Cronjob triggered
2026-05-01 20:45:14 [INFO] services.garden_processor: No garden updates with status='Ready to Process' found.
2026-05-01 20:45:14 [INFO] garden_cron: Cronjob complete — 0 garden(s) processed.
2026-05-01 20:45:14 [INFO] apscheduler.executors.default: Job "Garden AI Processing (trigger: interval[0:00:10], next run at: 2026-05-01 15:15:24 UTC)" executed successfully
2026-05-01 20:45:24 [INFO] apscheduler.executors.default: Running job "Garden AI Processing (trigger: interval[0:00:10], next run at: 2026-05-01 15:15:34 UTC)" (scheduled at 2026-05-01 15:15:24.723931+00:00)
2026-05-01 20:45:24 [INFO] garden_cron: [2026-05-01 20:45:24] Cronjob triggered
2026-05-01 20:45:24 [INFO] services.garden_processor: No garden updates with status='Ready to Process' found.
2026-05-01 20:45:24 [INFO] garden_cron: Cronjob complete — 0 garden(s) processed.
2026-05-01 20:45:24 [INFO] apscheduler.executors.default: Job "Garden AI Processing (trigger: interval[0:00:10], next run at: 2026-05-01 15:15:34 UTC)" executed successfully
2026-05-01 20:45:34 [INFO] apscheduler.executors.default: Running job "Garden AI Processing (trigger: interval[0:00:10], next run at: 2026-05-01 15:15:44 UTC)" (scheduled at 2026-05-01 15:15:34.723931+00:00)
2026-05-01 20:45:34 [INFO] garden_cron: [2026-05-01 20:45:34] Cronjob triggered
2026-05-01 20:45:34 [INFO] services.garden_processor: No garden updates with status='Ready to Process' found.
2026-05-01 20:45:34 [INFO] garden_cron: Cronjob complete — 0 garden(s) processed.
2026-05-01 20:45:34 [INFO] apscheduler.executors.default: Job "Garden AI Processing (trigger: interval[0:00:10], next run at: 2026-05-01 15:15:44 UTC)" executed successfully
2026-05-01 20:45:44 [INFO] apscheduler.executors.default: Running job "Garden AI Processing (trigger: interval[0:00:10], next run at: 2026-05-01 15:15:54 UTC)" (scheduled at 2026-05-01 15:15:44.723931+00:00)
2026-05-01 20:45:44 [INFO] garden_cron: [2026-05-01 20:45:44] Cronjob triggered
2026-05-01 20:45:44 [INFO] services.garden_processor: No garden updates with status='Ready to Process' found.
2026-05-01 20:45:44 [INFO] garden_cron: Cronjob complete — 0 garden(s) processed.
2026-05-01 20:45:44 [INFO] apscheduler.executors.default: Job "Garden AI Processing (trigger: interval[0:00:10], next run at: 2026-05-01 15:15:54 UTC)" executed successfully
2026-05-01 20:45:54 [INFO] apscheduler.executors.default: Running job "Garden AI Processing (trigger: interval[0:00:10], next run at: 2026-05-01 15:16:04 UTC)" (scheduled at 2026-05-01 15:15:54.723931+00:00)
2026-05-01 20:45:54 [INFO] garden_cron: [2026-05-01 20:45:54] Cronjob triggered
2026-05-01 20:45:54 [INFO] services.garden_processor: No garden updates with status='Ready to Process' found.
2026-05-01 20:45:54 [INFO] garden_cron: Cronjob complete — 0 garden(s) processed.
2026-05-01 20:45:54 [INFO] apscheduler.executors.default: Job "Garden AI Processing (trigger: interval[0:00:10], next run at: 2026-05-01 15:16:04 UTC)" executed successfully
2026-05-01 20:46:04 [INFO] apscheduler.executors.default: Running job "Garden AI Processing (trigger: interval[0:00:10], next run at: 2026-05-01 15:16:14 UTC)" (scheduled at 2026-05-01 15:16:04.723931+00:00)
2026-05-01 20:46:04 [INFO] garden_cron: [2026-05-01 20:46:04] Cronjob triggered
2026-05-01 20:46:04 [INFO] services.garden_processor: No garden updates with status='Ready to Process' found.
2026-05-01 20:46:04 [INFO] garden_cron: Cronjob complete — 0 garden(s) processed.
2026-05-01 20:46:04 [INFO] apscheduler.executors.default: Job "Garden AI Processing (trigger: interval[0:00:10], next run at: 2026-05-01 15:16:14 UTC)" executed successfully
2026-05-01 20:46:14 [INFO] apscheduler.executors.default: Running job "Garden AI Processing (trigger: interval[0:00:10], next run at: 2026-05-01 15:16:24 UTC)" (scheduled at 2026-05-01 15:16:14.723931+00:00)
2026-05-01 20:46:14 [INFO] garden_cron: [2026-05-01 20:46:14] Cronjob triggered
2026-05-01 20:46:14 [INFO] services.garden_processor: No garden updates with status='Ready to Process' found.
2026-05-01 20:46:14 [INFO] garden_cron: Cronjob complete — 0 garden(s) processed.
2026-05-01 20:46:14 [INFO] apscheduler.executors.default: Job "Garden AI Processing (trigger: interval[0:00:10], next run at: 2026-05-01 15:16:24 UTC)" executed successfully
2026-05-01 20:46:24 [INFO] apscheduler.executors.default: Running job "Garden AI Processing (trigger: interval[0:00:10], next run at: 2026-05-01 15:16:34 UTC)" (scheduled at 2026-05-01 15:16:24.723931+00:00)
2026-05-01 20:46:24 [INFO] garden_cron: [2026-05-01 20:46:24] Cronjob triggered
2026-05-01 20:46:24 [INFO] services.garden_processor: No garden updates with status='Ready to Process' found.
2026-05-01 20:46:24 [INFO] garden_cron: Cronjob complete — 0 garden(s) processed.
2026-05-01 20:46:24 [INFO] apscheduler.executors.default: Job "Garden AI Processing (trigger: interval[0:00:10], next run at: 2026-05-01 15:16:34 UTC)" executed successfully
2026-05-01 20:46:34 [INFO] apscheduler.executors.default: Running job "Garden AI Processing (trigger: interval[0:00:10], next run at: 2026-05-01 15:16:44 UTC)" (scheduled at 2026-05-01 15:16:34.723931+00:00)
2026-05-01 20:46:34 [INFO] garden_cron: [2026-05-01 20:46:34] Cronjob triggered
2026-05-01 20:46:34 [INFO] services.garden_processor: No garden updates with status='Ready to Process' found.
2026-05-01 20:46:34 [INFO] garden_cron: Cronjob complete — 0 garden(s) processed.
2026-05-01 20:46:34 [INFO] apscheduler.executors.default: Job "Garden AI Processing (trigger: interval[0:00:10], next run at: 2026-05-01 15:16:44 UTC)" executed successfully
2026-05-01 20:46:44 [INFO] apscheduler.executors.default: Running job "Garden AI Processing (trigger: interval[0:00:10], next run at: 2026-05-01 15:16:54 UTC)" (scheduled at 2026-05-01 15:16:44.723931+00:00)
2026-05-01 20:46:44 [INFO] garden_cron: [2026-05-01 20:46:44] Cronjob triggered
2026-05-01 20:46:44 [INFO] services.garden_processor: No garden updates with status='Ready to Process' found.
2026-05-01 20:46:44 [INFO] garden_cron: Cronjob complete — 0 garden(s) processed.
2026-05-01 20:46:44 [INFO] apscheduler.executors.default: Job "Garden AI Processing (trigger: interval[0:00:10], next run at: 2026-05-01 15:16:54 UTC)" executed successfully
2026-05-01 20:46:54 [INFO] apscheduler.executors.default: Running job "Garden AI Processing (trigger: interval[0:00:10], next run at: 2026-05-01 15:17:04 UTC)" (scheduled at 2026-05-01 15:16:54.723931+00:00)
2026-05-01 20:46:54 [INFO] garden_cron: [2026-05-01 20:46:54] Cronjob triggered
2026-05-01 20:46:54 [INFO] services.garden_processor: No garden updates with status='Ready to Process' found.
2026-05-01 20:46:54 [INFO] garden_cron: Cronjob complete — 0 garden(s) processed.
2026-05-01 20:46:54 [INFO] apscheduler.executors.default: Job "Garden AI Processing (trigger: interval[0:00:10], next run at: 2026-05-01 15:17:04 UTC)" executed successfully
2026-05-01 20:47:04 [INFO] apscheduler.executors.default: Running job "Garden AI Processing (trigger: interval[0:00:10], next run at: 2026-05-01 15:17:14 UTC)" (scheduled at 2026-05-01 15:17:04.723931+00:00)
2026-05-01 20:47:04 [INFO] garden_cron: [2026-05-01 20:47:04] Cronjob triggered
2026-05-01 20:47:04 [INFO] services.garden_processor: No garden updates with status='Ready to Process' found.
2026-05-01 20:47:04 [INFO] garden_cron: Cronjob complete — 0 garden(s) processed.
2026-05-01 20:47:04 [INFO] apscheduler.executors.default: Job "Garden AI Processing (trigger: interval[0:00:10], next run at: 2026-05-01 15:17:14 UTC)" executed successfully
2026-05-01 20:47:14 [INFO] apscheduler.executors.default: Running job "Garden AI Processing (trigger: interval[0:00:10], next run at: 2026-05-01 15:17:24 UTC)" (scheduled at 2026-05-01 15:17:14.723931+00:00)
2026-05-01 20:47:14 [INFO] garden_cron: [2026-05-01 20:47:14] Cronjob triggered
2026-05-01 20:47:14 [INFO] services.garden_processor: No garden updates with status='Ready to Process' found.
2026-05-01 20:47:14 [INFO] garden_cron: Cronjob complete — 0 garden(s) processed.
2026-05-01 20:47:14 [INFO] apscheduler.executors.default: Job "Garden AI Processing (trigger: interval[0:00:10], next run at: 2026-05-01 15:17:24 UTC)" executed successfully
2026-05-01 20:47:24 [INFO] apscheduler.executors.default: Running job "Garden AI Processing (trigger: interval[0:00:10], next run at: 2026-05-01 15:17:34 UTC)" (scheduled at 2026-05-01 15:17:24.723931+00:00)
2026-05-01 20:47:24 [INFO] garden_cron: [2026-05-01 20:47:24] Cronjob triggered
2026-05-01 20:47:24 [INFO] services.garden_processor: No garden updates with status='Ready to Process' found.
2026-05-01 20:47:24 [INFO] garden_cron: Cronjob complete — 0 garden(s) processed.
2026-05-01 20:47:24 [INFO] apscheduler.executors.default: Job "Garden AI Processing (trigger: interval[0:00:10], next run at: 2026-05-01 15:17:34 UTC)" executed successfully
2026-05-01 20:47:34 [INFO] apscheduler.executors.default: Running job "Garden AI Processing (trigger: interval[0:00:10], next run at: 2026-05-01 15:17:44 UTC)" (scheduled at 2026-05-01 15:17:34.723931+00:00)
2026-05-01 20:47:34 [INFO] garden_cron: [2026-05-01 20:47:34] Cronjob triggered
2026-05-01 20:47:34 [INFO] services.garden_processor: No garden updates with status='Ready to Process' found.
2026-05-01 20:47:34 [INFO] garden_cron: Cronjob complete — 0 garden(s) processed.
2026-05-01 20:47:34 [INFO] apscheduler.executors.default: Job "Garden AI Processing (trigger: interval[0:00:10], next run at: 2026-05-01 15:17:44 UTC)" executed successfully
2026-05-01 20:47:44 [INFO] apscheduler.executors.default: Running job "Garden AI Processing (trigger: interval[0:00:10], next run at: 2026-05-01 15:17:54 UTC)" (scheduled at 2026-05-01 15:17:44.723931+00:00)
2026-05-01 20:47:44 [INFO] garden_cron: [2026-05-01 20:47:44] Cronjob triggered
2026-05-01 20:47:44 [INFO] services.garden_processor: No garden updates with status='Ready to Process' found.
2026-05-01 20:47:44 [INFO] garden_cron: Cronjob complete — 0 garden(s) processed.
2026-05-01 20:47:44 [INFO] apscheduler.executors.default: Job "Garden AI Processing (trigger: interval[0:00:10], next run at: 2026-05-01 15:17:54 UTC)" executed successfully
2026-05-01 20:47:54 [INFO] apscheduler.executors.default: Running job "Garden AI Processing (trigger: interval[0:00:10], next run at: 2026-05-01 15:18:04 UTC)" (scheduled at 2026-05-01 15:17:54.723931+00:00)
2026-05-01 20:47:54 [INFO] garden_cron: [2026-05-01 20:47:54] Cronjob triggered
2026-05-01 20:47:54 [INFO] services.garden_processor: No garden updates with status='Ready to Process' found.
2026-05-01 20:47:54 [INFO] garden_cron: Cronjob complete — 0 garden(s) processed.
2026-05-01 20:47:54 [INFO] apscheduler.executors.default: Job "Garden AI Processing (trigger: interval[0:00:10], next run at: 2026-05-01 15:18:04 UTC)" executed successfully
2026-05-01 20:48:04 [INFO] apscheduler.executors.default: Running job "Garden AI Processing (trigger: interval[0:00:10], next run at: 2026-05-01 15:18:14 UTC)" (scheduled at 2026-05-01 15:18:04.723931+00:00)
2026-05-01 20:48:04 [INFO] garden_cron: [2026-05-01 20:48:04] Cronjob triggered
2026-05-01 20:48:04 [INFO] services.garden_processor: No garden updates with status='Ready to Process' found.
2026-05-01 20:48:04 [INFO] garden_cron: Cronjob complete — 0 garden(s) processed.
2026-05-01 20:48:04 [INFO] apscheduler.executors.default: Job "Garden AI Processing (trigger: interval[0:00:10], next run at: 2026-05-01 15:18:14 UTC)" executed successfully
2026-05-01 20:48:14 [INFO] apscheduler.executors.default: Running job "Garden AI Processing (trigger: interval[0:00:10], next run at: 2026-05-01 15:18:24 UTC)" (scheduled at 2026-05-01 15:18:14.723931+00:00)
2026-05-01 20:48:14 [INFO] garden_cron: [2026-05-01 20:48:14] Cronjob triggered
2026-05-01 20:48:14 [INFO] services.garden_processor: No garden updates with status='Ready to Process' found.
2026-05-01 20:48:14 [INFO] garden_cron: Cronjob complete — 0 garden(s) processed.
2026-05-01 20:48:14 [INFO] apscheduler.executors.default: Job "Garden AI Processing (trigger: interval[0:00:10], next run at: 2026-05-01 15:18:24 UTC)" executed successfully
2026-05-01 20:48:24 [INFO] apscheduler.executors.default: Running job "Garden AI Processing (trigger: interval[0:00:10], next run at: 2026-05-01 15:18:34 UTC)" (scheduled at 2026-05-01 15:18:24.723931+00:00)
2026-05-01 20:48:24 [INFO] garden_cron: [2026-05-01 20:48:24] Cronjob triggered
2026-05-01 20:48:24 [INFO] services.garden_processor: No garden updates with status='Ready to Process' found.
2026-05-01 20:48:24 [INFO] garden_cron: Cronjob complete — 0 garden(s) processed.
2026-05-01 20:48:24 [INFO] apscheduler.executors.default: Job "Garden AI Processing (trigger: interval[0:00:10], next run at: 2026-05-01 15:18:34 UTC)" executed successfully
2026-05-01 20:48:34 [INFO] apscheduler.executors.default: Running job "Garden AI Processing (trigger: interval[0:00:10], next run at: 2026-05-01 15:18:44 UTC)" (scheduled at 2026-05-01 15:18:34.723931+00:00)
2026-05-01 20:48:34 [INFO] garden_cron: [2026-05-01 20:48:34] Cronjob triggered
2026-05-01 20:48:34 [INFO] services.garden_processor: No garden updates with status='Ready to Process' found.
2026-05-01 20:48:34 [INFO] garden_cron: Cronjob complete — 0 garden(s) processed.
2026-05-01 20:48:34 [INFO] apscheduler.executors.default: Job "Garden AI Processing (trigger: interval[0:00:10], next run at: 2026-05-01 15:18:44 UTC)" executed successfully
2026-05-01 20:48:44 [INFO] apscheduler.executors.default: Running job "Garden AI Processing (trigger: interval[0:00:10], next run at: 2026-05-01 15:18:54 UTC)" (scheduled at 2026-05-01 15:18:44.723931+00:00)
2026-05-01 20:48:44 [INFO] garden_cron: [2026-05-01 20:48:44] Cronjob triggered
2026-05-01 20:48:44 [INFO] services.garden_processor: No garden updates with status='Ready to Process' found.
2026-05-01 20:48:44 [INFO] garden_cron: Cronjob complete — 0 garden(s) processed.
2026-05-01 20:48:44 [INFO] apscheduler.executors.default: Job "Garden AI Processing (trigger: interval[0:00:10], next run at: 2026-05-01 15:18:54 UTC)" executed successfully
2026-05-01 20:48:54 [INFO] apscheduler.executors.default: Running job "Garden AI Processing (trigger: interval[0:00:10], next run at: 2026-05-01 15:19:04 UTC)" (scheduled at 2026-05-01 15:18:54.723931+00:00)
2026-05-01 20:48:54 [INFO] garden_cron: [2026-05-01 20:48:54] Cronjob triggered
2026-05-01 20:48:54 [INFO] services.garden_processor: No garden updates with status='Ready to Process' found.
2026-05-01 20:48:54 [INFO] garden_cron: Cronjob complete — 0 garden(s) processed.
2026-05-01 20:48:54 [INFO] apscheduler.executors.default: Job "Garden AI Processing (trigger: interval[0:00:10], next run at: 2026-05-01 15:19:04 UTC)" executed successfully
2026-05-01 20:49:04 [INFO] apscheduler.executors.default: Running job "Garden AI Processing (trigger: interval[0:00:10], next run at: 2026-05-01 15:19:14 UTC)" (scheduled at 2026-05-01 15:19:04.723931+00:00)
2026-05-01 20:49:04 [INFO] garden_cron: [2026-05-01 20:49:04] Cronjob triggered
2026-05-01 20:49:04 [INFO] services.garden_processor: No garden updates with status='Ready to Process' found.
2026-05-01 20:49:04 [INFO] garden_cron: Cronjob complete — 0 garden(s) processed.
2026-05-01 20:49:04 [INFO] apscheduler.executors.default: Job "Garden AI Processing (trigger: interval[0:00:10], next run at: 2026-05-01 15:19:14 UTC)" executed successfully
2026-05-01 20:49:14 [INFO] apscheduler.executors.default: Running job "Garden AI Processing (trigger: interval[0:00:10], next run at: 2026-05-01 15:19:24 UTC)" (scheduled at 2026-05-01 15:19:14.723931+00:00)
2026-05-01 20:49:14 [INFO] garden_cron: [2026-05-01 20:49:14] Cronjob triggered
2026-05-01 20:49:14 [INFO] services.garden_processor: No garden updates with status='Ready to Process' found.
2026-05-01 20:49:14 [INFO] garden_cron: Cronjob complete — 0 garden(s) processed.
2026-05-01 20:49:14 [INFO] apscheduler.executors.default: Job "Garden AI Processing (trigger: interval[0:00:10], next run at: 2026-05-01 15:19:24 UTC)" executed successfully
2026-05-01 20:49:24 [INFO] apscheduler.executors.default: Running job "Garden AI Processing (trigger: interval[0:00:10], next run at: 2026-05-01 15:19:34 UTC)" (scheduled at 2026-05-01 15:19:24.723931+00:00)
2026-05-01 20:49:24 [INFO] garden_cron: [2026-05-01 20:49:24] Cronjob triggered
2026-05-01 20:49:24 [INFO] services.garden_processor: No garden updates with status='Ready to Process' found.
2026-05-01 20:49:24 [INFO] garden_cron: Cronjob complete — 0 garden(s) processed.
2026-05-01 20:49:24 [INFO] apscheduler.executors.default: Job "Garden AI Processing (trigger: interval[0:00:10], next run at: 2026-05-01 15:19:34 UTC)" executed successfully
2026-05-01 20:49:34 [INFO] apscheduler.executors.default: Running job "Garden AI Processing (trigger: interval[0:00:10], next run at: 2026-05-01 15:19:44 UTC)" (scheduled at 2026-05-01 15:19:34.723931+00:00)
2026-05-01 20:49:34 [INFO] garden_cron: [2026-05-01 20:49:34] Cronjob triggered
2026-05-01 20:49:34 [INFO] services.garden_processor: No garden updates with status='Ready to Process' found.
2026-05-01 20:49:34 [INFO] garden_cron: Cronjob complete — 0 garden(s) processed.
2026-05-01 20:49:34 [INFO] apscheduler.executors.default: Job "Garden AI Processing (trigger: interval[0:00:10], next run at: 2026-05-01 15:19:44 UTC)" executed successfully
2026-05-01 20:49:44 [INFO] apscheduler.executors.default: Running job "Garden AI Processing (trigger: interval[0:00:10], next run at: 2026-05-01 15:19:54 UTC)" (scheduled at 2026-05-01 15:19:44.723931+00:00)
2026-05-01 20:49:44 [INFO] garden_cron: [2026-05-01 20:49:44] Cronjob triggered
2026-05-01 20:49:44 [INFO] services.garden_processor: No garden updates with status='Ready to Process' found.
2026-05-01 20:49:44 [INFO] garden_cron: Cronjob complete — 0 garden(s) processed.
2026-05-01 20:49:44 [INFO] apscheduler.executors.default: Job "Garden AI Processing (trigger: interval[0:00:10], next run at: 2026-05-01 15:19:54 UTC)" executed successfully
2026-05-01 20:49:54 [INFO] apscheduler.executors.default: Running job "Garden AI Processing (trigger: interval[0:00:10], next run at: 2026-05-01 15:20:04 UTC)" (scheduled at 2026-05-01 15:19:54.723931+00:00)
2026-05-01 20:49:54 [INFO] garden_cron: [2026-05-01 20:49:54] Cronjob triggered
2026-05-01 20:49:54 [INFO] services.garden_processor: No garden updates with status='Ready to Process' found.
2026-05-01 20:49:54 [INFO] garden_cron: Cronjob complete — 0 garden(s) processed.
2026-05-01 20:49:54 [INFO] apscheduler.executors.default: Job "Garden AI Processing (trigger: interval[0:00:10], next run at: 2026-05-01 15:20:04 UTC)" executed successfully
2026-05-01 20:50:04 [INFO] apscheduler.executors.default: Running job "Garden AI Processing (trigger: interval[0:00:10], next run at: 2026-05-01 15:20:14 UTC)" (scheduled at 2026-05-01 15:20:04.723931+00:00)
2026-05-01 20:50:04 [INFO] garden_cron: [2026-05-01 20:50:04] Cronjob triggered
2026-05-01 20:50:04 [INFO] services.garden_processor: No garden updates with status='Ready to Process' found.
2026-05-01 20:50:04 [INFO] garden_cron: Cronjob complete — 0 garden(s) processed.
2026-05-01 20:50:04 [INFO] apscheduler.executors.default: Job "Garden AI Processing (trigger: interval[0:00:10], next run at: 2026-05-01 15:20:14 UTC)" executed successfully
2026-05-01 20:50:14 [INFO] apscheduler.executors.default: Running job "Garden AI Processing (trigger: interval[0:00:10], next run at: 2026-05-01 15:20:24 UTC)" (scheduled at 2026-05-01 15:20:14.723931+00:00)
2026-05-01 20:50:14 [INFO] garden_cron: [2026-05-01 20:50:14] Cronjob triggered
2026-05-01 20:50:14 [INFO] services.garden_processor: No garden updates with status='Ready to Process' found.
2026-05-01 20:50:14 [INFO] garden_cron: Cronjob complete — 0 garden(s) processed.
2026-05-01 20:50:14 [INFO] apscheduler.executors.default: Job "Garden AI Processing (trigger: interval[0:00:10], next run at: 2026-05-01 15:20:24 UTC)" executed successfully
2026-05-01 20:50:24 [INFO] apscheduler.executors.default: Running job "Garden AI Processing (trigger: interval[0:00:10], next run at: 2026-05-01 15:20:34 UTC)" (scheduled at 2026-05-01 15:20:24.723931+00:00)
2026-05-01 20:50:24 [INFO] garden_cron: [2026-05-01 20:50:24] Cronjob triggered
2026-05-01 20:50:24 [INFO] services.garden_processor: No garden updates with status='Ready to Process' found.
2026-05-01 20:50:24 [INFO] garden_cron: Cronjob complete — 0 garden(s) processed.
2026-05-01 20:50:24 [INFO] apscheduler.executors.default: Job "Garden AI Processing (trigger: interval[0:00:10], next run at: 2026-05-01 15:20:34 UTC)" executed successfully
2026-05-01 20:50:34 [INFO] apscheduler.executors.default: Running job "Garden AI Processing (trigger: interval[0:00:10], next run at: 2026-05-01 15:20:44 UTC)" (scheduled at 2026-05-01 15:20:34.723931+00:00)
2026-05-01 20:50:34 [INFO] garden_cron: [2026-05-01 20:50:34] Cronjob triggered
2026-05-01 20:50:34 [INFO] services.garden_processor: No garden updates with status='Ready to Process' found.
2026-05-01 20:50:34 [INFO] garden_cron: Cronjob complete — 0 garden(s) processed.
2026-05-01 20:50:34 [INFO] apscheduler.executors.default: Job "Garden AI Processing (trigger: interval[0:00:10], next run at: 2026-05-01 15:20:44 UTC)" executed successfully
2026-05-01 20:50:44 [INFO] apscheduler.executors.default: Running job "Garden AI Processing (trigger: interval[0:00:10], next run at: 2026-05-01 15:20:54 UTC)" (scheduled at 2026-05-01 15:20:44.723931+00:00)
2026-05-01 20:50:44 [INFO] garden_cron: [2026-05-01 20:50:44] Cronjob triggered
2026-05-01 20:50:44 [INFO] services.garden_processor: No garden updates with status='Ready to Process' found.
2026-05-01 20:50:44 [INFO] garden_cron: Cronjob complete — 0 garden(s) processed.
2026-05-01 20:50:44 [INFO] apscheduler.executors.default: Job "Garden AI Processing (trigger: interval[0:00:10], next run at: 2026-05-01 15:20:54 UTC)" executed successfully
2026-05-01 20:50:54 [INFO] apscheduler.executors.default: Running job "Garden AI Processing (trigger: interval[0:00:10], next run at: 2026-05-01 15:21:04 UTC)" (scheduled at 2026-05-01 15:20:54.723931+00:00)
2026-05-01 20:50:54 [INFO] garden_cron: [2026-05-01 20:50:54] Cronjob triggered
2026-05-01 20:50:54 [INFO] services.garden_processor: No garden updates with status='Ready to Process' found.
2026-05-01 20:50:54 [INFO] garden_cron: Cronjob complete — 0 garden(s) processed.
2026-05-01 20:50:54 [INFO] apscheduler.executors.default: Job "Garden AI Processing (trigger: interval[0:00:10], next run at: 2026-05-01 15:21:04 UTC)" executed successfully
2026-05-01 20:51:04 [INFO] apscheduler.executors.default: Running job "Garden AI Processing (trigger: interval[0:00:10], next run at: 2026-05-01 15:21:14 UTC)" (scheduled at 2026-05-01 15:21:04.723931+00:00)
2026-05-01 20:51:04 [INFO] garden_cron: [2026-05-01 20:51:04] Cronjob triggered
2026-05-01 20:51:04 [INFO] services.garden_processor: No garden updates with status='Ready to Process' found.
2026-05-01 20:51:04 [INFO] garden_cron: Cronjob complete — 0 garden(s) processed.
2026-05-01 20:51:04 [INFO] apscheduler.executors.default: Job "Garden AI Processing (trigger: interval[0:00:10], next run at: 2026-05-01 15:21:14 UTC)" executed successfully
2026-05-01 20:51:14 [INFO] apscheduler.executors.default: Running job "Garden AI Processing (trigger: interval[0:00:10], next run at: 2026-05-01 15:21:24 UTC)" (scheduled at 2026-05-01 15:21:14.723931+00:00)
2026-05-01 20:51:14 [INFO] garden_cron: [2026-05-01 20:51:14] Cronjob triggered
2026-05-01 20:51:14 [INFO] services.garden_processor: No garden updates with status='Ready to Process' found.
2026-05-01 20:51:14 [INFO] garden_cron: Cronjob complete — 0 garden(s) processed.
2026-05-01 20:51:14 [INFO] apscheduler.executors.default: Job "Garden AI Processing (trigger: interval[0:00:10], next run at: 2026-05-01 15:21:24 UTC)" executed successfully
2026-05-01 20:51:24 [INFO] apscheduler.executors.default: Running job "Garden AI Processing (trigger: interval[0:00:10], next run at: 2026-05-01 15:21:34 UTC)" (scheduled at 2026-05-01 15:21:24.723931+00:00)
2026-05-01 20:51:24 [INFO] garden_cron: [2026-05-01 20:51:24] Cronjob triggered
2026-05-01 20:51:24 [INFO] services.garden_processor: No garden updates with status='Ready to Process' found.
2026-05-01 20:51:24 [INFO] garden_cron: Cronjob complete — 0 garden(s) processed.
2026-05-01 20:51:24 [INFO] apscheduler.executors.default: Job "Garden AI Processing (trigger: interval[0:00:10], next run at: 2026-05-01 15:21:34 UTC)" executed successfully
2026-05-01 20:51:34 [INFO] apscheduler.executors.default: Running job "Garden AI Processing (trigger: interval[0:00:10], next run at: 2026-05-01 15:21:44 UTC)" (scheduled at 2026-05-01 15:21:34.723931+00:00)
2026-05-01 20:51:34 [INFO] garden_cron: [2026-05-01 20:51:34] Cronjob triggered
2026-05-01 20:51:34 [INFO] services.garden_processor: No garden updates with status='Ready to Process' found.
2026-05-01 20:51:34 [INFO] garden_cron: Cronjob complete — 0 garden(s) processed.
2026-05-01 20:51:34 [INFO] apscheduler.executors.default: Job "Garden AI Processing (trigger: interval[0:00:10], next run at: 2026-05-01 15:21:44 UTC)" executed successfully
2026-05-01 20:51:44 [INFO] apscheduler.executors.default: Running job "Garden AI Processing (trigger: interval[0:00:10], next run at: 2026-05-01 15:21:54 UTC)" (scheduled at 2026-05-01 15:21:44.723931+00:00)
2026-05-01 20:51:44 [INFO] garden_cron: [2026-05-01 20:51:44] Cronjob triggered
2026-05-01 20:51:44 [INFO] services.garden_processor: No garden updates with status='Ready to Process' found.
2026-05-01 20:51:44 [INFO] garden_cron: Cronjob complete — 0 garden(s) processed.
2026-05-01 20:51:44 [INFO] apscheduler.executors.default: Job "Garden AI Processing (trigger: interval[0:00:10], next run at: 2026-05-01 15:21:54 UTC)" executed successfully
2026-05-01 20:51:54 [INFO] apscheduler.executors.default: Running job "Garden AI Processing (trigger: interval[0:00:10], next run at: 2026-05-01 15:22:04 UTC)" (scheduled at 2026-05-01 15:21:54.723931+00:00)
2026-05-01 20:51:54 [INFO] garden_cron: [2026-05-01 20:51:54] Cronjob triggered
2026-05-01 20:51:54 [INFO] services.garden_processor: No garden updates with status='Ready to Process' found.
2026-05-01 20:51:54 [INFO] garden_cron: Cronjob complete — 0 garden(s) processed.
2026-05-01 20:51:54 [INFO] apscheduler.executors.default: Job "Garden AI Processing (trigger: interval[0:00:10], next run at: 2026-05-01 15:22:04 UTC)" executed successfully
2026-05-01 20:52:04 [INFO] apscheduler.executors.default: Running job "Garden AI Processing (trigger: interval[0:00:10], next run at: 2026-05-01 15:22:14 UTC)" (scheduled at 2026-05-01 15:22:04.723931+00:00)
2026-05-01 20:52:04 [INFO] garden_cron: [2026-05-01 20:52:04] Cronjob triggered
2026-05-01 20:52:04 [INFO] services.garden_processor: No garden updates with status='Ready to Process' found.
2026-05-01 20:52:04 [INFO] garden_cron: Cronjob complete — 0 garden(s) processed.
2026-05-01 20:52:04 [INFO] apscheduler.executors.default: Job "Garden AI Processing (trigger: interval[0:00:10], next run at: 2026-05-01 15:22:14 UTC)" executed successfully
2026-05-01 20:52:14 [INFO] apscheduler.executors.default: Running job "Garden AI Processing (trigger: interval[0:00:10], next run at: 2026-05-01 15:22:24 UTC)" (scheduled at 2026-05-01 15:22:14.723931+00:00)
2026-05-01 20:52:14 [INFO] garden_cron: [2026-05-01 20:52:14] Cronjob triggered
2026-05-01 20:52:14 [INFO] services.garden_processor: No garden updates with status='Ready to Process' found.
2026-05-01 20:52:14 [INFO] garden_cron: Cronjob complete — 0 garden(s) processed.
2026-05-01 20:52:14 [INFO] apscheduler.executors.default: Job "Garden AI Processing (trigger: interval[0:00:10], next run at: 2026-05-01 15:22:24 UTC)" executed successfully
2026-05-01 20:52:24 [INFO] apscheduler.executors.default: Running job "Garden AI Processing (trigger: interval[0:00:10], next run at: 2026-05-01 15:22:34 UTC)" (scheduled at 2026-05-01 15:22:24.723931+00:00)
2026-05-01 20:52:24 [INFO] garden_cron: [2026-05-01 20:52:24] Cronjob triggered
2026-05-01 20:52:24 [INFO] services.garden_processor: No garden updates with status='Ready to Process' found.
2026-05-01 20:52:24 [INFO] garden_cron: Cronjob complete — 0 garden(s) processed.
2026-05-01 20:52:24 [INFO] apscheduler.executors.default: Job "Garden AI Processing (trigger: interval[0:00:10], next run at: 2026-05-01 15:22:34 UTC)" executed successfully
2026-05-01 20:52:34 [INFO] apscheduler.executors.default: Running job "Garden AI Processing (trigger: interval[0:00:10], next run at: 2026-05-01 15:22:44 UTC)" (scheduled at 2026-05-01 15:22:34.723931+00:00)
2026-05-01 20:52:34 [INFO] garden_cron: [2026-05-01 20:52:34] Cronjob triggered
2026-05-01 20:52:34 [INFO] services.garden_processor: No garden updates with status='Ready to Process' found.
2026-05-01 20:52:34 [INFO] garden_cron: Cronjob complete — 0 garden(s) processed.
2026-05-01 20:52:34 [INFO] apscheduler.executors.default: Job "Garden AI Processing (trigger: interval[0:00:10], next run at: 2026-05-01 15:22:44 UTC)" executed successfully
2026-05-01 20:52:44 [INFO] apscheduler.executors.default: Running job "Garden AI Processing (trigger: interval[0:00:10], next run at: 2026-05-01 15:22:54 UTC)" (scheduled at 2026-05-01 15:22:44.723931+00:00)
2026-05-01 20:52:44 [INFO] garden_cron: [2026-05-01 20:52:44] Cronjob triggered
2026-05-01 20:52:44 [INFO] services.garden_processor: No garden updates with status='Ready to Process' found.
2026-05-01 20:52:44 [INFO] garden_cron: Cronjob complete — 0 garden(s) processed.
2026-05-01 20:52:44 [INFO] apscheduler.executors.default: Job "Garden AI Processing (trigger: interval[0:00:10], next run at: 2026-05-01 15:22:54 UTC)" executed successfully
2026-05-01 20:52:54 [INFO] apscheduler.executors.default: Running job "Garden AI Processing (trigger: interval[0:00:10], next run at: 2026-05-01 15:23:04 UTC)" (scheduled at 2026-05-01 15:22:54.723931+00:00)
2026-05-01 20:52:54 [INFO] garden_cron: [2026-05-01 20:52:54] Cronjob triggered
2026-05-01 20:52:54 [INFO] services.garden_processor: No garden updates with status='Ready to Process' found.
2026-05-01 20:52:54 [INFO] garden_cron: Cronjob complete — 0 garden(s) processed.
2026-05-01 20:52:54 [INFO] apscheduler.executors.default: Job "Garden AI Processing (trigger: interval[0:00:10], next run at: 2026-05-01 15:23:04 UTC)" executed successfully
2026-05-01 20:53:04 [INFO] apscheduler.executors.default: Running job "Garden AI Processing (trigger: interval[0:00:10], next run at: 2026-05-01 15:23:14 UTC)" (scheduled at 2026-05-01 15:23:04.723931+00:00)
2026-05-01 20:53:04 [INFO] garden_cron: [2026-05-01 20:53:04] Cronjob triggered
2026-05-01 20:53:04 [INFO] services.garden_processor: No garden updates with status='Ready to Process' found.
2026-05-01 20:53:04 [INFO] garden_cron: Cronjob complete — 0 garden(s) processed.
2026-05-01 20:53:04 [INFO] apscheduler.executors.default: Job "Garden AI Processing (trigger: interval[0:00:10], next run at: 2026-05-01 15:23:14 UTC)" executed successfully
